target_dataset,feature_set,model,scenario,calibration_method,conformal_method,confidence_level,class_0_target_confidence,class_1_target_confidence,gate_validation_coverage,gate_validation_class_0_coverage,gate_validation_class_1_coverage,gate_validation_class_gap,gate_validation_set_size,gate_validation_clinical_cost,gate_validation_referral_rate,multi_objective_score,selected_source_weight,marginal_coverage,class_0_conditional_coverage,class_1_conditional_coverage,class_coverage_gap_abs,average_prediction_set_size,referral_rate,clinical_cost
NHANES,model_a_screening,Logistic Regression,naive_transfer,uncalibrated,dp_shift_atcp,0.8,0.75,0.8,0.8150087260034904,0.7966101694915254,0.900990099009901,0.1043799295183756,1.2617801047120418,0.7783595113438045,0.2617801047120419,1.6302173637365511,0.0004756427040720772,0.7591623036649214,0.7457627118644068,0.8217821782178217,0.07601946635341494,1.1675392670157068,0.16753926701570682,0.7015706806282722
NHANES,model_a_screening,Logistic Regression,naive_transfer,uncalibrated,multi_objective_dp_shift_atcp,0.8,0.75,0.8,0.8150087260034904,0.7966101694915254,0.900990099009901,0.1043799295183756,1.2617801047120418,0.7783595113438045,0.2617801047120419,1.6302173637365511,0.0004756427040720772,0.7591623036649214,0.7457627118644068,0.8217821782178217,0.07601946635341494,1.1675392670157068,0.16753926701570682,0.7015706806282722
NHANES,model_a_screening,Logistic Regression,naive_transfer,uncalibrated,dp_shift_atcp,0.85,0.7999999999999999,0.85,0.849912739965096,0.8220338983050848,0.9801980198019802,0.1581641214968954,1.4136125654450262,0.9912739965095986,0.41361256544502617,1.8642095330306834,0.0004756427040720772,0.7949389179755671,0.7817796610169492,0.8564356435643564,0.07465598254740724,1.2609075043630018,0.26090750436300175,0.8280977312390925
NHANES,model_a_screening,Logistic Regression,naive_transfer,uncalibrated,multi_objective_dp_shift_atcp,0.85,0.7999999999999999,0.85,0.849912739965096,0.8220338983050848,0.9801980198019802,0.1581641214968954,1.4136125654450262,0.9912739965095986,0.41361256544502617,1.8642095330306834,0.0004756427040720772,0.837696335078534,0.8040254237288136,0.995049504950495,0.19102408122168146,1.5977312390924956,0.5977312390924956,1.361256544502618
NHANES,model_a_screening,Logistic Regression,naive_transfer,uncalibrated,dp_shift_atcp,0.9,0.85,0.9,0.900523560209424,0.8834745762711864,0.9801980198019802,0.09672344353079376,1.5095986038394416,1.1326352530541013,0.5095986038394416,1.9216994759419146,0.0004756427040720772,0.8551483420593369,0.836864406779661,0.9405940594059405,0.10372965262627953,1.4144851657940662,0.4144851657940663,1.0157068062827226
NHANES,model_a_screening,Logistic Regression,naive_transfer,uncalibrated,multi_objective_dp_shift_atcp,0.9,0.85,0.9,0.900523560209424,0.8834745762711864,0.9801980198019802,0.09672344353079376,1.5095986038394416,1.1326352530541013,0.5095986038394416,1.9216994759419146,0.0004756427040720772,0.8551483420593369,0.836864406779661,0.9405940594059405,0.10372965262627953,1.4144851657940662,0.4144851657940663,1.0157068062827226
NHANES,model_a_screening,Logistic Regression,naive_transfer,uncalibrated,dp_shift_atcp,0.92,0.87,0.92,0.912739965095986,0.8961864406779662,0.9900990099009901,0.09391256922302393,1.568935427574171,1.2321116928446771,0.568935427574171,2.0483732168362816,0.0004756427040720772,0.8760907504363001,0.8591101694915254,0.9554455445544554,0.09633537506293,1.456369982547993,0.456369982547993,1.068062827225131
NHANES,model_a_screening,Logistic Regression,naive_transfer,uncalibrated,multi_objective_dp_shift_atcp,0.92,0.87,0.92,0.912739965095986,0.8961864406779662,0.9900990099009901,0.09391256922302393,1.568935427574171,1.2321116928446771,0.568935427574171,2.0483732168362816,0.0004756427040720772,0.9214659685863874,0.9046610169491526,1.0,0.09533898305084743,1.7818499127399652,0.7818499127399651,1.6422338568935428
NHANES,model_a_screening,Logistic Regression,naive_transfer,uncalibrated,dp_shift_atcp,0.95,0.9199999999999999,0.95,0.9598603839441536,0.951271186440678,1.0,0.048728813559322015,1.7347294938917976,1.5095986038394416,0.7347294938917975,2.2649780370929102,0.0004756427040720772,0.9293193717277487,0.9194915254237288,0.9752475247524752,0.05575599932874642,1.5863874345549738,0.5863874345549738,1.2609075043630018
NHANES,model_a_screening,Logistic Regression,naive_transfer,uncalibrated,multi_objective_dp_shift_atcp,0.95,0.9199999999999999,0.95,0.9598603839441536,0.951271186440678,1.0,0.048728813559322015,1.7347294938917976,1.5095986038394416,0.7347294938917975,2.2649780370929102,0.0004756427040720772,0.9293193717277487,0.9194915254237288,0.9752475247524752,0.05575599932874642,1.5863874345549738,0.5863874345549738,1.2609075043630018
NHANES,model_a_screening,Logistic Regression,label_shift_adjusted,label_shift,dp_shift_atcp,0.8,0.75,0.8,0.8150087260034904,0.7966101694915254,0.900990099009901,0.1043799295183756,1.2617801047120418,0.7783595113438045,0.2617801047120419,1.6302173637365511,0.0004756427040720772,0.7591623036649214,0.7457627118644068,0.8217821782178217,0.07601946635341494,1.1675392670157068,0.16753926701570682,0.7015706806282722
NHANES,model_a_screening,Logistic Regression,label_shift_adjusted,label_shift,multi_objective_dp_shift_atcp,0.8,0.75,0.8,0.8150087260034904,0.7966101694915254,0.900990099009901,0.1043799295183756,1.2617801047120418,0.7783595113438045,0.2617801047120419,1.6302173637365511,0.0004756427040720772,0.7591623036649214,0.7457627118644068,0.8217821782178217,0.07601946635341494,1.1675392670157068,0.16753926701570682,0.7015706806282722
NHANES,model_a_screening,Logistic Regression,label_shift_adjusted,label_shift,dp_shift_atcp,0.85,0.7999999999999999,0.85,0.849912739965096,0.8220338983050848,0.9801980198019802,0.1581641214968954,1.4136125654450262,0.9912739965095986,0.41361256544502617,1.8642095330306834,0.0004756427040720772,0.7949389179755671,0.7817796610169492,0.8564356435643564,0.07465598254740724,1.2609075043630018,0.26090750436300175,0.8280977312390925
NHANES,model_a_screening,Logistic Regression,label_shift_adjusted,label_shift,multi_objective_dp_shift_atcp,0.85,0.7999999999999999,0.85,0.849912739965096,0.8220338983050848,0.9801980198019802,0.1581641214968954,1.4136125654450262,0.9912739965095986,0.41361256544502617,1.8642095330306834,0.0004756427040720772,0.8368237347294939,0.801906779661017,1.0,0.19809322033898302,1.7460732984293195,0.7460732984293194,1.655322862129145
NHANES,model_a_screening,Logistic Regression,label_shift_adjusted,label_shift,dp_shift_atcp,0.9,0.85,0.9,0.900523560209424,0.8834745762711864,0.9801980198019802,0.09672344353079376,1.5095986038394416,1.1326352530541013,0.5095986038394416,1.9216994759419146,0.0004756427040720772,0.8551483420593369,0.836864406779661,0.9405940594059405,0.10372965262627953,1.4144851657940662,0.4144851657940663,1.0157068062827226
NHANES,model_a_screening,Logistic Regression,label_shift_adjusted,label_shift,multi_objective_dp_shift_atcp,0.9,0.85,0.9,0.900523560209424,0.8834745762711864,0.9801980198019802,0.09672344353079376,1.5095986038394416,1.1326352530541013,0.5095986038394416,1.9216994759419146,0.0004756427040720772,0.8551483420593369,0.836864406779661,0.9405940594059405,0.10372965262627953,1.4144851657940662,0.4144851657940663,1.0157068062827226
NHANES,model_a_screening,Logistic Regression,label_shift_adjusted,label_shift,dp_shift_atcp,0.92,0.87,0.92,0.912739965095986,0.8961864406779662,0.9900990099009901,0.09391256922302393,1.568935427574171,1.2321116928446771,0.568935427574171,2.0483732168362816,0.0004756427040720772,0.8760907504363001,0.8591101694915254,0.9554455445544554,0.09633537506293,1.456369982547993,0.456369982547993,1.068062827225131
NHANES,model_a_screening,Logistic Regression,label_shift_adjusted,label_shift,multi_objective_dp_shift_atcp,0.92,0.87,0.92,0.912739965095986,0.8961864406779662,0.9900990099009901,0.09391256922302393,1.568935427574171,1.2321116928446771,0.568935427574171,2.0483732168362816,0.0004756427040720772,0.9214659685863874,0.9046610169491526,1.0,0.09533898305084743,1.8656195462478184,0.8656195462478184,1.8097731239092496
NHANES,model_a_screening,Logistic Regression,label_shift_adjusted,label_shift,dp_shift_atcp,0.95,0.9199999999999999,0.95,0.9598603839441536,0.951271186440678,1.0,0.048728813559322015,1.7347294938917976,1.5095986038394416,0.7347294938917975,2.2649780370929102,0.0004756427040720772,0.9293193717277487,0.9194915254237288,0.9752475247524752,0.05575599932874642,1.5863874345549738,0.5863874345549738,1.2609075043630018
NHANES,model_a_screening,Logistic Regression,label_shift_adjusted,label_shift,multi_objective_dp_shift_atcp,0.95,0.9199999999999999,0.95,0.9598603839441536,0.951271186440678,1.0,0.048728813559322015,1.7347294938917976,1.5095986038394416,0.7347294938917975,2.2649780370929102,0.0004756427040720772,0.9293193717277487,0.9194915254237288,0.9752475247524752,0.05575599932874642,1.5863874345549738,0.5863874345549738,1.2609075043630018
NHANES,model_a_screening,Logistic Regression,fixed_recalibration_source_selected,beta,dp_shift_atcp,0.8,0.75,0.8,0.8150087260034904,0.7966101694915254,0.900990099009901,0.1043799295183756,1.2617801047120418,0.7783595113438045,0.2617801047120419,1.6302173637365511,0.0004756427040720772,0.7591623036649214,0.7457627118644068,0.8217821782178217,0.07601946635341494,1.1675392670157068,0.16753926701570682,0.7015706806282722
NHANES,model_a_screening,Logistic Regression,fixed_recalibration_source_selected,beta,multi_objective_dp_shift_atcp,0.8,0.75,0.8,0.8150087260034904,0.7966101694915254,0.900990099009901,0.1043799295183756,1.2617801047120418,0.7783595113438045,0.2617801047120419,1.6302173637365511,0.0004756427040720772,0.7591623036649214,0.7457627118644068,0.8217821782178217,0.07601946635341494,1.1675392670157068,0.16753926701570682,0.7015706806282722
NHANES,model_a_screening,Logistic Regression,fixed_recalibration_source_selected,beta,dp_shift_atcp,0.85,0.7999999999999999,0.85,0.849912739965096,0.8220338983050848,0.9801980198019802,0.1581641214968954,1.4136125654450262,0.9912739965095986,0.41361256544502617,1.8642095330306834,0.0004756427040720772,0.7949389179755671,0.7817796610169492,0.8564356435643564,0.07465598254740724,1.2609075043630018,0.26090750436300175,0.8280977312390925
NHANES,model_a_screening,Logistic Regression,fixed_recalibration_source_selected,beta,multi_objective_dp_shift_atcp,0.85,0.7999999999999999,0.85,0.849912739965096,0.8220338983050848,0.9801980198019802,0.1581641214968954,1.4136125654450262,0.9912739965095986,0.41361256544502617,1.8642095330306834,0.0004756427040720772,0.8507853403141361,1.0,0.15346534653465346,0.8465346534653465,1.0558464223385688,0.055846422338568937,0.8577661431064573
NHANES,model_a_screening,Logistic Regression,fixed_recalibration_source_selected,beta,dp_shift_atcp,0.9,0.85,0.9,0.900523560209424,0.8834745762711864,0.9801980198019802,0.09672344353079376,1.5095986038394416,1.1326352530541013,0.5095986038394416,1.9216994759419146,0.0004756427040720772,0.8551483420593369,0.836864406779661,0.9405940594059405,0.10372965262627953,1.4144851657940662,0.4144851657940663,1.0157068062827226
NHANES,model_a_screening,Logistic Regression,fixed_recalibration_source_selected,beta,multi_objective_dp_shift_atcp,0.9,0.85,0.9,0.900523560209424,0.8834745762711864,0.9801980198019802,0.09672344353079376,1.5095986038394416,1.1326352530541013,0.5095986038394416,1.9216994759419146,0.0004756427040720772,0.8551483420593369,0.836864406779661,0.9405940594059405,0.10372965262627953,1.4144851657940662,0.4144851657940663,1.0157068062827226
NHANES,model_a_screening,Logistic Regression,fixed_recalibration_source_selected,beta,dp_shift_atcp,0.92,0.87,0.92,0.9179755671902269,0.902542372881356,0.9900990099009901,0.08755663701963412,1.5759162303664922,1.2408376963350785,0.5759162303664922,2.0226089520390502,0.0004756427040720772,0.8760907504363001,0.8591101694915254,0.9554455445544554,0.09633537506293,1.456369982547993,0.456369982547993,1.068062827225131
NHANES,model_a_screening,Logistic Regression,fixed_recalibration_source_selected,beta,multi_objective_dp_shift_atcp,0.92,0.87,0.92,0.9179755671902269,0.902542372881356,0.9900990099009901,0.08755663701963412,1.5759162303664922,1.2408376963350785,0.5759162303664922,2.0226089520390502,0.0004756427040720772,0.9336823734729494,1.0,0.6237623762376238,0.37623762376237624,1.3115183246073299,0.31151832460732987,0.9546247818499127
NHANES,model_a_screening,Logistic Regression,fixed_recalibration_source_selected,beta,dp_shift_atcp,0.95,0.9199999999999999,0.95,0.9598603839441536,0.951271186440678,1.0,0.048728813559322015,1.7347294938917976,1.5095986038394416,0.7347294938917975,2.2649780370929102,0.0004756427040720772,0.9293193717277487,0.9194915254237288,0.9752475247524752,0.05575599932874642,1.5863874345549738,0.5863874345549738,1.2609075043630018
NHANES,model_a_screening,Logistic Regression,fixed_recalibration_source_selected,beta,multi_objective_dp_shift_atcp,0.95,0.9199999999999999,0.95,0.9598603839441536,0.951271186440678,1.0,0.048728813559322015,1.7347294938917976,1.5095986038394416,0.7347294938917975,2.2649780370929102,0.0004756427040720772,0.9293193717277487,0.9194915254237288,0.9752475247524752,0.05575599932874642,1.5863874345549738,0.5863874345549738,1.2609075043630018
NHANES,model_a_screening,Logistic Regression,adaptive_calibration_target_selected,beta,dp_shift_atcp,0.8,0.75,0.8,0.8150087260034904,0.7966101694915254,0.900990099009901,0.1043799295183756,1.2617801047120418,0.7783595113438045,0.2617801047120419,1.6302173637365511,0.0004756427040720772,0.7591623036649214,0.7457627118644068,0.8217821782178217,0.07601946635341494,1.1675392670157068,0.16753926701570682,0.7015706806282722
NHANES,model_a_screening,Logistic Regression,adaptive_calibration_target_selected,beta,multi_objective_dp_shift_atcp,0.8,0.75,0.8,0.8150087260034904,0.7966101694915254,0.900990099009901,0.1043799295183756,1.2617801047120418,0.7783595113438045,0.2617801047120419,1.6302173637365511,0.0004756427040720772,0.7591623036649214,0.7457627118644068,0.8217821782178217,0.07601946635341494,1.1675392670157068,0.16753926701570682,0.7015706806282722
NHANES,model_a_screening,Logistic Regression,adaptive_calibration_target_selected,beta,dp_shift_atcp,0.85,0.7999999999999999,0.85,0.849912739965096,0.8220338983050848,0.9801980198019802,0.1581641214968954,1.4136125654450262,0.9912739965095986,0.41361256544502617,1.8642095330306834,0.0004756427040720772,0.7949389179755671,0.7817796610169492,0.8564356435643564,0.07465598254740724,1.2609075043630018,0.26090750436300175,0.8280977312390925
NHANES,model_a_screening,Logistic Regression,adaptive_calibration_target_selected,beta,multi_objective_dp_shift_atcp,0.85,0.7999999999999999,0.85,0.849912739965096,0.8220338983050848,0.9801980198019802,0.1581641214968954,1.4136125654450262,0.9912739965095986,0.41361256544502617,1.8642095330306834,0.0004756427040720772,0.8507853403141361,1.0,0.15346534653465346,0.8465346534653465,1.0558464223385688,0.055846422338568937,0.8577661431064573
NHANES,model_a_screening,Logistic Regression,adaptive_calibration_target_selected,beta,dp_shift_atcp,0.9,0.85,0.9,0.900523560209424,0.8834745762711864,0.9801980198019802,0.09672344353079376,1.5095986038394416,1.1326352530541013,0.5095986038394416,1.9216994759419146,0.0004756427040720772,0.8551483420593369,0.836864406779661,0.9405940594059405,0.10372965262627953,1.4144851657940662,0.4144851657940663,1.0157068062827226
NHANES,model_a_screening,Logistic Regression,adaptive_calibration_target_selected,beta,multi_objective_dp_shift_atcp,0.9,0.85,0.9,0.900523560209424,0.8834745762711864,0.9801980198019802,0.09672344353079376,1.5095986038394416,1.1326352530541013,0.5095986038394416,1.9216994759419146,0.0004756427040720772,0.8551483420593369,0.836864406779661,0.9405940594059405,0.10372965262627953,1.4144851657940662,0.4144851657940663,1.0157068062827226
NHANES,model_a_screening,Logistic Regression,adaptive_calibration_target_selected,beta,dp_shift_atcp,0.92,0.87,0.92,0.9179755671902269,0.902542372881356,0.9900990099009901,0.08755663701963412,1.5759162303664922,1.2408376963350785,0.5759162303664922,2.0226089520390502,0.0004756427040720772,0.8760907504363001,0.8591101694915254,0.9554455445544554,0.09633537506293,1.456369982547993,0.456369982547993,1.068062827225131
NHANES,model_a_screening,Logistic Regression,adaptive_calibration_target_selected,beta,multi_objective_dp_shift_atcp,0.92,0.87,0.92,0.9179755671902269,0.902542372881356,0.9900990099009901,0.08755663701963412,1.5759162303664922,1.2408376963350785,0.5759162303664922,2.0226089520390502,0.0004756427040720772,0.9336823734729494,1.0,0.6237623762376238,0.37623762376237624,1.3115183246073299,0.31151832460732987,0.9546247818499127
NHANES,model_a_screening,Logistic Regression,adaptive_calibration_target_selected,beta,dp_shift_atcp,0.95,0.9199999999999999,0.95,0.9598603839441536,0.951271186440678,1.0,0.048728813559322015,1.7347294938917976,1.5095986038394416,0.7347294938917975,2.2649780370929102,0.0004756427040720772,0.9293193717277487,0.9194915254237288,0.9752475247524752,0.05575599932874642,1.5863874345549738,0.5863874345549738,1.2609075043630018
NHANES,model_a_screening,Logistic Regression,adaptive_calibration_target_selected,beta,multi_objective_dp_shift_atcp,0.95,0.9199999999999999,0.95,0.9598603839441536,0.951271186440678,1.0,0.048728813559322015,1.7347294938917976,1.5095986038394416,0.7347294938917975,2.2649780370929102,0.0004756427040720772,0.9293193717277487,0.9194915254237288,0.9752475247524752,0.05575599932874642,1.5863874345549738,0.5863874345549738,1.2609075043630018
Pima,model_a_screening,Logistic Regression,naive_transfer,uncalibrated,dp_shift_atcp,0.8,0.78,0.8,0.8020833333333334,0.784,0.835820895522388,0.051820895522388,1.28125,0.9895833333333334,0.28125,1.6079396766169156,0.0001636228412591333,0.7604166666666666,0.72,0.835820895522388,0.11582089552238806,1.2552083333333333,0.2552083333333333,0.9791666666666666
Pima,model_a_screening,Logistic Regression,naive_transfer,uncalibrated,multi_objective_dp_shift_atcp,0.8,0.78,0.8,0.8020833333333334,0.784,0.835820895522388,0.051820895522388,1.28125,0.9895833333333334,0.28125,1.6079396766169156,0.0001636228412591333,0.7604166666666666,0.72,0.835820895522388,0.11582089552238806,1.2552083333333333,0.2552083333333333,0.9791666666666666
Pima,model_a_screening,Logistic Regression,naive_transfer,uncalibrated,dp_shift_atcp,0.85,0.7999999999999999,0.85,0.8385416666666666,0.808,0.8955223880597015,0.08752238805970147,1.3697916666666667,1.046875,0.3697916666666667,1.8078460820895523,0.0001636228412591333,0.7760416666666666,0.736,0.8507462686567164,0.11474626865671644,1.3098958333333333,0.3098958333333333,1.0520833333333333
Pima,model_a_screening,Logistic Regression,naive_transfer,uncalibrated,multi_objective_dp_shift_atcp,0.85,0.7999999999999999,0.85,0.8385416666666666,0.808,0.8955223880597015,0.08752238805970147,1.3697916666666667,1.046875,0.3697916666666667,1.8078460820895523,0.0001636228412591333,0.8203125,0.832,0.7985074626865671,0.033492537313432824,1.3671875,0.3671875,1.1953125
Pima,model_a_screening,Logistic Regression,naive_transfer,uncalibrated,dp_shift_atcp,0.9,0.88,0.9,0.8958333333333334,0.896,0.8955223880597015,0.00047761194029849463,1.4947916666666667,1.2395833333333333,0.4947916666666667,1.846129975124378,0.0001636228412591333,0.8671875,0.832,0.9328358208955224,0.10083582089552245,1.484375,0.484375,1.1953125
Pima,model_a_screening,Logistic Regression,naive_transfer,uncalibrated,multi_objective_dp_shift_atcp,0.9,0.88,0.9,0.8958333333333334,0.896,0.8955223880597015,0.00047761194029849463,1.4947916666666667,1.2395833333333333,0.4947916666666667,1.846129975124378,0.0001636228412591333,0.8541666666666666,0.856,0.8507462686567164,0.005253731343283552,1.46875,0.46875,1.2916666666666667
Pima,model_a_screening,Logistic Regression,naive_transfer,uncalibrated,dp_shift_atcp,0.92,0.92,0.92,0.9114583333333334,0.912,0.9104477611940298,0.0015522388059702186,1.53125,1.2760416666666667,0.53125,1.9271620024875626,0.0001636228412591333,0.8854166666666666,0.852,0.9477611940298507,0.09576119402985073,1.5364583333333333,0.5364583333333334,1.2604166666666667
Pima,model_a_screening,Logistic Regression,naive_transfer,uncalibrated,multi_objective_dp_shift_atcp,0.92,0.92,0.92,0.9114583333333334,0.912,0.9104477611940298,0.0015522388059702186,1.53125,1.2760416666666667,0.53125,1.9271620024875626,0.0001636228412591333,0.9036458333333334,0.884,0.9402985074626866,0.05629850746268661,1.5729166666666667,0.5729166666666666,1.3255208333333333
Pima,model_a_screening,Logistic Regression,naive_transfer,uncalibrated,dp_shift_atcp,0.95,0.9199999999999999,0.95,0.9114583333333334,0.912,0.9104477611940298,0.0015522388059702186,1.5416666666666667,1.296875,0.5416666666666666,2.155912002487562,0.0001636228412591333,0.8958333333333334,0.852,0.9776119402985075,0.12561194029850753,1.5807291666666667,0.5807291666666666,1.296875
Pima,model_a_screening,Logistic Regression,naive_transfer,uncalibrated,multi_objective_dp_shift_atcp,0.95,0.9199999999999999,0.95,0.9114583333333334,0.912,0.9104477611940298,0.0015522388059702186,1.5416666666666667,1.296875,0.5416666666666666,2.155912002487562,0.0001636228412591333,0.9427083333333334,0.924,0.9776119402985075,0.053611940298507466,1.6848958333333333,0.6848958333333334,1.4583333333333333
Pima,model_a_screening,Logistic Regression,label_shift_adjusted,label_shift,dp_shift_atcp,0.8,0.78,0.8,0.8020833333333334,0.784,0.835820895522388,0.051820895522388,1.28125,0.9895833333333334,0.28125,1.6079396766169156,0.0001636228412591333,0.7604166666666666,0.72,0.835820895522388,0.11582089552238806,1.2552083333333333,0.2552083333333333,0.9791666666666666
Pima,model_a_screening,Logistic Regression,label_shift_adjusted,label_shift,multi_objective_dp_shift_atcp,0.8,0.78,0.8,0.8020833333333334,0.784,0.835820895522388,0.051820895522388,1.28125,0.9895833333333334,0.28125,1.6079396766169156,0.0001636228412591333,0.7604166666666666,0.72,0.835820895522388,0.11582089552238806,1.2552083333333333,0.2552083333333333,0.9791666666666666
Pima,model_a_screening,Logistic Regression,label_shift_adjusted,label_shift,dp_shift_atcp,0.85,0.7999999999999999,0.85,0.8385416666666666,0.808,0.8955223880597015,0.08752238805970147,1.3697916666666667,1.046875,0.3697916666666667,1.8078460820895523,0.0001636228412591333,0.7760416666666666,0.736,0.8507462686567164,0.11474626865671644,1.3098958333333333,0.3098958333333333,1.0520833333333333
Pima,model_a_screening,Logistic Regression,label_shift_adjusted,label_shift,multi_objective_dp_shift_atcp,0.85,0.7999999999999999,0.85,0.8385416666666666,0.808,0.8955223880597015,0.08752238805970147,1.3697916666666667,1.046875,0.3697916666666667,1.8078460820895523,0.0001636228412591333,0.8098958333333334,0.708,1.0,0.29200000000000004,1.6328125,0.6328125,1.4557291666666667
Pima,model_a_screening,Logistic Regression,label_shift_adjusted,label_shift,dp_shift_atcp,0.9,0.88,0.9,0.8958333333333334,0.896,0.8955223880597015,0.00047761194029849463,1.4947916666666667,1.2395833333333333,0.4947916666666667,1.846129975124378,0.0001636228412591333,0.8671875,0.832,0.9328358208955224,0.10083582089552245,1.484375,0.484375,1.1953125
Pima,model_a_screening,Logistic Regression,label_shift_adjusted,label_shift,multi_objective_dp_shift_atcp,0.9,0.88,0.9,0.8958333333333334,0.896,0.8955223880597015,0.00047761194029849463,1.4947916666666667,1.2395833333333333,0.4947916666666667,1.846129975124378,0.0001636228412591333,0.875,0.808,1.0,0.19199999999999995,1.7526041666666667,0.7526041666666666,1.6302083333333333
Pima,model_a_screening,Logistic Regression,label_shift_adjusted,label_shift,dp_shift_atcp,0.92,0.92,0.92,0.9114583333333334,0.912,0.9104477611940298,0.0015522388059702186,1.53125,1.2760416666666667,0.53125,1.9271620024875626,0.0001636228412591333,0.8854166666666666,0.852,0.9477611940298507,0.09576119402985073,1.5364583333333333,0.5364583333333334,1.2604166666666667
Pima,model_a_screening,Logistic Regression,label_shift_adjusted,label_shift,multi_objective_dp_shift_atcp,0.92,0.92,0.92,0.9114583333333334,0.912,0.9104477611940298,0.0015522388059702186,1.53125,1.2760416666666667,0.53125,1.9271620024875626,0.0001636228412591333,0.890625,0.832,1.0,0.16800000000000004,1.7786458333333333,0.7786458333333334,1.6666666666666667
Pima,model_a_screening,Logistic Regression,label_shift_adjusted,label_shift,dp_shift_atcp,0.95,0.9199999999999999,0.95,0.9114583333333334,0.912,0.9104477611940298,0.0015522388059702186,1.5416666666666667,1.296875,0.5416666666666666,2.155912002487562,0.0001636228412591333,0.8958333333333334,0.852,0.9776119402985075,0.12561194029850753,1.5807291666666667,0.5807291666666666,1.296875
Pima,model_a_screening,Logistic Regression,label_shift_adjusted,label_shift,multi_objective_dp_shift_atcp,0.95,0.9199999999999999,0.95,0.9114583333333334,0.912,0.9104477611940298,0.0015522388059702186,1.5416666666666667,1.296875,0.5416666666666666,2.155912002487562,0.0001636228412591333,0.9036458333333334,0.852,1.0,0.14800000000000002,1.8151041666666667,0.8151041666666666,1.7265625
Pima,model_a_screening,Logistic Regression,fixed_recalibration_source_selected,beta,dp_shift_atcp,0.8,0.78,0.8,0.8020833333333334,0.784,0.835820895522388,0.051820895522388,1.28125,0.9895833333333334,0.28125,1.6079396766169156,0.0001636228412591333,0.7604166666666666,0.72,0.835820895522388,0.11582089552238806,1.2552083333333333,0.2552083333333333,0.9791666666666666
Pima,model_a_screening,Logistic Regression,fixed_recalibration_source_selected,beta,multi_objective_dp_shift_atcp,0.8,0.78,0.8,0.8020833333333334,0.784,0.835820895522388,0.051820895522388,1.28125,0.9895833333333334,0.28125,1.6079396766169156,0.0001636228412591333,0.7604166666666666,0.72,0.835820895522388,0.11582089552238806,1.2552083333333333,0.2552083333333333,0.9791666666666666
Pima,model_a_screening,Logistic Regression,fixed_recalibration_source_selected,beta,dp_shift_atcp,0.85,0.7999999999999999,0.85,0.8385416666666666,0.808,0.8955223880597015,0.08752238805970147,1.3697916666666667,1.046875,0.3697916666666667,1.8078460820895523,0.0001636228412591333,0.7760416666666666,0.736,0.8507462686567164,0.11474626865671644,1.3098958333333333,0.3098958333333333,1.0520833333333333
Pima,model_a_screening,Logistic Regression,fixed_recalibration_source_selected,beta,multi_objective_dp_shift_atcp,0.85,0.7999999999999999,0.85,0.8385416666666666,0.808,0.8955223880597015,0.08752238805970147,1.3697916666666667,1.046875,0.3697916666666667,1.8078460820895523,0.0001636228412591333,0.8203125,0.928,0.6194029850746269,0.30859701492537317,1.3489583333333333,0.3489583333333333,1.4088541666666667
Pima,model_a_screening,Logistic Regression,fixed_recalibration_source_selected,beta,dp_shift_atcp,0.9,0.88,0.9,0.8958333333333334,0.896,0.8955223880597015,0.00047761194029849463,1.4947916666666667,1.2395833333333333,0.4947916666666667,1.846129975124378,0.0001636228412591333,0.8671875,0.832,0.9328358208955224,0.10083582089552245,1.484375,0.484375,1.1953125
Pima,model_a_screening,Logistic Regression,fixed_recalibration_source_selected,beta,multi_objective_dp_shift_atcp,0.9,0.88,0.9,0.8958333333333334,0.896,0.8955223880597015,0.00047761194029849463,1.4947916666666667,1.2395833333333333,0.4947916666666667,1.846129975124378,0.0001636228412591333,0.90625,0.972,0.7835820895522388,0.18841791044776113,1.5208333333333333,0.5208333333333334,1.4375
Pima,model_a_screening,Logistic Regression,fixed_recalibration_source_selected,beta,dp_shift_atcp,0.92,0.92,0.92,0.9114583333333334,0.912,0.9104477611940298,0.0015522388059702186,1.53125,1.2760416666666667,0.53125,1.9271620024875626,0.0001636228412591333,0.8854166666666666,0.852,0.9477611940298507,0.09576119402985073,1.5364583333333333,0.5364583333333334,1.2604166666666667
Pima,model_a_screening,Logistic Regression,fixed_recalibration_source_selected,beta,multi_objective_dp_shift_atcp,0.92,0.92,0.92,0.9114583333333334,0.912,0.9104477611940298,0.0015522388059702186,1.53125,1.2760416666666667,0.53125,1.9271620024875626,0.0001636228412591333,0.921875,0.984,0.8059701492537313,0.17802985074626865,1.5572916666666667,0.5572916666666666,1.4635416666666667
Pima,model_a_screening,Logistic Regression,fixed_recalibration_source_selected,beta,dp_shift_atcp,0.95,0.9199999999999999,0.95,0.9114583333333334,0.912,0.9104477611940298,0.0015522388059702186,1.5416666666666667,1.296875,0.5416666666666666,2.155912002487562,0.0001636228412591333,0.8958333333333334,0.852,0.9776119402985075,0.12561194029850753,1.5807291666666667,0.5807291666666666,1.296875
Pima,model_a_screening,Logistic Regression,fixed_recalibration_source_selected,beta,multi_objective_dp_shift_atcp,0.95,0.9199999999999999,0.95,0.9114583333333334,0.912,0.9104477611940298,0.0015522388059702186,1.5416666666666667,1.296875,0.5416666666666666,2.155912002487562,0.0001636228412591333,0.9557291666666666,0.992,0.8880597014925373,0.10394029850746267,1.6666666666666667,0.6666666666666666,1.5338541666666667
Pima,model_a_screening,Logistic Regression,adaptive_calibration_target_selected,beta,dp_shift_atcp,0.8,0.78,0.8,0.8020833333333334,0.784,0.835820895522388,0.051820895522388,1.28125,0.9895833333333334,0.28125,1.6079396766169156,0.0001636228412591333,0.7604166666666666,0.72,0.835820895522388,0.11582089552238806,1.2552083333333333,0.2552083333333333,0.9791666666666666
Pima,model_a_screening,Logistic Regression,adaptive_calibration_target_selected,beta,multi_objective_dp_shift_atcp,0.8,0.78,0.8,0.8020833333333334,0.784,0.835820895522388,0.051820895522388,1.28125,0.9895833333333334,0.28125,1.6079396766169156,0.0001636228412591333,0.7604166666666666,0.72,0.835820895522388,0.11582089552238806,1.2552083333333333,0.2552083333333333,0.9791666666666666
Pima,model_a_screening,Logistic Regression,adaptive_calibration_target_selected,beta,dp_shift_atcp,0.85,0.7999999999999999,0.85,0.8385416666666666,0.808,0.8955223880597015,0.08752238805970147,1.3697916666666667,1.046875,0.3697916666666667,1.8078460820895523,0.0001636228412591333,0.7760416666666666,0.736,0.8507462686567164,0.11474626865671644,1.3098958333333333,0.3098958333333333,1.0520833333333333
Pima,model_a_screening,Logistic Regression,adaptive_calibration_target_selected,beta,multi_objective_dp_shift_atcp,0.85,0.7999999999999999,0.85,0.8385416666666666,0.808,0.8955223880597015,0.08752238805970147,1.3697916666666667,1.046875,0.3697916666666667,1.8078460820895523,0.0001636228412591333,0.8203125,0.928,0.6194029850746269,0.30859701492537317,1.3489583333333333,0.3489583333333333,1.4088541666666667
Pima,model_a_screening,Logistic Regression,adaptive_calibration_target_selected,beta,dp_shift_atcp,0.9,0.88,0.9,0.8958333333333334,0.896,0.8955223880597015,0.00047761194029849463,1.4947916666666667,1.2395833333333333,0.4947916666666667,1.846129975124378,0.0001636228412591333,0.8671875,0.832,0.9328358208955224,0.10083582089552245,1.484375,0.484375,1.1953125
Pima,model_a_screening,Logistic Regression,adaptive_calibration_target_selected,beta,multi_objective_dp_shift_atcp,0.9,0.88,0.9,0.8958333333333334,0.896,0.8955223880597015,0.00047761194029849463,1.4947916666666667,1.2395833333333333,0.4947916666666667,1.846129975124378,0.0001636228412591333,0.90625,0.972,0.7835820895522388,0.18841791044776113,1.5208333333333333,0.5208333333333334,1.4375
Pima,model_a_screening,Logistic Regression,adaptive_calibration_target_selected,beta,dp_shift_atcp,0.92,0.92,0.92,0.9114583333333334,0.912,0.9104477611940298,0.0015522388059702186,1.53125,1.2760416666666667,0.53125,1.9271620024875626,0.0001636228412591333,0.8854166666666666,0.852,0.9477611940298507,0.09576119402985073,1.5364583333333333,0.5364583333333334,1.2604166666666667
Pima,model_a_screening,Logistic Regression,adaptive_calibration_target_selected,beta,multi_objective_dp_shift_atcp,0.92,0.92,0.92,0.9114583333333334,0.912,0.9104477611940298,0.0015522388059702186,1.53125,1.2760416666666667,0.53125,1.9271620024875626,0.0001636228412591333,0.921875,0.984,0.8059701492537313,0.17802985074626865,1.5572916666666667,0.5572916666666666,1.4635416666666667
Pima,model_a_screening,Logistic Regression,adaptive_calibration_target_selected,beta,dp_shift_atcp,0.95,0.9199999999999999,0.95,0.9114583333333334,0.912,0.9104477611940298,0.0015522388059702186,1.5416666666666667,1.296875,0.5416666666666666,2.155912002487562,0.0001636228412591333,0.8958333333333334,0.852,0.9776119402985075,0.12561194029850753,1.5807291666666667,0.5807291666666666,1.296875
Pima,model_a_screening,Logistic Regression,adaptive_calibration_target_selected,beta,multi_objective_dp_shift_atcp,0.95,0.9199999999999999,0.95,0.9114583333333334,0.912,0.9104477611940298,0.0015522388059702186,1.5416666666666667,1.296875,0.5416666666666666,2.155912002487562,0.0001636228412591333,0.9557291666666666,0.992,0.8880597014925373,0.10394029850746267,1.6666666666666667,0.6666666666666666,1.5338541666666667
NHANES,model_a_screening,Random Forest,naive_transfer,uncalibrated,dp_shift_atcp,0.8,0.75,0.8,0.8010471204188482,0.777542372881356,0.9108910891089109,0.13334871622755495,1.2652705061082024,0.7923211169284468,0.26527050610820246,1.6136356397863583,0.0004756427040720772,0.7643979057591623,0.753177966101695,0.8168316831683168,0.06365371706662182,1.1631762652705062,0.1631762652705061,0.6910994764397905
NHANES,model_a_screening,Random Forest,naive_transfer,uncalibrated,multi_objective_dp_shift_atcp,0.8,0.75,0.8,0.8010471204188482,0.777542372881356,0.9108910891089109,0.13334871622755495,1.2652705061082024,0.7923211169284468,0.26527050610820246,1.6136356397863583,0.0004756427040720772,0.7643979057591623,0.753177966101695,0.8168316831683168,0.06365371706662182,1.1631762652705062,0.1631762652705061,0.6910994764397905
NHANES,model_a_screening,Random Forest,naive_transfer,uncalibrated,dp_shift_atcp,0.85,0.7999999999999999,0.85,0.8708551483420593,0.8516949152542372,0.9603960396039604,0.10870112434972312,1.4013961605584642,0.9598603839441536,0.4013961605584642,1.8683745486537298,0.0004756427040720772,0.7993019197207679,0.788135593220339,0.8514851485148515,0.06334955529451247,1.243455497382199,0.24345549738219896,0.7923211169284468
NHANES,model_a_screening,Random Forest,naive_transfer,uncalibrated,multi_objective_dp_shift_atcp,0.85,0.7999999999999999,0.85,0.8708551483420593,0.8516949152542372,0.9603960396039604,0.10870112434972312,1.4013961605584642,0.9598603839441536,0.4013961605584642,1.8683745486537298,0.0004756427040720772,0.7993019197207679,0.788135593220339,0.8514851485148515,0.06334955529451247,1.243455497382199,0.24345549738219896,0.7923211169284468
NHANES,model_a_screening,Random Forest,naive_transfer,uncalibrated,dp_shift_atcp,0.9,0.85,0.9,0.9040139616055847,0.885593220338983,0.9900990099009901,0.10450578956200707,1.4956369982547992,1.094240837696335,0.4956369982547993,1.9204585098229408,0.0004756427040720772,0.8438045375218151,0.8294491525423728,0.9108910891089109,0.08144193656653809,1.3525305410122164,0.3525305410122164,0.9240837696335078
NHANES,model_a_screening,Random Forest,naive_transfer,uncalibrated,multi_objective_dp_shift_atcp,0.9,0.85,0.9,0.9040139616055847,0.885593220338983,0.9900990099009901,0.10450578956200707,1.4956369982547992,1.094240837696335,0.4956369982547993,1.9204585098229408,0.0004756427040720772,0.8438045375218151,0.8294491525423728,0.9108910891089109,0.08144193656653809,1.3525305410122164,0.3525305410122164,0.9240837696335078
NHANES,model_a_screening,Random Forest,naive_transfer,uncalibrated,dp_shift_atcp,0.92,0.87,0.92,0.9267015706806283,0.9110169491525424,1.0,0.08898305084745761,1.544502617801047,1.162303664921466,0.5445026178010471,1.9837363563758985,0.0004756427040720772,0.8717277486910995,0.8559322033898306,0.9455445544554455,0.08961235106561494,1.424956369982548,0.424956369982548,1.0165794066317626
NHANES,model_a_screening,Random Forest,naive_transfer,uncalibrated,multi_objective_dp_shift_atcp,0.92,0.87,0.92,0.9267015706806283,0.9110169491525424,1.0,0.08898305084745761,1.544502617801047,1.162303664921466,0.5445026178010471,1.9837363563758985,0.0004756427040720772,0.8717277486910995,0.8559322033898306,0.9455445544554455,0.08961235106561494,1.424956369982548,0.424956369982548,1.0165794066317626
NHANES,model_a_screening,Random Forest,naive_transfer,uncalibrated,dp_shift_atcp,0.95,0.9199999999999999,0.95,0.9476439790575916,0.9364406779661016,1.0,0.06355932203389836,1.656195462478185,1.3647469458987784,0.6561954624781849,2.1144489306948264,0.0004756427040720772,0.9328097731239092,0.9247881355932204,0.9702970297029703,0.0455088941097499,1.5654450261780104,0.5654450261780105,1.219022687609075
NHANES,model_a_screening,Random Forest,naive_transfer,uncalibrated,multi_objective_dp_shift_atcp,0.95,0.9199999999999999,0.95,0.9476439790575916,0.9364406779661016,1.0,0.06355932203389836,1.656195462478185,1.3647469458987784,0.6561954624781849,2.1144489306948264,0.0004756427040720772,0.9546247818499127,0.9449152542372882,1.0,0.05508474576271183,1.806282722513089,0.806282722513089,1.6579406631762652
NHANES,model_a_screening,Random Forest,label_shift_adjusted,label_shift,dp_shift_atcp,0.8,0.75,0.8,0.8010471204188482,0.777542372881356,0.9108910891089109,0.13334871622755495,1.2652705061082024,0.7923211169284468,0.26527050610820246,1.6136356397863583,0.0004756427040720772,0.7643979057591623,0.753177966101695,0.8168316831683168,0.06365371706662182,1.1631762652705062,0.1631762652705061,0.6910994764397905
NHANES,model_a_screening,Random Forest,label_shift_adjusted,label_shift,multi_objective_dp_shift_atcp,0.8,0.75,0.8,0.8010471204188482,0.777542372881356,0.9108910891089109,0.13334871622755495,1.2652705061082024,0.7923211169284468,0.26527050610820246,1.6136356397863583,0.0004756427040720772,0.7643979057591623,0.753177966101695,0.8168316831683168,0.06365371706662182,1.1631762652705062,0.1631762652705061,0.6910994764397905
NHANES,model_a_screening,Random Forest,label_shift_adjusted,label_shift,dp_shift_atcp,0.85,0.7999999999999999,0.85,0.8708551483420593,0.8516949152542372,0.9603960396039604,0.10870112434972312,1.4013961605584642,0.9598603839441536,0.4013961605584642,1.8683745486537298,0.0004756427040720772,0.7993019197207679,0.788135593220339,0.8514851485148515,0.06334955529451247,1.243455497382199,0.24345549738219896,0.7923211169284468
NHANES,model_a_screening,Random Forest,label_shift_adjusted,label_shift,multi_objective_dp_shift_atcp,0.85,0.7999999999999999,0.85,0.8708551483420593,0.8516949152542372,0.9603960396039604,0.10870112434972312,1.4013961605584642,0.9598603839441536,0.4013961605584642,1.8683745486537298,0.0004756427040720772,0.7993019197207679,0.788135593220339,0.8514851485148515,0.06334955529451247,1.243455497382199,0.24345549738219896,0.7923211169284468
NHANES,model_a_screening,Random Forest,label_shift_adjusted,label_shift,dp_shift_atcp,0.9,0.85,0.9,0.9040139616055847,0.885593220338983,0.9900990099009901,0.10450578956200707,1.4956369982547992,1.094240837696335,0.4956369982547993,1.9204585098229408,0.0004756427040720772,0.8438045375218151,0.8294491525423728,0.9108910891089109,0.08144193656653809,1.3525305410122164,0.3525305410122164,0.9240837696335078
NHANES,model_a_screening,Random Forest,label_shift_adjusted,label_shift,multi_objective_dp_shift_atcp,0.9,0.85,0.9,0.9040139616055847,0.885593220338983,0.9900990099009901,0.10450578956200707,1.4956369982547992,1.094240837696335,0.4956369982547993,1.9204585098229408,0.0004756427040720772,0.8438045375218151,0.8294491525423728,0.9108910891089109,0.08144193656653809,1.3525305410122164,0.3525305410122164,0.9240837696335078
NHANES,model_a_screening,Random Forest,label_shift_adjusted,label_shift,dp_shift_atcp,0.92,0.87,0.92,0.9267015706806283,0.9110169491525424,1.0,0.08898305084745761,1.544502617801047,1.162303664921466,0.5445026178010471,1.9837363563758985,0.0004756427040720772,0.8717277486910995,0.8559322033898306,0.9455445544554455,0.08961235106561494,1.424956369982548,0.424956369982548,1.0165794066317626
NHANES,model_a_screening,Random Forest,label_shift_adjusted,label_shift,multi_objective_dp_shift_atcp,0.92,0.87,0.92,0.9267015706806283,0.9110169491525424,1.0,0.08898305084745761,1.544502617801047,1.162303664921466,0.5445026178010471,1.9837363563758985,0.0004756427040720772,0.8717277486910995,0.8559322033898306,0.9455445544554455,0.08961235106561494,1.424956369982548,0.424956369982548,1.0165794066317626
NHANES,model_a_screening,Random Forest,label_shift_adjusted,label_shift,dp_shift_atcp,0.95,0.9199999999999999,0.95,0.9476439790575916,0.9364406779661016,1.0,0.06355932203389836,1.656195462478185,1.3647469458987784,0.6561954624781849,2.1144489306948264,0.0004756427040720772,0.9328097731239092,0.9247881355932204,0.9702970297029703,0.0455088941097499,1.5654450261780104,0.5654450261780105,1.219022687609075
NHANES,model_a_screening,Random Forest,label_shift_adjusted,label_shift,multi_objective_dp_shift_atcp,0.95,0.9199999999999999,0.95,0.9476439790575916,0.9364406779661016,1.0,0.06355932203389836,1.656195462478185,1.3647469458987784,0.6561954624781849,2.1144489306948264,0.0004756427040720772,0.9546247818499127,0.9449152542372882,1.0,0.05508474576271183,1.9223385689354275,0.9223385689354275,1.8900523560209423
NHANES,model_a_screening,Random Forest,fixed_recalibration_source_selected,platt,dp_shift_atcp,0.8,0.75,0.8,0.8010471204188482,0.777542372881356,0.9108910891089109,0.13334871622755495,1.2652705061082024,0.7923211169284468,0.26527050610820246,1.6136356397863583,0.0004756427040720772,0.7643979057591623,0.753177966101695,0.8168316831683168,0.06365371706662182,1.1631762652705062,0.1631762652705061,0.6910994764397905
NHANES,model_a_screening,Random Forest,fixed_recalibration_source_selected,platt,multi_objective_dp_shift_atcp,0.8,0.75,0.8,0.8010471204188482,0.777542372881356,0.9108910891089109,0.13334871622755495,1.2652705061082024,0.7923211169284468,0.26527050610820246,1.6136356397863583,0.0004756427040720772,0.7643979057591623,0.753177966101695,0.8168316831683168,0.06365371706662182,1.1631762652705062,0.1631762652705061,0.6910994764397905
NHANES,model_a_screening,Random Forest,fixed_recalibration_source_selected,platt,dp_shift_atcp,0.85,0.7999999999999999,0.85,0.8708551483420593,0.8516949152542372,0.9603960396039604,0.10870112434972312,1.4013961605584642,0.9598603839441536,0.4013961605584642,1.8683745486537298,0.0004756427040720772,0.7993019197207679,0.788135593220339,0.8514851485148515,0.06334955529451247,1.243455497382199,0.24345549738219896,0.7923211169284468
NHANES,model_a_screening,Random Forest,fixed_recalibration_source_selected,platt,multi_objective_dp_shift_atcp,0.85,0.7999999999999999,0.85,0.8708551483420593,0.8516949152542372,0.9603960396039604,0.10870112434972312,1.4013961605584642,0.9598603839441536,0.4013961605584642,1.8683745486537298,0.0004756427040720772,0.7993019197207679,0.788135593220339,0.8514851485148515,0.06334955529451247,1.243455497382199,0.24345549738219896,0.7923211169284468
NHANES,model_a_screening,Random Forest,fixed_recalibration_source_selected,platt,dp_shift_atcp,0.9,0.85,0.9,0.9040139616055847,0.885593220338983,0.9900990099009901,0.10450578956200707,1.4956369982547992,1.094240837696335,0.4956369982547993,1.9204585098229408,0.0004756427040720772,0.8438045375218151,0.8294491525423728,0.9108910891089109,0.08144193656653809,1.3525305410122164,0.3525305410122164,0.9240837696335078
NHANES,model_a_screening,Random Forest,fixed_recalibration_source_selected,platt,multi_objective_dp_shift_atcp,0.9,0.85,0.9,0.9040139616055847,0.885593220338983,0.9900990099009901,0.10450578956200707,1.4956369982547992,1.094240837696335,0.4956369982547993,1.9204585098229408,0.0004756427040720772,0.8438045375218151,0.8294491525423728,0.9108910891089109,0.08144193656653809,1.3525305410122164,0.3525305410122164,0.9240837696335078
NHANES,model_a_screening,Random Forest,fixed_recalibration_source_selected,platt,dp_shift_atcp,0.92,0.87,0.92,0.9267015706806283,0.9110169491525424,1.0,0.08898305084745761,1.544502617801047,1.162303664921466,0.5445026178010471,1.9837363563758985,0.0004756427040720772,0.8717277486910995,0.8559322033898306,0.9455445544554455,0.08961235106561494,1.424956369982548,0.424956369982548,1.0165794066317626
NHANES,model_a_screening,Random Forest,fixed_recalibration_source_selected,platt,multi_objective_dp_shift_atcp,0.92,0.87,0.92,0.9267015706806283,0.9110169491525424,1.0,0.08898305084745761,1.544502617801047,1.162303664921466,0.5445026178010471,1.9837363563758985,0.0004756427040720772,0.8717277486910995,0.8559322033898306,0.9455445544554455,0.08961235106561494,1.424956369982548,0.424956369982548,1.0165794066317626
NHANES,model_a_screening,Random Forest,fixed_recalibration_source_selected,platt,dp_shift_atcp,0.95,0.9199999999999999,0.95,0.9476439790575916,0.9364406779661016,1.0,0.06355932203389836,1.656195462478185,1.3647469458987784,0.6561954624781849,2.1144489306948264,0.0004756427040720772,0.9328097731239092,0.9247881355932204,0.9702970297029703,0.0455088941097499,1.5654450261780104,0.5654450261780105,1.219022687609075
NHANES,model_a_screening,Random Forest,fixed_recalibration_source_selected,platt,multi_objective_dp_shift_atcp,0.95,0.9199999999999999,0.95,0.9476439790575916,0.9364406779661016,1.0,0.06355932203389836,1.656195462478185,1.3647469458987784,0.6561954624781849,2.1144489306948264,0.0004756427040720772,0.9581151832460733,1.0,0.7623762376237624,0.2376237623762376,1.431937172774869,0.4319371727748691,1.0732984293193717
NHANES,model_a_screening,Random Forest,adaptive_calibration_target_selected,isotonic,dp_shift_atcp,0.8,0.75,0.8,0.8359511343804538,0.8199152542372882,0.9108910891089109,0.09097583487162275,1.3106457242582896,0.8481675392670157,0.3106457242582897,1.7888197732498423,0.0004756427040720772,0.7984293193717278,0.7870762711864406,0.8514851485148515,0.06440887732841083,1.243455497382199,0.24345549738219896,0.7931937172774869
NHANES,model_a_screening,Random Forest,adaptive_calibration_target_selected,isotonic,multi_objective_dp_shift_atcp,0.8,0.75,0.8,0.8359511343804538,0.8199152542372882,0.9108910891089109,0.09097583487162275,1.3106457242582896,0.8481675392670157,0.3106457242582897,1.7888197732498423,0.0004756427040720772,0.7984293193717278,0.7870762711864406,0.8514851485148515,0.06440887732841083,1.243455497382199,0.24345549738219896,0.7931937172774869
NHANES,model_a_screening,Random Forest,adaptive_calibration_target_selected,isotonic,dp_shift_atcp,0.85,0.7999999999999999,0.85,0.9092495636998255,0.8898305084745762,1.0,0.11016949152542377,1.5183246073298429,1.1273996509598603,0.518324607329843,2.2398615671310678,0.0004756427040720772,0.8455497382198953,0.8442796610169492,0.8514851485148515,0.007205487497902285,1.3141361256544504,0.31413612565445026,0.887434554973822
NHANES,model_a_screening,Random Forest,adaptive_calibration_target_selected,isotonic,multi_objective_dp_shift_atcp,0.85,0.7999999999999999,0.85,0.9092495636998255,0.8898305084745762,1.0,0.11016949152542377,1.5183246073298429,1.1273996509598603,0.518324607329843,2.2398615671310678,0.0004756427040720772,0.8455497382198953,0.8442796610169492,0.8514851485148515,0.007205487497902285,1.3141361256544504,0.31413612565445026,0.887434554973822
NHANES,model_a_screening,Random Forest,adaptive_calibration_target_selected,isotonic,dp_shift_atcp,0.9,0.85,0.9,0.9092495636998255,0.8898305084745762,1.0,0.11016949152542377,1.5183246073298429,1.1273996509598603,0.518324607329843,1.9898615671310673,0.0004756427040720772,0.8577661431064573,0.8442796610169492,0.9207920792079208,0.07651241819097165,1.3804537521815008,0.38045375218150085,0.9589877835951134
NHANES,model_a_screening,Random Forest,adaptive_calibration_target_selected,isotonic,multi_objective_dp_shift_atcp,0.9,0.85,0.9,0.9092495636998255,0.8898305084745762,1.0,0.11016949152542377,1.5183246073298429,1.1273996509598603,0.518324607329843,1.9898615671310673,0.0004756427040720772,0.8577661431064573,0.8442796610169492,0.9207920792079208,0.07651241819097165,1.3804537521815008,0.38045375218150085,0.9589877835951134
NHANES,model_a_screening,Random Forest,adaptive_calibration_target_selected,isotonic,dp_shift_atcp,0.92,0.87,0.92,0.9476439790575916,0.9364406779661016,1.0,0.06355932203389836,1.5898778359511343,1.2321116928446771,0.5898778359511344,2.1215169935220515,0.0004756427040720772,0.8944153577661431,0.8824152542372882,0.9504950495049505,0.06807979526766228,1.4834205933682374,0.48342059336823734,1.1073298429319371
NHANES,model_a_screening,Random Forest,adaptive_calibration_target_selected,isotonic,multi_objective_dp_shift_atcp,0.92,0.87,0.92,0.9476439790575916,0.9364406779661016,1.0,0.06355932203389836,1.5898778359511343,1.2321116928446771,0.5898778359511344,2.1215169935220515,0.0004756427040720772,0.8944153577661431,0.8824152542372882,0.9504950495049505,0.06807979526766228,1.4834205933682374,0.48342059336823734,1.1073298429319371
NHANES,model_a_screening,Random Forest,adaptive_calibration_target_selected,isotonic,dp_shift_atcp,0.95,0.8999999999999999,0.95,0.9476439790575916,0.9364406779661016,1.0,0.06355932203389836,1.7643979057591623,1.581151832460733,0.7643979057591623,2.3092133286005856,0.0004756427040720772,0.9589877835951134,0.9565677966101694,0.9702970297029703,0.01372923309280083,1.6064572425828971,0.606457242582897,1.274869109947644
NHANES,model_a_screening,Random Forest,adaptive_calibration_target_selected,isotonic,multi_objective_dp_shift_atcp,0.95,0.8999999999999999,0.95,0.9476439790575916,0.9364406779661016,1.0,0.06355932203389836,1.7643979057591623,1.581151832460733,0.7643979057591623,2.3092133286005856,0.0004756427040720772,0.9738219895287958,1.0,0.8514851485148515,0.14851485148514854,1.5235602094240839,0.5235602094240838,1.1780104712041886
Pima,model_a_screening,Random Forest,naive_transfer,uncalibrated,dp_shift_atcp,0.8,0.75,0.8,0.8125,0.768,0.8955223880597015,0.1275223880597015,1.3229166666666667,0.9791666666666666,0.3229166666666667,1.8017002487562186,0.0001636228412591333,0.7838541666666666,0.764,0.8208955223880597,0.05689552238805973,1.296875,0.296875,1.0598958333333333
Pima,model_a_screening,Random Forest,naive_transfer,uncalibrated,multi_objective_dp_shift_atcp,0.8,0.75,0.8,0.8125,0.768,0.8955223880597015,0.1275223880597015,1.3229166666666667,0.9791666666666666,0.3229166666666667,1.8017002487562186,0.0001636228412591333,0.7838541666666666,0.764,0.8208955223880597,0.05689552238805973,1.296875,0.296875,1.0598958333333333
Pima,model_a_screening,Random Forest,naive_transfer,uncalibrated,dp_shift_atcp,0.85,0.7999999999999999,0.85,0.8489583333333334,0.816,0.9104477611940298,0.09444776119402987,1.4010416666666667,1.078125,0.4010416666666667,1.8067758084577112,0.0001636228412591333,0.8229166666666666,0.808,0.8507462686567164,0.04274626865671638,1.3723958333333333,0.3723958333333333,1.1302083333333333
Pima,model_a_screening,Random Forest,naive_transfer,uncalibrated,multi_objective_dp_shift_atcp,0.85,0.7999999999999999,0.85,0.8489583333333334,0.816,0.9104477611940298,0.09444776119402987,1.4010416666666667,1.078125,0.4010416666666667,1.8067758084577112,0.0001636228412591333,0.8229166666666666,0.908,0.664179104477612,0.24382089552238806,1.3463541666666667,0.3463541666666667,1.3385416666666667
Pima,model_a_screening,Random Forest,naive_transfer,uncalibrated,dp_shift_atcp,0.9,0.87,0.9,0.9010416666666666,0.896,0.9104477611940298,0.014447761194029796,1.5052083333333333,1.234375,0.5052083333333334,1.8482341417910444,0.0001636228412591333,0.875,0.856,0.9104477611940298,0.05444776119402983,1.5130208333333333,0.5130208333333334,1.2760416666666667
Pima,model_a_screening,Random Forest,naive_transfer,uncalibrated,multi_objective_dp_shift_atcp,0.9,0.87,0.9,0.9010416666666666,0.896,0.9104477611940298,0.014447761194029796,1.5052083333333333,1.234375,0.5052083333333334,1.8482341417910444,0.0001636228412591333,0.875,0.856,0.9104477611940298,0.05444776119402983,1.5130208333333333,0.5130208333333334,1.2760416666666667
Pima,model_a_screening,Random Forest,naive_transfer,uncalibrated,dp_shift_atcp,0.92,0.87,0.92,0.9010416666666666,0.896,0.9104477611940298,0.014447761194029796,1.515625,1.2552083333333333,0.515625,1.975671952736319,0.0001636228412591333,0.8854166666666666,0.856,0.9402985074626866,0.08429850746268663,1.5416666666666667,0.5416666666666666,1.28125
Pima,model_a_screening,Random Forest,naive_transfer,uncalibrated,multi_objective_dp_shift_atcp,0.92,0.87,0.92,0.9010416666666666,0.896,0.9104477611940298,0.014447761194029796,1.515625,1.2552083333333333,0.515625,1.975671952736319,0.0001636228412591333,0.9166666666666666,0.968,0.8208955223880597,0.14710447761194023,1.5677083333333333,0.5677083333333334,1.46875
Pima,model_a_screening,Random Forest,naive_transfer,uncalibrated,dp_shift_atcp,0.95,0.9199999999999999,0.97,0.9270833333333334,0.928,0.9253731343283582,0.0026268656716418315,1.625,1.4270833333333333,0.625,2.1813190298507457,0.0001636228412591333,0.9192708333333334,0.888,0.9776119402985075,0.0896119402985075,1.6692708333333333,0.6692708333333334,1.4505208333333333
Pima,model_a_screening,Random Forest,naive_transfer,uncalibrated,multi_objective_dp_shift_atcp,0.95,0.9199999999999999,0.97,0.9270833333333334,0.928,0.9253731343283582,0.0026268656716418315,1.625,1.4270833333333333,0.625,2.1813190298507457,0.0001636228412591333,0.9453125,0.972,0.8955223880597015,0.07647761194029845,1.6328125,0.6328125,1.4661458333333333
Pima,model_a_screening,Random Forest,label_shift_adjusted,label_shift,dp_shift_atcp,0.8,0.75,0.8,0.8125,0.768,0.8955223880597015,0.1275223880597015,1.3229166666666667,0.9791666666666666,0.3229166666666667,1.8017002487562186,0.0001636228412591333,0.7838541666666666,0.764,0.8208955223880597,0.05689552238805973,1.296875,0.296875,1.0598958333333333
Pima,model_a_screening,Random Forest,label_shift_adjusted,label_shift,multi_objective_dp_shift_atcp,0.8,0.75,0.8,0.8125,0.768,0.8955223880597015,0.1275223880597015,1.3229166666666667,0.9791666666666666,0.3229166666666667,1.8017002487562186,0.0001636228412591333,0.7838541666666666,0.764,0.8208955223880597,0.05689552238805973,1.296875,0.296875,1.0598958333333333
Pima,model_a_screening,Random Forest,label_shift_adjusted,label_shift,dp_shift_atcp,0.85,0.7999999999999999,0.85,0.8489583333333334,0.816,0.9104477611940298,0.09444776119402987,1.4010416666666667,1.078125,0.4010416666666667,1.8067758084577112,0.0001636228412591333,0.8229166666666666,0.808,0.8507462686567164,0.04274626865671638,1.3723958333333333,0.3723958333333333,1.1302083333333333
Pima,model_a_screening,Random Forest,label_shift_adjusted,label_shift,multi_objective_dp_shift_atcp,0.85,0.7999999999999999,0.85,0.8489583333333334,0.816,0.9104477611940298,0.09444776119402987,1.4010416666666667,1.078125,0.4010416666666667,1.8067758084577112,0.0001636228412591333,0.8567708333333334,0.78,1.0,0.21999999999999997,1.6953125,0.6953125,1.5338541666666667
Pima,model_a_screening,Random Forest,label_shift_adjusted,label_shift,dp_shift_atcp,0.9,0.87,0.9,0.9010416666666666,0.896,0.9104477611940298,0.014447761194029796,1.5052083333333333,1.234375,0.5052083333333334,1.8482341417910444,0.0001636228412591333,0.875,0.856,0.9104477611940298,0.05444776119402983,1.5130208333333333,0.5130208333333334,1.2760416666666667
Pima,model_a_screening,Random Forest,label_shift_adjusted,label_shift,multi_objective_dp_shift_atcp,0.9,0.87,0.9,0.9010416666666666,0.896,0.9104477611940298,0.014447761194029796,1.5052083333333333,1.234375,0.5052083333333334,1.8482341417910444,0.0001636228412591333,0.875,0.856,0.9104477611940298,0.05444776119402983,1.5130208333333333,0.5130208333333334,1.2760416666666667
Pima,model_a_screening,Random Forest,label_shift_adjusted,label_shift,dp_shift_atcp,0.92,0.87,0.92,0.9010416666666666,0.896,0.9104477611940298,0.014447761194029796,1.515625,1.2552083333333333,0.515625,1.975671952736319,0.0001636228412591333,0.8854166666666666,0.856,0.9402985074626866,0.08429850746268663,1.5416666666666667,0.5416666666666666,1.28125
Pima,model_a_screening,Random Forest,label_shift_adjusted,label_shift,multi_objective_dp_shift_atcp,0.92,0.87,0.92,0.9010416666666666,0.896,0.9104477611940298,0.014447761194029796,1.515625,1.2552083333333333,0.515625,1.975671952736319,0.0001636228412591333,0.90625,0.856,1.0,0.14400000000000002,1.8098958333333333,0.8098958333333334,1.7135416666666667
Pima,model_a_screening,Random Forest,label_shift_adjusted,label_shift,dp_shift_atcp,0.95,0.9199999999999999,0.97,0.9270833333333334,0.928,0.9253731343283582,0.0026268656716418315,1.625,1.4270833333333333,0.625,2.1813190298507457,0.0001636228412591333,0.9192708333333334,0.888,0.9776119402985075,0.0896119402985075,1.6692708333333333,0.6692708333333334,1.4505208333333333
Pima,model_a_screening,Random Forest,label_shift_adjusted,label_shift,multi_objective_dp_shift_atcp,0.95,0.9199999999999999,0.97,0.9270833333333334,0.928,0.9253731343283582,0.0026268656716418315,1.625,1.4270833333333333,0.625,2.1813190298507457,0.0001636228412591333,0.9322916666666666,0.896,1.0,0.10399999999999998,1.8671875,0.8671875,1.8020833333333333
Pima,model_a_screening,Random Forest,fixed_recalibration_source_selected,platt,dp_shift_atcp,0.8,0.75,0.8,0.8125,0.768,0.8955223880597015,0.1275223880597015,1.3229166666666667,0.9791666666666666,0.3229166666666667,1.8017002487562186,0.0001636228412591333,0.7838541666666666,0.764,0.8208955223880597,0.05689552238805973,1.296875,0.296875,1.0598958333333333
Pima,model_a_screening,Random Forest,fixed_recalibration_source_selected,platt,multi_objective_dp_shift_atcp,0.8,0.75,0.8,0.8125,0.768,0.8955223880597015,0.1275223880597015,1.3229166666666667,0.9791666666666666,0.3229166666666667,1.8017002487562186,0.0001636228412591333,0.7838541666666666,0.764,0.8208955223880597,0.05689552238805973,1.296875,0.296875,1.0598958333333333
Pima,model_a_screening,Random Forest,fixed_recalibration_source_selected,platt,dp_shift_atcp,0.85,0.7999999999999999,0.85,0.8489583333333334,0.816,0.9104477611940298,0.09444776119402987,1.4010416666666667,1.078125,0.4010416666666667,1.8067758084577112,0.0001636228412591333,0.8229166666666666,0.808,0.8507462686567164,0.04274626865671638,1.3723958333333333,0.3723958333333333,1.1302083333333333
Pima,model_a_screening,Random Forest,fixed_recalibration_source_selected,platt,multi_objective_dp_shift_atcp,0.85,0.7999999999999999,0.85,0.8489583333333334,0.816,0.9104477611940298,0.09444776119402987,1.4010416666666667,1.078125,0.4010416666666667,1.8067758084577112,0.0001636228412591333,0.8411458333333334,0.956,0.6268656716417911,0.3291343283582089,1.3541666666666667,0.3541666666666667,1.3880208333333333
Pima,model_a_screening,Random Forest,fixed_recalibration_source_selected,platt,dp_shift_atcp,0.9,0.87,0.9,0.9010416666666666,0.896,0.9104477611940298,0.014447761194029796,1.5208333333333333,1.265625,0.5208333333333334,1.8763591417910446,0.0001636228412591333,0.875,0.856,0.9104477611940298,0.05444776119402983,1.5130208333333333,0.5130208333333334,1.2760416666666667
Pima,model_a_screening,Random Forest,fixed_recalibration_source_selected,platt,multi_objective_dp_shift_atcp,0.9,0.87,0.9,0.9010416666666666,0.896,0.9104477611940298,0.014447761194029796,1.5208333333333333,1.265625,0.5208333333333334,1.8763591417910446,0.0001636228412591333,0.875,0.856,0.9104477611940298,0.05444776119402983,1.5130208333333333,0.5130208333333334,1.2760416666666667
Pima,model_a_screening,Random Forest,fixed_recalibration_source_selected,platt,dp_shift_atcp,0.92,0.9,0.92,0.9114583333333334,0.912,0.9104477611940298,0.0015522388059702186,1.5677083333333333,1.3489583333333333,0.5677083333333334,1.9927870024875625,0.0001636228412591333,0.90625,0.888,0.9402985074626866,0.052298507462686605,1.5833333333333333,0.5833333333333334,1.34375
Pima,model_a_screening,Random Forest,fixed_recalibration_source_selected,platt,multi_objective_dp_shift_atcp,0.92,0.9,0.92,0.9114583333333334,0.912,0.9104477611940298,0.0015522388059702186,1.5677083333333333,1.3489583333333333,0.5677083333333334,1.9927870024875625,0.0001636228412591333,0.9296875,0.988,0.8208955223880597,0.16710447761194025,1.6041666666666667,0.6041666666666666,1.5286458333333333
Pima,model_a_screening,Random Forest,fixed_recalibration_source_selected,platt,dp_shift_atcp,0.95,0.9199999999999999,0.97,0.9270833333333334,0.928,0.9253731343283582,0.0026268656716418315,1.625,1.4270833333333333,0.625,2.1813190298507457,0.0001636228412591333,0.9192708333333334,0.888,0.9776119402985075,0.0896119402985075,1.6692708333333333,0.6692708333333334,1.4505208333333333
Pima,model_a_screening,Random Forest,fixed_recalibration_source_selected,platt,multi_objective_dp_shift_atcp,0.95,0.9199999999999999,0.97,0.9270833333333334,0.928,0.9253731343283582,0.0026268656716418315,1.625,1.4270833333333333,0.625,2.1813190298507457,0.0001636228412591333,0.9427083333333334,0.992,0.8507462686567164,0.14125373134328356,1.6380208333333333,0.6380208333333334,1.5416666666666667
Pima,model_a_screening,Random Forest,adaptive_calibration_target_selected,uncalibrated,dp_shift_atcp,0.8,0.75,0.8,0.8125,0.768,0.8955223880597015,0.1275223880597015,1.3229166666666667,0.9791666666666666,0.3229166666666667,1.8017002487562186,0.0001636228412591333,0.7838541666666666,0.764,0.8208955223880597,0.05689552238805973,1.296875,0.296875,1.0598958333333333
Pima,model_a_screening,Random Forest,adaptive_calibration_target_selected,uncalibrated,multi_objective_dp_shift_atcp,0.8,0.75,0.8,0.8125,0.768,0.8955223880597015,0.1275223880597015,1.3229166666666667,0.9791666666666666,0.3229166666666667,1.8017002487562186,0.0001636228412591333,0.7838541666666666,0.764,0.8208955223880597,0.05689552238805973,1.296875,0.296875,1.0598958333333333
Pima,model_a_screening,Random Forest,adaptive_calibration_target_selected,uncalibrated,dp_shift_atcp,0.85,0.7999999999999999,0.85,0.8489583333333334,0.816,0.9104477611940298,0.09444776119402987,1.4010416666666667,1.078125,0.4010416666666667,1.8067758084577112,0.0001636228412591333,0.8229166666666666,0.808,0.8507462686567164,0.04274626865671638,1.3723958333333333,0.3723958333333333,1.1302083333333333
Pima,model_a_screening,Random Forest,adaptive_calibration_target_selected,uncalibrated,multi_objective_dp_shift_atcp,0.85,0.7999999999999999,0.85,0.8489583333333334,0.816,0.9104477611940298,0.09444776119402987,1.4010416666666667,1.078125,0.4010416666666667,1.8067758084577112,0.0001636228412591333,0.8229166666666666,0.908,0.664179104477612,0.24382089552238806,1.3463541666666667,0.3463541666666667,1.3385416666666667
Pima,model_a_screening,Random Forest,adaptive_calibration_target_selected,uncalibrated,dp_shift_atcp,0.9,0.87,0.9,0.9010416666666666,0.896,0.9104477611940298,0.014447761194029796,1.5052083333333333,1.234375,0.5052083333333334,1.8482341417910444,0.0001636228412591333,0.875,0.856,0.9104477611940298,0.05444776119402983,1.5130208333333333,0.5130208333333334,1.2760416666666667
Pima,model_a_screening,Random Forest,adaptive_calibration_target_selected,uncalibrated,multi_objective_dp_shift_atcp,0.9,0.87,0.9,0.9010416666666666,0.896,0.9104477611940298,0.014447761194029796,1.5052083333333333,1.234375,0.5052083333333334,1.8482341417910444,0.0001636228412591333,0.875,0.856,0.9104477611940298,0.05444776119402983,1.5130208333333333,0.5130208333333334,1.2760416666666667
Pima,model_a_screening,Random Forest,adaptive_calibration_target_selected,uncalibrated,dp_shift_atcp,0.92,0.87,0.92,0.9010416666666666,0.896,0.9104477611940298,0.014447761194029796,1.515625,1.2552083333333333,0.515625,1.975671952736319,0.0001636228412591333,0.8854166666666666,0.856,0.9402985074626866,0.08429850746268663,1.5416666666666667,0.5416666666666666,1.28125
Pima,model_a_screening,Random Forest,adaptive_calibration_target_selected,uncalibrated,multi_objective_dp_shift_atcp,0.92,0.87,0.92,0.9010416666666666,0.896,0.9104477611940298,0.014447761194029796,1.515625,1.2552083333333333,0.515625,1.975671952736319,0.0001636228412591333,0.9166666666666666,0.968,0.8208955223880597,0.14710447761194023,1.5677083333333333,0.5677083333333334,1.46875
Pima,model_a_screening,Random Forest,adaptive_calibration_target_selected,uncalibrated,dp_shift_atcp,0.95,0.9199999999999999,0.97,0.9270833333333334,0.928,0.9253731343283582,0.0026268656716418315,1.625,1.4270833333333333,0.625,2.1813190298507457,0.0001636228412591333,0.9192708333333334,0.888,0.9776119402985075,0.0896119402985075,1.6692708333333333,0.6692708333333334,1.4505208333333333
Pima,model_a_screening,Random Forest,adaptive_calibration_target_selected,uncalibrated,multi_objective_dp_shift_atcp,0.95,0.9199999999999999,0.97,0.9270833333333334,0.928,0.9253731343283582,0.0026268656716418315,1.625,1.4270833333333333,0.625,2.1813190298507457,0.0001636228412591333,0.9453125,0.972,0.8955223880597015,0.07647761194029845,1.6328125,0.6328125,1.4661458333333333
NHANES,model_a_screening,XGBoost,naive_transfer,uncalibrated,dp_shift_atcp,0.8,0.75,0.8,0.8132635253054101,0.7966101694915254,0.8910891089108911,0.09447893941936569,1.2600349040139616,0.7835951134380453,0.2600349040139616,1.607861515586291,0.0004756427040720772,0.7521815008726004,0.7404661016949152,0.806930693069307,0.06646459137439176,1.1509598603839442,0.15095986038394416,0.6858638743455497
NHANES,model_a_screening,XGBoost,naive_transfer,uncalibrated,multi_objective_dp_shift_atcp,0.8,0.75,0.8,0.8132635253054101,0.7966101694915254,0.8910891089108911,0.09447893941936569,1.2600349040139616,0.7835951134380453,0.2600349040139616,1.607861515586291,0.0004756427040720772,0.7521815008726004,0.7404661016949152,0.806930693069307,0.06646459137439176,1.1509598603839442,0.15095986038394416,0.6858638743455497
NHANES,model_a_screening,XGBoost,naive_transfer,uncalibrated,dp_shift_atcp,0.85,0.7999999999999999,0.85,0.8656195462478184,0.8432203389830508,0.9702970297029703,0.12707669071991945,1.418848167539267,0.9930191972076788,0.418848167539267,1.9003008999542246,0.0004756427040720772,0.800174520069808,0.788135593220339,0.8564356435643564,0.06830005034401743,1.2582897033158813,0.2582897033158813,0.8176265270506108
NHANES,model_a_screening,XGBoost,naive_transfer,uncalibrated,multi_objective_dp_shift_atcp,0.85,0.7999999999999999,0.85,0.8656195462478184,0.8432203389830508,0.9702970297029703,0.12707669071991945,1.418848167539267,0.9930191972076788,0.418848167539267,1.9003008999542246,0.0004756427040720772,0.800174520069808,0.788135593220339,0.8564356435643564,0.06830005034401743,1.2582897033158813,0.2582897033158813,0.8176265270506108
NHANES,model_a_screening,XGBoost,naive_transfer,uncalibrated,dp_shift_atcp,0.9,0.85,0.9,0.8970331588132635,0.8792372881355932,0.9801980198019802,0.10096073166638697,1.4973821989528795,1.111692844677138,0.4973821989528796,1.9200274849341357,0.0004756427040720772,0.8595113438045375,0.8432203389830508,0.9356435643564357,0.09242322537338488,1.3970331588132636,0.3970331588132635,0.9799301919720768
NHANES,model_a_screening,XGBoost,naive_transfer,uncalibrated,multi_objective_dp_shift_atcp,0.9,0.85,0.9,0.8970331588132635,0.8792372881355932,0.9801980198019802,0.10096073166638697,1.4973821989528795,1.111692844677138,0.4973821989528796,1.9200274849341357,0.0004756427040720772,0.9092495636998255,1.0,0.48514851485148514,0.5148514851485149,1.2111692844677138,0.2111692844677138,0.8760907504363001
NHANES,model_a_screening,XGBoost,naive_transfer,uncalibrated,dp_shift_atcp,0.92,0.87,0.92,0.9144851657940664,0.9004237288135594,0.9801980198019802,0.07977429098842082,1.5392670157068062,1.1780104712041886,0.5392670157068062,1.967654455679839,0.0004756427040720772,0.8830715532286213,0.8686440677966102,0.9504950495049505,0.08185098170834026,1.4520069808027922,0.45200698080279234,1.0558464223385688
NHANES,model_a_screening,XGBoost,naive_transfer,uncalibrated,multi_objective_dp_shift_atcp,0.92,0.87,0.92,0.9144851657940664,0.9004237288135594,0.9801980198019802,0.07977429098842082,1.5392670157068062,1.1780104712041886,0.5392670157068062,1.967654455679839,0.0004756427040720772,0.9319371727748691,1.0,0.6138613861386139,0.38613861386138615,1.301047120418848,0.3010471204188482,0.9424083769633508
NHANES,model_a_screening,XGBoost,naive_transfer,uncalibrated,dp_shift_atcp,0.95,0.9199999999999999,0.95,0.9546247818499127,0.9449152542372882,1.0,0.05508474576271183,1.6719022687609075,1.3891797556719023,0.6719022687609075,2.1378627207383087,0.0004756427040720772,0.93717277486911,0.9300847457627118,0.9702970297029703,0.04021228394025844,1.5802792321116927,0.5802792321116929,1.2443280977312392
NHANES,model_a_screening,XGBoost,naive_transfer,uncalibrated,multi_objective_dp_shift_atcp,0.95,0.9199999999999999,0.95,0.9546247818499127,0.9449152542372882,1.0,0.05508474576271183,1.6719022687609075,1.3891797556719023,0.6719022687609075,2.1378627207383087,0.0004756427040720772,0.93717277486911,0.9300847457627118,0.9702970297029703,0.04021228394025844,1.5802792321116927,0.5802792321116929,1.2443280977312392
NHANES,model_a_screening,XGBoost,label_shift_adjusted,label_shift,dp_shift_atcp,0.8,0.75,0.8,0.8132635253054101,0.7966101694915254,0.8910891089108911,0.09447893941936569,1.2600349040139616,0.7835951134380453,0.2600349040139616,1.607861515586291,0.0004756427040720772,0.7521815008726004,0.7404661016949152,0.806930693069307,0.06646459137439176,1.1509598603839442,0.15095986038394416,0.6858638743455497
NHANES,model_a_screening,XGBoost,label_shift_adjusted,label_shift,multi_objective_dp_shift_atcp,0.8,0.75,0.8,0.8132635253054101,0.7966101694915254,0.8910891089108911,0.09447893941936569,1.2600349040139616,0.7835951134380453,0.2600349040139616,1.607861515586291,0.0004756427040720772,0.7521815008726004,0.7404661016949152,0.806930693069307,0.06646459137439176,1.1509598603839442,0.15095986038394416,0.6858638743455497
NHANES,model_a_screening,XGBoost,label_shift_adjusted,label_shift,dp_shift_atcp,0.85,0.7999999999999999,0.85,0.8656195462478184,0.8432203389830508,0.9702970297029703,0.12707669071991945,1.418848167539267,0.9930191972076788,0.418848167539267,1.9003008999542246,0.0004756427040720772,0.800174520069808,0.788135593220339,0.8564356435643564,0.06830005034401743,1.2582897033158813,0.2582897033158813,0.8176265270506108
NHANES,model_a_screening,XGBoost,label_shift_adjusted,label_shift,multi_objective_dp_shift_atcp,0.85,0.7999999999999999,0.85,0.8656195462478184,0.8432203389830508,0.9702970297029703,0.12707669071991945,1.418848167539267,0.9930191972076788,0.418848167539267,1.9003008999542246,0.0004756427040720772,0.800174520069808,0.788135593220339,0.8564356435643564,0.06830005034401743,1.2582897033158813,0.2582897033158813,0.8176265270506108
NHANES,model_a_screening,XGBoost,label_shift_adjusted,label_shift,dp_shift_atcp,0.9,0.85,0.9,0.8970331588132635,0.8792372881355932,0.9801980198019802,0.10096073166638697,1.4973821989528795,1.111692844677138,0.4973821989528796,1.9200274849341357,0.0004756427040720772,0.8595113438045375,0.8432203389830508,0.9356435643564357,0.09242322537338488,1.3970331588132636,0.3970331588132635,0.9799301919720768
NHANES,model_a_screening,XGBoost,label_shift_adjusted,label_shift,multi_objective_dp_shift_atcp,0.9,0.85,0.9,0.8970331588132635,0.8792372881355932,0.9801980198019802,0.10096073166638697,1.4973821989528795,1.111692844677138,0.4973821989528796,1.9200274849341357,0.0004756427040720772,0.9162303664921466,0.9713983050847458,0.6584158415841584,0.31298246350058734,1.2844677137870855,0.2844677137870855,0.893542757417103
NHANES,model_a_screening,XGBoost,label_shift_adjusted,label_shift,dp_shift_atcp,0.92,0.87,0.92,0.9144851657940664,0.9004237288135594,0.9801980198019802,0.07977429098842082,1.5392670157068062,1.1780104712041886,0.5392670157068062,1.967654455679839,0.0004756427040720772,0.8830715532286213,0.8686440677966102,0.9504950495049505,0.08185098170834026,1.4520069808027922,0.45200698080279234,1.0558464223385688
NHANES,model_a_screening,XGBoost,label_shift_adjusted,label_shift,multi_objective_dp_shift_atcp,0.92,0.87,0.92,0.9144851657940664,0.9004237288135594,0.9801980198019802,0.07977429098842082,1.5392670157068062,1.1780104712041886,0.5392670157068062,1.967654455679839,0.0004756427040720772,0.9363001745200699,0.9819915254237288,0.7227722772277227,0.25921924819600606,1.3490401396160558,0.34904013961605584,0.9572425828970331
NHANES,model_a_screening,XGBoost,label_shift_adjusted,label_shift,dp_shift_atcp,0.95,0.9199999999999999,0.95,0.9546247818499127,0.9449152542372882,1.0,0.05508474576271183,1.6719022687609075,1.3891797556719023,0.6719022687609075,2.1378627207383087,0.0004756427040720772,0.93717277486911,0.9300847457627118,0.9702970297029703,0.04021228394025844,1.5802792321116927,0.5802792321116929,1.2443280977312392
NHANES,model_a_screening,XGBoost,label_shift_adjusted,label_shift,multi_objective_dp_shift_atcp,0.95,0.9199999999999999,0.95,0.9546247818499127,0.9449152542372882,1.0,0.05508474576271183,1.6719022687609075,1.3891797556719023,0.6719022687609075,2.1378627207383087,0.0004756427040720772,0.93717277486911,0.9300847457627118,0.9702970297029703,0.04021228394025844,1.5802792321116927,0.5802792321116929,1.2443280977312392
NHANES,model_a_screening,XGBoost,fixed_recalibration_source_selected,beta,dp_shift_atcp,0.8,0.75,0.8,0.8132635253054101,0.7966101694915254,0.8910891089108911,0.09447893941936569,1.2600349040139616,0.7835951134380453,0.2600349040139616,1.607861515586291,0.0004756427040720772,0.7521815008726004,0.7404661016949152,0.806930693069307,0.06646459137439176,1.1509598603839442,0.15095986038394416,0.6858638743455497
NHANES,model_a_screening,XGBoost,fixed_recalibration_source_selected,beta,multi_objective_dp_shift_atcp,0.8,0.75,0.8,0.8132635253054101,0.7966101694915254,0.8910891089108911,0.09447893941936569,1.2600349040139616,0.7835951134380453,0.2600349040139616,1.607861515586291,0.0004756427040720772,0.7521815008726004,0.7404661016949152,0.806930693069307,0.06646459137439176,1.1509598603839442,0.15095986038394416,0.6858638743455497
NHANES,model_a_screening,XGBoost,fixed_recalibration_source_selected,beta,dp_shift_atcp,0.85,0.7999999999999999,0.85,0.8656195462478184,0.8432203389830508,0.9702970297029703,0.12707669071991945,1.418848167539267,0.9930191972076788,0.418848167539267,1.9003008999542246,0.0004756427040720772,0.800174520069808,0.788135593220339,0.8564356435643564,0.06830005034401743,1.2582897033158813,0.2582897033158813,0.8176265270506108
NHANES,model_a_screening,XGBoost,fixed_recalibration_source_selected,beta,multi_objective_dp_shift_atcp,0.85,0.7999999999999999,0.85,0.8656195462478184,0.8432203389830508,0.9702970297029703,0.12707669071991945,1.418848167539267,0.9930191972076788,0.418848167539267,1.9003008999542246,0.0004756427040720772,0.800174520069808,0.788135593220339,0.8564356435643564,0.06830005034401743,1.2582897033158813,0.2582897033158813,0.8176265270506108
NHANES,model_a_screening,XGBoost,fixed_recalibration_source_selected,beta,dp_shift_atcp,0.9,0.85,0.9,0.8970331588132635,0.8792372881355932,0.9801980198019802,0.10096073166638697,1.4973821989528795,1.111692844677138,0.4973821989528796,1.9200274849341357,0.0004756427040720772,0.8595113438045375,0.8432203389830508,0.9356435643564357,0.09242322537338488,1.3970331588132636,0.3970331588132635,0.9799301919720768
NHANES,model_a_screening,XGBoost,fixed_recalibration_source_selected,beta,multi_objective_dp_shift_atcp,0.9,0.85,0.9,0.8970331588132635,0.8792372881355932,0.9801980198019802,0.10096073166638697,1.4973821989528795,1.111692844677138,0.4973821989528796,1.9200274849341357,0.0004756427040720772,0.9092495636998255,1.0,0.48514851485148514,0.5148514851485149,1.2111692844677138,0.2111692844677138,0.8760907504363001
NHANES,model_a_screening,XGBoost,fixed_recalibration_source_selected,beta,dp_shift_atcp,0.92,0.87,0.92,0.9144851657940664,0.9004237288135594,0.9801980198019802,0.07977429098842082,1.5392670157068062,1.1780104712041886,0.5392670157068062,1.967654455679839,0.0004756427040720772,0.8830715532286213,0.8686440677966102,0.9504950495049505,0.08185098170834026,1.4520069808027922,0.45200698080279234,1.0558464223385688
NHANES,model_a_screening,XGBoost,fixed_recalibration_source_selected,beta,multi_objective_dp_shift_atcp,0.92,0.87,0.92,0.9144851657940664,0.9004237288135594,0.9801980198019802,0.07977429098842082,1.5392670157068062,1.1780104712041886,0.5392670157068062,1.967654455679839,0.0004756427040720772,0.9319371727748691,1.0,0.6138613861386139,0.38613861386138615,1.301047120418848,0.3010471204188482,0.9424083769633508
NHANES,model_a_screening,XGBoost,fixed_recalibration_source_selected,beta,dp_shift_atcp,0.95,0.9199999999999999,0.95,0.9546247818499127,0.9449152542372882,1.0,0.05508474576271183,1.6719022687609075,1.3891797556719023,0.6719022687609075,2.1378627207383087,0.0004756427040720772,0.93717277486911,0.9300847457627118,0.9702970297029703,0.04021228394025844,1.5802792321116927,0.5802792321116929,1.2443280977312392
NHANES,model_a_screening,XGBoost,fixed_recalibration_source_selected,beta,multi_objective_dp_shift_atcp,0.95,0.9199999999999999,0.95,0.9546247818499127,0.9449152542372882,1.0,0.05508474576271183,1.6719022687609075,1.3891797556719023,0.6719022687609075,2.1378627207383087,0.0004756427040720772,0.93717277486911,0.9300847457627118,0.9702970297029703,0.04021228394025844,1.5802792321116927,0.5802792321116929,1.2443280977312392
NHANES,model_a_screening,XGBoost,adaptive_calibration_target_selected,temperature,dp_shift_atcp,0.8,0.75,0.8,0.8132635253054101,0.7966101694915254,0.8910891089108911,0.09447893941936569,1.2600349040139616,0.7835951134380453,0.2600349040139616,1.607861515586291,0.0004756427040720772,0.7521815008726004,0.7404661016949152,0.806930693069307,0.06646459137439176,1.1509598603839442,0.15095986038394416,0.6858638743455497
NHANES,model_a_screening,XGBoost,adaptive_calibration_target_selected,temperature,multi_objective_dp_shift_atcp,0.8,0.75,0.8,0.8132635253054101,0.7966101694915254,0.8910891089108911,0.09447893941936569,1.2600349040139616,0.7835951134380453,0.2600349040139616,1.607861515586291,0.0004756427040720772,0.7521815008726004,0.7404661016949152,0.806930693069307,0.06646459137439176,1.1509598603839442,0.15095986038394416,0.6858638743455497
NHANES,model_a_screening,XGBoost,adaptive_calibration_target_selected,temperature,dp_shift_atcp,0.85,0.7999999999999999,0.85,0.8656195462478184,0.8432203389830508,0.9702970297029703,0.12707669071991945,1.418848167539267,0.9930191972076788,0.418848167539267,1.9003008999542246,0.0004756427040720772,0.800174520069808,0.788135593220339,0.8564356435643564,0.06830005034401743,1.2582897033158813,0.2582897033158813,0.8176265270506108
NHANES,model_a_screening,XGBoost,adaptive_calibration_target_selected,temperature,multi_objective_dp_shift_atcp,0.85,0.7999999999999999,0.85,0.8656195462478184,0.8432203389830508,0.9702970297029703,0.12707669071991945,1.418848167539267,0.9930191972076788,0.418848167539267,1.9003008999542246,0.0004756427040720772,0.800174520069808,0.788135593220339,0.8564356435643564,0.06830005034401743,1.2582897033158813,0.2582897033158813,0.8176265270506108
NHANES,model_a_screening,XGBoost,adaptive_calibration_target_selected,temperature,dp_shift_atcp,0.9,0.85,0.9,0.8970331588132635,0.8792372881355932,0.9801980198019802,0.10096073166638697,1.4973821989528795,1.111692844677138,0.4973821989528796,1.9200274849341357,0.0004756427040720772,0.8595113438045375,0.8432203389830508,0.9356435643564357,0.09242322537338488,1.3970331588132636,0.3970331588132635,0.9799301919720768
NHANES,model_a_screening,XGBoost,adaptive_calibration_target_selected,temperature,multi_objective_dp_shift_atcp,0.9,0.85,0.9,0.8970331588132635,0.8792372881355932,0.9801980198019802,0.10096073166638697,1.4973821989528795,1.111692844677138,0.4973821989528796,1.9200274849341357,0.0004756427040720772,0.9092495636998255,1.0,0.48514851485148514,0.5148514851485149,1.2111692844677138,0.2111692844677138,0.8760907504363001
NHANES,model_a_screening,XGBoost,adaptive_calibration_target_selected,temperature,dp_shift_atcp,0.92,0.87,0.92,0.9144851657940664,0.9004237288135594,0.9801980198019802,0.07977429098842082,1.5392670157068062,1.1780104712041886,0.5392670157068062,1.967654455679839,0.0004756427040720772,0.8830715532286213,0.8686440677966102,0.9504950495049505,0.08185098170834026,1.4520069808027922,0.45200698080279234,1.0558464223385688
NHANES,model_a_screening,XGBoost,adaptive_calibration_target_selected,temperature,multi_objective_dp_shift_atcp,0.92,0.87,0.92,0.9144851657940664,0.9004237288135594,0.9801980198019802,0.07977429098842082,1.5392670157068062,1.1780104712041886,0.5392670157068062,1.967654455679839,0.0004756427040720772,0.9319371727748691,1.0,0.6138613861386139,0.38613861386138615,1.301047120418848,0.3010471204188482,0.9424083769633508
NHANES,model_a_screening,XGBoost,adaptive_calibration_target_selected,temperature,dp_shift_atcp,0.95,0.9199999999999999,0.95,0.9546247818499127,0.9449152542372882,1.0,0.05508474576271183,1.6719022687609075,1.3891797556719023,0.6719022687609075,2.1378627207383087,0.0004756427040720772,0.93717277486911,0.9300847457627118,0.9702970297029703,0.04021228394025844,1.5802792321116927,0.5802792321116929,1.2443280977312392
NHANES,model_a_screening,XGBoost,adaptive_calibration_target_selected,temperature,multi_objective_dp_shift_atcp,0.95,0.9199999999999999,0.95,0.9546247818499127,0.9449152542372882,1.0,0.05508474576271183,1.6719022687609075,1.3891797556719023,0.6719022687609075,2.1378627207383087,0.0004756427040720772,0.93717277486911,0.9300847457627118,0.9702970297029703,0.04021228394025844,1.5802792321116927,0.5802792321116929,1.2443280977312392
Pima,model_a_screening,XGBoost,naive_transfer,uncalibrated,dp_shift_atcp,0.8,0.75,0.8,0.78125,0.736,0.8656716417910447,0.12967164179104473,1.2447916666666667,0.8958333333333334,0.24479166666666666,1.7320074626865676,0.0001636228412591333,0.7734375,0.752,0.8134328358208955,0.06143283582089554,1.2552083333333333,0.2552083333333333,0.9973958333333334
Pima,model_a_screening,XGBoost,naive_transfer,uncalibrated,multi_objective_dp_shift_atcp,0.8,0.75,0.8,0.78125,0.736,0.8656716417910447,0.12967164179104473,1.2447916666666667,0.8958333333333334,0.24479166666666666,1.7320074626865676,0.0001636228412591333,0.7890625,1.0,0.39552238805970147,0.6044776119402986,1.265625,0.265625,1.5859375
Pima,model_a_screening,XGBoost,naive_transfer,uncalibrated,dp_shift_atcp,0.85,0.82,0.85,0.8489583333333334,0.832,0.8805970149253731,0.04859701492537316,1.375,1.0677083333333333,0.375,1.7119580223880595,0.0001636228412591333,0.8203125,0.804,0.8507462686567164,0.04674626865671638,1.3645833333333333,0.3645833333333333,1.1171875
Pima,model_a_screening,XGBoost,naive_transfer,uncalibrated,multi_objective_dp_shift_atcp,0.85,0.82,0.85,0.8489583333333334,0.832,0.8805970149253731,0.04859701492537316,1.375,1.0677083333333333,0.375,1.7119580223880595,0.0001636228412591333,0.8255208333333334,1.0,0.5,0.5,1.3411458333333333,0.3411458333333333,1.5546875
Pima,model_a_screening,XGBoost,naive_transfer,uncalibrated,dp_shift_atcp,0.9,0.88,0.9,0.9010416666666666,0.888,0.9253731343283582,0.037373134328358204,1.5520833333333333,1.3072916666666667,0.5520833333333334,1.9565805348258705,0.0001636228412591333,0.890625,0.872,0.9253731343283582,0.05337313432835822,1.5364583333333333,0.5364583333333334,1.2864583333333333
Pima,model_a_screening,XGBoost,naive_transfer,uncalibrated,multi_objective_dp_shift_atcp,0.9,0.88,0.9,0.9010416666666666,0.888,0.9253731343283582,0.037373134328358204,1.5520833333333333,1.3072916666666667,0.5520833333333334,1.9565805348258705,0.0001636228412591333,0.890625,0.872,0.9253731343283582,0.05337313432835822,1.5364583333333333,0.5364583333333334,1.2864583333333333
Pima,model_a_screening,XGBoost,naive_transfer,uncalibrated,dp_shift_atcp,0.92,0.92,0.92,0.9114583333333334,0.904,0.9253731343283582,0.02137313432835819,1.578125,1.3489583333333333,0.578125,2.0117472014925375,0.0001636228412591333,0.9192708333333334,0.9,0.9552238805970149,0.055223880597014885,1.6276041666666667,0.6276041666666666,1.3984375
Pima,model_a_screening,XGBoost,naive_transfer,uncalibrated,multi_objective_dp_shift_atcp,0.92,0.92,0.92,0.9114583333333334,0.904,0.9253731343283582,0.02137313432835819,1.578125,1.3489583333333333,0.578125,2.0117472014925375,0.0001636228412591333,0.921875,1.0,0.7761194029850746,0.22388059701492535,1.5520833333333333,0.5520833333333334,1.4947916666666667
Pima,model_a_screening,XGBoost,naive_transfer,uncalibrated,dp_shift_atcp,0.95,0.95,0.95,0.9427083333333334,0.936,0.9552238805970149,0.019223880597014853,1.6927083333333333,1.5052083333333333,0.6927083333333334,2.1720649875621887,0.0001636228412591333,0.9453125,0.924,0.9850746268656716,0.061074626865671555,1.7135416666666667,0.7135416666666666,1.5026041666666667
Pima,model_a_screening,XGBoost,naive_transfer,uncalibrated,multi_objective_dp_shift_atcp,0.95,0.95,0.95,0.9427083333333334,0.936,0.9552238805970149,0.019223880597014853,1.6927083333333333,1.5052083333333333,0.6927083333333334,2.1720649875621887,0.0001636228412591333,0.9661458333333334,1.0,0.9029850746268657,0.09701492537313428,1.6588541666666667,0.6588541666666666,1.4869791666666667
Pima,model_a_screening,XGBoost,label_shift_adjusted,label_shift,dp_shift_atcp,0.8,0.75,0.8,0.78125,0.736,0.8656716417910447,0.12967164179104473,1.2447916666666667,0.8958333333333334,0.24479166666666666,1.7320074626865676,0.0001636228412591333,0.7734375,0.752,0.8134328358208955,0.06143283582089554,1.2552083333333333,0.2552083333333333,0.9973958333333334
Pima,model_a_screening,XGBoost,label_shift_adjusted,label_shift,multi_objective_dp_shift_atcp,0.8,0.75,0.8,0.78125,0.736,0.8656716417910447,0.12967164179104473,1.2447916666666667,0.8958333333333334,0.24479166666666666,1.7320074626865676,0.0001636228412591333,0.7682291666666666,0.944,0.44029850746268656,0.5037014925373133,1.2369791666666667,0.23697916666666666,1.4869791666666667
Pima,model_a_screening,XGBoost,label_shift_adjusted,label_shift,dp_shift_atcp,0.85,0.82,0.85,0.8489583333333334,0.832,0.8805970149253731,0.04859701492537316,1.375,1.0677083333333333,0.375,1.7119580223880595,0.0001636228412591333,0.8203125,0.804,0.8507462686567164,0.04674626865671638,1.3645833333333333,0.3645833333333333,1.1171875
Pima,model_a_screening,XGBoost,label_shift_adjusted,label_shift,multi_objective_dp_shift_atcp,0.85,0.82,0.85,0.8489583333333334,0.832,0.8805970149253731,0.04859701492537316,1.375,1.0677083333333333,0.375,1.7119580223880595,0.0001636228412591333,0.8151041666666666,0.972,0.5223880597014925,0.4496119402985075,1.3307291666666667,0.3307291666666667,1.5130208333333333
Pima,model_a_screening,XGBoost,label_shift_adjusted,label_shift,dp_shift_atcp,0.9,0.88,0.9,0.9010416666666666,0.888,0.9253731343283582,0.037373134328358204,1.5520833333333333,1.3072916666666667,0.5520833333333334,1.9565805348258705,0.0001636228412591333,0.890625,0.872,0.9253731343283582,0.05337313432835822,1.5364583333333333,0.5364583333333334,1.2864583333333333
Pima,model_a_screening,XGBoost,label_shift_adjusted,label_shift,multi_objective_dp_shift_atcp,0.9,0.88,0.9,0.9010416666666666,0.888,0.9253731343283582,0.037373134328358204,1.5520833333333333,1.3072916666666667,0.5520833333333334,1.9565805348258705,0.0001636228412591333,0.890625,0.872,0.9253731343283582,0.05337313432835822,1.5364583333333333,0.5364583333333334,1.2864583333333333
Pima,model_a_screening,XGBoost,label_shift_adjusted,label_shift,dp_shift_atcp,0.92,0.92,0.92,0.9114583333333334,0.904,0.9253731343283582,0.02137313432835819,1.578125,1.3489583333333333,0.578125,2.0117472014925375,0.0001636228412591333,0.9192708333333334,0.9,0.9552238805970149,0.055223880597014885,1.6276041666666667,0.6276041666666666,1.3984375
Pima,model_a_screening,XGBoost,label_shift_adjusted,label_shift,multi_objective_dp_shift_atcp,0.92,0.92,0.92,0.9114583333333334,0.904,0.9253731343283582,0.02137313432835819,1.578125,1.3489583333333333,0.578125,2.0117472014925375,0.0001636228412591333,0.921875,1.0,0.7761194029850746,0.22388059701492535,1.5494791666666667,0.5494791666666666,1.4895833333333333
Pima,model_a_screening,XGBoost,label_shift_adjusted,label_shift,dp_shift_atcp,0.95,0.95,0.95,0.9427083333333334,0.936,0.9552238805970149,0.019223880597014853,1.6927083333333333,1.5052083333333333,0.6927083333333334,2.1720649875621887,0.0001636228412591333,0.9453125,0.924,0.9850746268656716,0.061074626865671555,1.7135416666666667,0.7135416666666666,1.5026041666666667
Pima,model_a_screening,XGBoost,label_shift_adjusted,label_shift,multi_objective_dp_shift_atcp,0.95,0.95,0.95,0.9427083333333334,0.936,0.9552238805970149,0.019223880597014853,1.6927083333333333,1.5052083333333333,0.6927083333333334,2.1720649875621887,0.0001636228412591333,0.9661458333333334,1.0,0.9029850746268657,0.09701492537313428,1.6588541666666667,0.6588541666666666,1.4869791666666667
Pima,model_a_screening,XGBoost,fixed_recalibration_source_selected,beta,dp_shift_atcp,0.8,0.75,0.8,0.7864583333333334,0.744,0.8656716417910447,0.12167164179104473,1.2552083333333333,0.9114583333333334,0.2552083333333333,1.710111629353234,0.0001636228412591333,0.7734375,0.752,0.8134328358208955,0.06143283582089554,1.2552083333333333,0.2552083333333333,0.9973958333333334
Pima,model_a_screening,XGBoost,fixed_recalibration_source_selected,beta,multi_objective_dp_shift_atcp,0.8,0.75,0.8,0.7864583333333334,0.744,0.8656716417910447,0.12167164179104473,1.2552083333333333,0.9114583333333334,0.2552083333333333,1.710111629353234,0.0001636228412591333,0.7604166666666666,0.9,0.5,0.4,1.2213541666666667,0.22135416666666666,1.3802083333333333
Pima,model_a_screening,XGBoost,fixed_recalibration_source_selected,beta,dp_shift_atcp,0.85,0.82,0.85,0.8489583333333334,0.832,0.8805970149253731,0.04859701492537316,1.375,1.0677083333333333,0.375,1.7119580223880595,0.0001636228412591333,0.8203125,0.804,0.8507462686567164,0.04674626865671638,1.3645833333333333,0.3645833333333333,1.1171875
Pima,model_a_screening,XGBoost,fixed_recalibration_source_selected,beta,multi_objective_dp_shift_atcp,0.85,0.82,0.85,0.8489583333333334,0.832,0.8805970149253731,0.04859701492537316,1.375,1.0677083333333333,0.375,1.7119580223880595,0.0001636228412591333,0.828125,0.952,0.5970149253731343,0.3549850746268657,1.3567708333333333,0.3567708333333333,1.4479166666666667
Pima,model_a_screening,XGBoost,fixed_recalibration_source_selected,beta,dp_shift_atcp,0.9,0.88,0.9,0.9010416666666666,0.888,0.9253731343283582,0.037373134328358204,1.5520833333333333,1.3072916666666667,0.5520833333333334,1.9565805348258705,0.0001636228412591333,0.890625,0.872,0.9253731343283582,0.05337313432835822,1.5364583333333333,0.5364583333333334,1.2864583333333333
Pima,model_a_screening,XGBoost,fixed_recalibration_source_selected,beta,multi_objective_dp_shift_atcp,0.9,0.88,0.9,0.9010416666666666,0.888,0.9253731343283582,0.037373134328358204,1.5520833333333333,1.3072916666666667,0.5520833333333334,1.9565805348258705,0.0001636228412591333,0.890625,0.872,0.9253731343283582,0.05337313432835822,1.5364583333333333,0.5364583333333334,1.2864583333333333
Pima,model_a_screening,XGBoost,fixed_recalibration_source_selected,beta,dp_shift_atcp,0.92,0.92,0.92,0.9114583333333334,0.904,0.9253731343283582,0.02137313432835819,1.578125,1.3489583333333333,0.578125,2.0117472014925375,0.0001636228412591333,0.9192708333333334,0.9,0.9552238805970149,0.055223880597014885,1.6276041666666667,0.6276041666666666,1.3984375
Pima,model_a_screening,XGBoost,fixed_recalibration_source_selected,beta,multi_objective_dp_shift_atcp,0.92,0.92,0.92,0.9114583333333334,0.904,0.9253731343283582,0.02137313432835819,1.578125,1.3489583333333333,0.578125,2.0117472014925375,0.0001636228412591333,0.921875,1.0,0.7761194029850746,0.22388059701492535,1.5520833333333333,0.5520833333333334,1.4947916666666667
Pima,model_a_screening,XGBoost,fixed_recalibration_source_selected,beta,dp_shift_atcp,0.95,0.95,0.95,0.9427083333333334,0.936,0.9552238805970149,0.019223880597014853,1.6927083333333333,1.5052083333333333,0.6927083333333334,2.1720649875621887,0.0001636228412591333,0.9453125,0.924,0.9850746268656716,0.061074626865671555,1.7135416666666667,0.7135416666666666,1.5026041666666667
Pima,model_a_screening,XGBoost,fixed_recalibration_source_selected,beta,multi_objective_dp_shift_atcp,0.95,0.95,0.95,0.9427083333333334,0.936,0.9552238805970149,0.019223880597014853,1.6927083333333333,1.5052083333333333,0.6927083333333334,2.1720649875621887,0.0001636228412591333,0.9661458333333334,1.0,0.9029850746268657,0.09701492537313428,1.6588541666666667,0.6588541666666666,1.4869791666666667
Pima,model_a_screening,XGBoost,adaptive_calibration_target_selected,platt,dp_shift_atcp,0.8,0.75,0.8,0.7760416666666666,0.728,0.8656716417910447,0.13767164179104474,1.2291666666666667,0.8697916666666666,0.22916666666666666,1.744528296019901,0.0001636228412591333,0.7734375,0.752,0.8134328358208955,0.06143283582089554,1.2552083333333333,0.2552083333333333,0.9973958333333334
Pima,model_a_screening,XGBoost,adaptive_calibration_target_selected,platt,multi_objective_dp_shift_atcp,0.8,0.75,0.8,0.7760416666666666,0.728,0.8656716417910447,0.13767164179104474,1.2291666666666667,0.8697916666666666,0.22916666666666666,1.744528296019901,0.0001636228412591333,0.7630208333333334,0.908,0.4925373134328358,0.41546268656716423,1.2239583333333333,0.22395833333333334,1.3932291666666667
Pima,model_a_screening,XGBoost,adaptive_calibration_target_selected,platt,dp_shift_atcp,0.85,0.82,0.85,0.8489583333333334,0.832,0.8805970149253731,0.04859701492537316,1.375,1.0677083333333333,0.375,1.7119580223880595,0.0001636228412591333,0.8203125,0.804,0.8507462686567164,0.04674626865671638,1.3645833333333333,0.3645833333333333,1.1171875
Pima,model_a_screening,XGBoost,adaptive_calibration_target_selected,platt,multi_objective_dp_shift_atcp,0.85,0.82,0.85,0.8489583333333334,0.832,0.8805970149253731,0.04859701492537316,1.375,1.0677083333333333,0.375,1.7119580223880595,0.0001636228412591333,0.828125,0.952,0.5970149253731343,0.3549850746268657,1.3567708333333333,0.3567708333333333,1.4479166666666667
Pima,model_a_screening,XGBoost,adaptive_calibration_target_selected,platt,dp_shift_atcp,0.9,0.88,0.9,0.9010416666666666,0.888,0.9253731343283582,0.037373134328358204,1.5520833333333333,1.3072916666666667,0.5520833333333334,1.9565805348258705,0.0001636228412591333,0.890625,0.872,0.9253731343283582,0.05337313432835822,1.5364583333333333,0.5364583333333334,1.2864583333333333
Pima,model_a_screening,XGBoost,adaptive_calibration_target_selected,platt,multi_objective_dp_shift_atcp,0.9,0.88,0.9,0.9010416666666666,0.888,0.9253731343283582,0.037373134328358204,1.5520833333333333,1.3072916666666667,0.5520833333333334,1.9565805348258705,0.0001636228412591333,0.890625,0.872,0.9253731343283582,0.05337313432835822,1.5364583333333333,0.5364583333333334,1.2864583333333333
Pima,model_a_screening,XGBoost,adaptive_calibration_target_selected,platt,dp_shift_atcp,0.92,0.92,0.92,0.9114583333333334,0.904,0.9253731343283582,0.02137313432835819,1.578125,1.3489583333333333,0.578125,2.0117472014925375,0.0001636228412591333,0.9192708333333334,0.9,0.9552238805970149,0.055223880597014885,1.6276041666666667,0.6276041666666666,1.3984375
Pima,model_a_screening,XGBoost,adaptive_calibration_target_selected,platt,multi_objective_dp_shift_atcp,0.92,0.92,0.92,0.9114583333333334,0.904,0.9253731343283582,0.02137313432835819,1.578125,1.3489583333333333,0.578125,2.0117472014925375,0.0001636228412591333,0.921875,0.988,0.7985074626865671,0.18949253731343285,1.5546875,0.5546875,1.46875
Pima,model_a_screening,XGBoost,adaptive_calibration_target_selected,platt,dp_shift_atcp,0.95,0.95,0.95,0.9427083333333334,0.936,0.9552238805970149,0.019223880597014853,1.6927083333333333,1.5052083333333333,0.6927083333333334,2.1720649875621887,0.0001636228412591333,0.9453125,0.924,0.9850746268656716,0.061074626865671555,1.7135416666666667,0.7135416666666666,1.5026041666666667
Pima,model_a_screening,XGBoost,adaptive_calibration_target_selected,platt,multi_objective_dp_shift_atcp,0.95,0.95,0.95,0.9427083333333334,0.936,0.9552238805970149,0.019223880597014853,1.6927083333333333,1.5052083333333333,0.6927083333333334,2.1720649875621887,0.0001636228412591333,0.9635416666666666,0.996,0.9029850746268657,0.09301492537313427,1.6588541666666667,0.6588541666666666,1.4895833333333333
NHANES,model_a_screening,LightGBM,naive_transfer,uncalibrated,dp_shift_atcp,0.8,0.75,0.8,0.8045375218150087,0.7838983050847458,0.900990099009901,0.11709179392515523,1.2739965095986039,0.8132635253054101,0.27399650959860383,1.624154270294364,0.0004756427040720772,0.7705061082024433,0.7616525423728814,0.8118811881188119,0.050228645745930556,1.1893542757417104,0.1893542757417103,0.7408376963350786
NHANES,model_a_screening,LightGBM,naive_transfer,uncalibrated,multi_objective_dp_shift_atcp,0.8,0.75,0.8,0.8045375218150087,0.7838983050847458,0.900990099009901,0.11709179392515523,1.2739965095986039,0.8132635253054101,0.27399650959860383,1.624154270294364,0.0004756427040720772,0.7705061082024433,0.7616525423728814,0.8118811881188119,0.050228645745930556,1.1893542757417104,0.1893542757417103,0.7408376963350786
NHANES,model_a_screening,LightGBM,naive_transfer,uncalibrated,dp_shift_atcp,0.85,0.7999999999999999,0.85,0.8638743455497382,0.8411016949152542,0.9702970297029703,0.12919533478771605,1.4153577661431065,0.987783595113438,0.41535776614310643,1.8893427404014693,0.0004756427040720772,0.806282722513089,0.798728813559322,0.8415841584158416,0.04285534485651954,1.274869109947644,0.27486910994764396,0.8551483420593369
NHANES,model_a_screening,LightGBM,naive_transfer,uncalibrated,multi_objective_dp_shift_atcp,0.85,0.7999999999999999,0.85,0.8638743455497382,0.8411016949152542,0.9702970297029703,0.12919533478771605,1.4153577661431065,0.987783595113438,0.41535776614310643,1.8893427404014693,0.0004756427040720772,0.806282722513089,0.798728813559322,0.8415841584158416,0.04285534485651954,1.274869109947644,0.27486910994764396,0.8551483420593369
NHANES,model_a_screening,LightGBM,naive_transfer,uncalibrated,dp_shift_atcp,0.9,0.87,0.9,0.8952879581151832,0.8771186440677966,0.9801980198019802,0.10307937573418358,1.493891797556719,1.1064572425828971,0.493891797556719,1.926521332362183,0.0004756427040720772,0.8891797556719022,0.8845338983050848,0.9108910891089109,0.026357190803826147,1.431064572425829,0.43106457242582896,1.0357766143106457
NHANES,model_a_screening,LightGBM,naive_transfer,uncalibrated,multi_objective_dp_shift_atcp,0.9,0.87,0.9,0.8952879581151832,0.8771186440677966,0.9801980198019802,0.10307937573418358,1.493891797556719,1.1064572425828971,0.493891797556719,1.926521332362183,0.0004756427040720772,0.9109947643979057,0.8940677966101694,0.9900990099009901,0.09603121329082065,1.655322862129145,0.6553228621291448,1.406631762652705
NHANES,model_a_screening,LightGBM,naive_transfer,uncalibrated,dp_shift_atcp,0.92,0.89,0.92,0.924956369982548,0.9088983050847458,1.0,0.09110169491525422,1.5514834205933683,1.1780104712041886,0.5514834205933682,1.9916263643624104,0.0004756427040720772,0.9092495636998255,0.9036016949152542,0.9356435643564357,0.03204186944118148,1.4956369982547992,0.4956369982547993,1.1273996509598603
NHANES,model_a_screening,LightGBM,naive_transfer,uncalibrated,multi_objective_dp_shift_atcp,0.92,0.89,0.92,0.924956369982548,0.9088983050847458,1.0,0.09110169491525422,1.5514834205933683,1.1780104712041886,0.5514834205933682,1.9916263643624104,0.0004756427040720772,0.9092495636998255,0.9036016949152542,0.9356435643564357,0.03204186944118148,1.4956369982547992,0.4956369982547993,1.1273996509598603
NHANES,model_a_screening,LightGBM,naive_transfer,uncalibrated,dp_shift_atcp,0.95,0.9199999999999999,0.95,0.956369982547993,0.9470338983050848,1.0,0.052966101694915224,1.6544502617801047,1.3525305410122164,0.6544502617801047,2.11112454521253,0.0004756427040720772,0.9380453752181501,0.934322033898305,0.9554455445544554,0.02112351065615037,1.5636998254799301,0.5636998254799301,1.2207678883071553
NHANES,model_a_screening,LightGBM,naive_transfer,uncalibrated,multi_objective_dp_shift_atcp,0.95,0.9199999999999999,0.95,0.956369982547993,0.9470338983050848,1.0,0.052966101694915224,1.6544502617801047,1.3525305410122164,0.6544502617801047,2.11112454521253,0.0004756427040720772,0.9380453752181501,0.934322033898305,0.9554455445544554,0.02112351065615037,1.5636998254799301,0.5636998254799301,1.2207678883071553
NHANES,model_a_screening,LightGBM,label_shift_adjusted,label_shift,dp_shift_atcp,0.8,0.75,0.8,0.8045375218150087,0.7838983050847458,0.900990099009901,0.11709179392515523,1.2739965095986039,0.8132635253054101,0.27399650959860383,1.624154270294364,0.0004756427040720772,0.7705061082024433,0.7616525423728814,0.8118811881188119,0.050228645745930556,1.1893542757417104,0.1893542757417103,0.7408376963350786
NHANES,model_a_screening,LightGBM,label_shift_adjusted,label_shift,multi_objective_dp_shift_atcp,0.8,0.75,0.8,0.8045375218150087,0.7838983050847458,0.900990099009901,0.11709179392515523,1.2739965095986039,0.8132635253054101,0.27399650959860383,1.624154270294364,0.0004756427040720772,0.7705061082024433,0.7616525423728814,0.8118811881188119,0.050228645745930556,1.1893542757417104,0.1893542757417103,0.7408376963350786
NHANES,model_a_screening,LightGBM,label_shift_adjusted,label_shift,dp_shift_atcp,0.85,0.7999999999999999,0.85,0.8638743455497382,0.8411016949152542,0.9702970297029703,0.12919533478771605,1.4153577661431065,0.987783595113438,0.41535776614310643,1.8893427404014693,0.0004756427040720772,0.806282722513089,0.798728813559322,0.8415841584158416,0.04285534485651954,1.274869109947644,0.27486910994764396,0.8551483420593369
NHANES,model_a_screening,LightGBM,label_shift_adjusted,label_shift,multi_objective_dp_shift_atcp,0.85,0.7999999999999999,0.85,0.8638743455497382,0.8411016949152542,0.9702970297029703,0.12919533478771605,1.4153577661431065,0.987783595113438,0.41535776614310643,1.8893427404014693,0.0004756427040720772,0.806282722513089,0.798728813559322,0.8415841584158416,0.04285534485651954,1.274869109947644,0.27486910994764396,0.8551483420593369
NHANES,model_a_screening,LightGBM,label_shift_adjusted,label_shift,dp_shift_atcp,0.9,0.87,0.9,0.8952879581151832,0.8771186440677966,0.9801980198019802,0.10307937573418358,1.493891797556719,1.1064572425828971,0.493891797556719,1.926521332362183,0.0004756427040720772,0.8891797556719022,0.8845338983050848,0.9108910891089109,0.026357190803826147,1.431064572425829,0.43106457242582896,1.0357766143106457
NHANES,model_a_screening,LightGBM,label_shift_adjusted,label_shift,multi_objective_dp_shift_atcp,0.9,0.87,0.9,0.8952879581151832,0.8771186440677966,0.9801980198019802,0.10307937573418358,1.493891797556719,1.1064572425828971,0.493891797556719,1.926521332362183,0.0004756427040720772,0.9066317626527051,0.8866525423728814,1.0,0.11334745762711862,1.8272251308900525,0.8272251308900523,1.7478184991273997
NHANES,model_a_screening,LightGBM,label_shift_adjusted,label_shift,dp_shift_atcp,0.92,0.89,0.92,0.924956369982548,0.9088983050847458,1.0,0.09110169491525422,1.5514834205933683,1.1780104712041886,0.5514834205933682,1.9916263643624104,0.0004756427040720772,0.9092495636998255,0.9036016949152542,0.9356435643564357,0.03204186944118148,1.4956369982547992,0.4956369982547993,1.1273996509598603
NHANES,model_a_screening,LightGBM,label_shift_adjusted,label_shift,multi_objective_dp_shift_atcp,0.92,0.89,0.92,0.924956369982548,0.9088983050847458,1.0,0.09110169491525422,1.5514834205933683,1.1780104712041886,0.5514834205933682,1.9916263643624104,0.0004756427040720772,0.9092495636998255,0.9036016949152542,0.9356435643564357,0.03204186944118148,1.4956369982547992,0.4956369982547993,1.1273996509598603
NHANES,model_a_screening,LightGBM,label_shift_adjusted,label_shift,dp_shift_atcp,0.95,0.9199999999999999,0.95,0.956369982547993,0.9470338983050848,1.0,0.052966101694915224,1.6544502617801047,1.3525305410122164,0.6544502617801047,2.11112454521253,0.0004756427040720772,0.9380453752181501,0.934322033898305,0.9554455445544554,0.02112351065615037,1.5636998254799301,0.5636998254799301,1.2207678883071553
NHANES,model_a_screening,LightGBM,label_shift_adjusted,label_shift,multi_objective_dp_shift_atcp,0.95,0.9199999999999999,0.95,0.956369982547993,0.9470338983050848,1.0,0.052966101694915224,1.6544502617801047,1.3525305410122164,0.6544502617801047,2.11112454521253,0.0004756427040720772,0.9380453752181501,0.934322033898305,0.9554455445544554,0.02112351065615037,1.5636998254799301,0.5636998254799301,1.2207678883071553
NHANES,model_a_screening,LightGBM,fixed_recalibration_source_selected,platt,dp_shift_atcp,0.8,0.75,0.8,0.8045375218150087,0.7838983050847458,0.900990099009901,0.11709179392515523,1.2739965095986039,0.8132635253054101,0.27399650959860383,1.624154270294364,0.0004756427040720772,0.7705061082024433,0.7616525423728814,0.8118811881188119,0.050228645745930556,1.1893542757417104,0.1893542757417103,0.7408376963350786
NHANES,model_a_screening,LightGBM,fixed_recalibration_source_selected,platt,multi_objective_dp_shift_atcp,0.8,0.75,0.8,0.8045375218150087,0.7838983050847458,0.900990099009901,0.11709179392515523,1.2739965095986039,0.8132635253054101,0.27399650959860383,1.624154270294364,0.0004756427040720772,0.7705061082024433,0.7616525423728814,0.8118811881188119,0.050228645745930556,1.1893542757417104,0.1893542757417103,0.7408376963350786
NHANES,model_a_screening,LightGBM,fixed_recalibration_source_selected,platt,dp_shift_atcp,0.85,0.7999999999999999,0.85,0.8638743455497382,0.8411016949152542,0.9702970297029703,0.12919533478771605,1.4153577661431065,0.987783595113438,0.41535776614310643,1.8893427404014693,0.0004756427040720772,0.806282722513089,0.798728813559322,0.8415841584158416,0.04285534485651954,1.274869109947644,0.27486910994764396,0.8551483420593369
NHANES,model_a_screening,LightGBM,fixed_recalibration_source_selected,platt,multi_objective_dp_shift_atcp,0.85,0.7999999999999999,0.85,0.8638743455497382,0.8411016949152542,0.9702970297029703,0.12919533478771605,1.4153577661431065,0.987783595113438,0.41535776614310643,1.8893427404014693,0.0004756427040720772,0.806282722513089,0.798728813559322,0.8415841584158416,0.04285534485651954,1.274869109947644,0.27486910994764396,0.8551483420593369
NHANES,model_a_screening,LightGBM,fixed_recalibration_source_selected,platt,dp_shift_atcp,0.9,0.87,0.9,0.8952879581151832,0.8771186440677966,0.9801980198019802,0.10307937573418358,1.493891797556719,1.1064572425828971,0.493891797556719,1.926521332362183,0.0004756427040720772,0.8891797556719022,0.8845338983050848,0.9108910891089109,0.026357190803826147,1.431064572425829,0.43106457242582896,1.0357766143106457
NHANES,model_a_screening,LightGBM,fixed_recalibration_source_selected,platt,multi_objective_dp_shift_atcp,0.9,0.87,0.9,0.8952879581151832,0.8771186440677966,0.9801980198019802,0.10307937573418358,1.493891797556719,1.1064572425828971,0.493891797556719,1.926521332362183,0.0004756427040720772,0.9066317626527051,1.0,0.47029702970297027,0.5297029702970297,1.2111692844677138,0.2111692844677138,0.8891797556719022
NHANES,model_a_screening,LightGBM,fixed_recalibration_source_selected,platt,dp_shift_atcp,0.92,0.89,0.92,0.924956369982548,0.9088983050847458,1.0,0.09110169491525422,1.5514834205933683,1.1780104712041886,0.5514834205933682,1.9916263643624104,0.0004756427040720772,0.9092495636998255,0.9036016949152542,0.9356435643564357,0.03204186944118148,1.4956369982547992,0.4956369982547993,1.1273996509598603
NHANES,model_a_screening,LightGBM,fixed_recalibration_source_selected,platt,multi_objective_dp_shift_atcp,0.92,0.89,0.92,0.924956369982548,0.9088983050847458,1.0,0.09110169491525422,1.5514834205933683,1.1780104712041886,0.5514834205933682,1.9916263643624104,0.0004756427040720772,0.9092495636998255,0.9036016949152542,0.9356435643564357,0.03204186944118148,1.4956369982547992,0.4956369982547993,1.1273996509598603
NHANES,model_a_screening,LightGBM,fixed_recalibration_source_selected,platt,dp_shift_atcp,0.95,0.9199999999999999,0.95,0.956369982547993,0.9470338983050848,1.0,0.052966101694915224,1.6544502617801047,1.3525305410122164,0.6544502617801047,2.11112454521253,0.0004756427040720772,0.9380453752181501,0.934322033898305,0.9554455445544554,0.02112351065615037,1.5636998254799301,0.5636998254799301,1.2207678883071553
NHANES,model_a_screening,LightGBM,fixed_recalibration_source_selected,platt,multi_objective_dp_shift_atcp,0.95,0.9199999999999999,0.95,0.956369982547993,0.9470338983050848,1.0,0.052966101694915224,1.6544502617801047,1.3525305410122164,0.6544502617801047,2.11112454521253,0.0004756427040720772,0.9380453752181501,0.934322033898305,0.9554455445544554,0.02112351065615037,1.5636998254799301,0.5636998254799301,1.2207678883071553
NHANES,model_a_screening,LightGBM,adaptive_calibration_target_selected,platt,dp_shift_atcp,0.8,0.75,0.8,0.8045375218150087,0.7838983050847458,0.900990099009901,0.11709179392515523,1.2739965095986039,0.8132635253054101,0.27399650959860383,1.624154270294364,0.0004756427040720772,0.7705061082024433,0.7616525423728814,0.8118811881188119,0.050228645745930556,1.1893542757417104,0.1893542757417103,0.7408376963350786
NHANES,model_a_screening,LightGBM,adaptive_calibration_target_selected,platt,multi_objective_dp_shift_atcp,0.8,0.75,0.8,0.8045375218150087,0.7838983050847458,0.900990099009901,0.11709179392515523,1.2739965095986039,0.8132635253054101,0.27399650959860383,1.624154270294364,0.0004756427040720772,0.7705061082024433,0.7616525423728814,0.8118811881188119,0.050228645745930556,1.1893542757417104,0.1893542757417103,0.7408376963350786
NHANES,model_a_screening,LightGBM,adaptive_calibration_target_selected,platt,dp_shift_atcp,0.85,0.7999999999999999,0.85,0.8638743455497382,0.8411016949152542,0.9702970297029703,0.12919533478771605,1.4153577661431065,0.987783595113438,0.41535776614310643,1.8893427404014693,0.0004756427040720772,0.806282722513089,0.798728813559322,0.8415841584158416,0.04285534485651954,1.274869109947644,0.27486910994764396,0.8551483420593369
NHANES,model_a_screening,LightGBM,adaptive_calibration_target_selected,platt,multi_objective_dp_shift_atcp,0.85,0.7999999999999999,0.85,0.8638743455497382,0.8411016949152542,0.9702970297029703,0.12919533478771605,1.4153577661431065,0.987783595113438,0.41535776614310643,1.8893427404014693,0.0004756427040720772,0.806282722513089,0.798728813559322,0.8415841584158416,0.04285534485651954,1.274869109947644,0.27486910994764396,0.8551483420593369
NHANES,model_a_screening,LightGBM,adaptive_calibration_target_selected,platt,dp_shift_atcp,0.9,0.87,0.9,0.8952879581151832,0.8771186440677966,0.9801980198019802,0.10307937573418358,1.493891797556719,1.1064572425828971,0.493891797556719,1.926521332362183,0.0004756427040720772,0.8891797556719022,0.8845338983050848,0.9108910891089109,0.026357190803826147,1.431064572425829,0.43106457242582896,1.0357766143106457
NHANES,model_a_screening,LightGBM,adaptive_calibration_target_selected,platt,multi_objective_dp_shift_atcp,0.9,0.87,0.9,0.8952879581151832,0.8771186440677966,0.9801980198019802,0.10307937573418358,1.493891797556719,1.1064572425828971,0.493891797556719,1.926521332362183,0.0004756427040720772,0.9066317626527051,1.0,0.47029702970297027,0.5297029702970297,1.2111692844677138,0.2111692844677138,0.8891797556719022
NHANES,model_a_screening,LightGBM,adaptive_calibration_target_selected,platt,dp_shift_atcp,0.92,0.89,0.92,0.924956369982548,0.9088983050847458,1.0,0.09110169491525422,1.5514834205933683,1.1780104712041886,0.5514834205933682,1.9916263643624104,0.0004756427040720772,0.9092495636998255,0.9036016949152542,0.9356435643564357,0.03204186944118148,1.4956369982547992,0.4956369982547993,1.1273996509598603
NHANES,model_a_screening,LightGBM,adaptive_calibration_target_selected,platt,multi_objective_dp_shift_atcp,0.92,0.89,0.92,0.924956369982548,0.9088983050847458,1.0,0.09110169491525422,1.5514834205933683,1.1780104712041886,0.5514834205933682,1.9916263643624104,0.0004756427040720772,0.9092495636998255,0.9036016949152542,0.9356435643564357,0.03204186944118148,1.4956369982547992,0.4956369982547993,1.1273996509598603
NHANES,model_a_screening,LightGBM,adaptive_calibration_target_selected,platt,dp_shift_atcp,0.95,0.9199999999999999,0.95,0.956369982547993,0.9470338983050848,1.0,0.052966101694915224,1.6544502617801047,1.3525305410122164,0.6544502617801047,2.11112454521253,0.0004756427040720772,0.9380453752181501,0.934322033898305,0.9554455445544554,0.02112351065615037,1.5636998254799301,0.5636998254799301,1.2207678883071553
NHANES,model_a_screening,LightGBM,adaptive_calibration_target_selected,platt,multi_objective_dp_shift_atcp,0.95,0.9199999999999999,0.95,0.956369982547993,0.9470338983050848,1.0,0.052966101694915224,1.6544502617801047,1.3525305410122164,0.6544502617801047,2.11112454521253,0.0004756427040720772,0.9380453752181501,0.934322033898305,0.9554455445544554,0.02112351065615037,1.5636998254799301,0.5636998254799301,1.2207678883071553
Pima,model_a_screening,LightGBM,naive_transfer,uncalibrated,dp_shift_atcp,0.8,0.77,0.8,0.796875,0.76,0.8656716417910447,0.10567164179104471,1.28125,0.953125,0.28125,1.6756949626865674,0.0001636228412591333,0.78125,0.772,0.7985074626865671,0.026507462686567118,1.2708333333333333,0.2708333333333333,1.0416666666666667
Pima,model_a_screening,LightGBM,naive_transfer,uncalibrated,multi_objective_dp_shift_atcp,0.8,0.77,0.8,0.796875,0.76,0.8656716417910447,0.10567164179104471,1.28125,0.953125,0.28125,1.6756949626865674,0.0001636228412591333,0.78125,0.872,0.6119402985074627,0.2600597014925373,1.2578125,0.2578125,1.2760416666666667
Pima,model_a_screening,LightGBM,naive_transfer,uncalibrated,dp_shift_atcp,0.85,0.83,0.85,0.8489583333333334,0.824,0.8955223880597015,0.07152238805970157,1.4114583333333333,1.1197916666666667,0.4114583333333333,1.8015544154228853,0.0001636228412591333,0.8359375,0.812,0.8805970149253731,0.06859701492537307,1.3880208333333333,0.3880208333333333,1.1067708333333333
Pima,model_a_screening,LightGBM,naive_transfer,uncalibrated,multi_objective_dp_shift_atcp,0.85,0.83,0.85,0.8489583333333334,0.824,0.8955223880597015,0.07152238805970157,1.4114583333333333,1.1197916666666667,0.4114583333333333,1.8015544154228853,0.0001636228412591333,0.8385416666666666,0.9,0.7238805970149254,0.17611940298507467,1.3828125,0.3828125,1.3125
Pima,model_a_screening,LightGBM,naive_transfer,uncalibrated,dp_shift_atcp,0.9,0.88,0.9,0.890625,0.872,0.9253731343283582,0.05337313432835822,1.515625,1.2447916666666667,0.515625,1.961830534825871,0.0001636228412591333,0.875,0.864,0.8955223880597015,0.031522388059701534,1.4973958333333333,0.4973958333333333,1.265625
Pima,model_a_screening,LightGBM,naive_transfer,uncalibrated,multi_objective_dp_shift_atcp,0.9,0.88,0.9,0.890625,0.872,0.9253731343283582,0.05337313432835822,1.515625,1.2447916666666667,0.515625,1.961830534825871,0.0001636228412591333,0.8932291666666666,0.952,0.7835820895522388,0.1684179104477611,1.5026041666666667,0.5026041666666666,1.4140625
Pima,model_a_screening,LightGBM,naive_transfer,uncalibrated,dp_shift_atcp,0.92,0.89,0.92,0.9114583333333334,0.904,0.9253731343283582,0.02137313432835819,1.5520833333333333,1.296875,0.5520833333333334,1.9648722014925373,0.0001636228412591333,0.8854166666666666,0.868,0.917910447761194,0.04991044776119402,1.5416666666666667,0.5416666666666666,1.3125
Pima,model_a_screening,LightGBM,naive_transfer,uncalibrated,multi_objective_dp_shift_atcp,0.92,0.89,0.92,0.9114583333333334,0.904,0.9253731343283582,0.02137313432835819,1.5520833333333333,1.296875,0.5520833333333334,1.9648722014925373,0.0001636228412591333,0.9140625,0.964,0.8208955223880597,0.14310447761194023,1.546875,0.546875,1.4296875
Pima,model_a_screening,LightGBM,naive_transfer,uncalibrated,dp_shift_atcp,0.95,0.8999999999999999,0.95,0.921875,0.912,0.9402985074626866,0.028298507462686584,1.6510416666666667,1.4635416666666667,0.6510416666666666,2.255079912935323,0.0001636228412591333,0.90625,0.872,0.9701492537313433,0.09814925373134331,1.6276041666666667,0.6276041666666666,1.390625
Pima,model_a_screening,LightGBM,naive_transfer,uncalibrated,multi_objective_dp_shift_atcp,0.95,0.8999999999999999,0.95,0.921875,0.912,0.9402985074626866,0.028298507462686584,1.6510416666666667,1.4635416666666667,0.6510416666666666,2.255079912935323,0.0001636228412591333,0.9505208333333334,0.98,0.8955223880597015,0.08447761194029846,1.625,0.625,1.4453125
Pima,model_a_screening,LightGBM,label_shift_adjusted,label_shift,dp_shift_atcp,0.8,0.77,0.8,0.796875,0.76,0.8656716417910447,0.10567164179104471,1.28125,0.953125,0.28125,1.6756949626865674,0.0001636228412591333,0.78125,0.772,0.7985074626865671,0.026507462686567118,1.2708333333333333,0.2708333333333333,1.0416666666666667
Pima,model_a_screening,LightGBM,label_shift_adjusted,label_shift,multi_objective_dp_shift_atcp,0.8,0.77,0.8,0.796875,0.76,0.8656716417910447,0.10567164179104471,1.28125,0.953125,0.28125,1.6756949626865674,0.0001636228412591333,0.8020833333333334,0.696,1.0,0.30400000000000005,1.6015625,0.6015625,1.4010416666666667
Pima,model_a_screening,LightGBM,label_shift_adjusted,label_shift,dp_shift_atcp,0.85,0.83,0.85,0.8489583333333334,0.824,0.8955223880597015,0.07152238805970157,1.4114583333333333,1.1197916666666667,0.4114583333333333,1.8015544154228853,0.0001636228412591333,0.8359375,0.812,0.8805970149253731,0.06859701492537307,1.3880208333333333,0.3880208333333333,1.1067708333333333
Pima,model_a_screening,LightGBM,label_shift_adjusted,label_shift,multi_objective_dp_shift_atcp,0.85,0.83,0.85,0.8489583333333334,0.824,0.8955223880597015,0.07152238805970157,1.4114583333333333,1.1197916666666667,0.4114583333333333,1.8015544154228853,0.0001636228412591333,0.8619791666666666,0.788,1.0,0.21199999999999997,1.703125,0.703125,1.5442708333333333
Pima,model_a_screening,LightGBM,label_shift_adjusted,label_shift,dp_shift_atcp,0.9,0.88,0.9,0.890625,0.872,0.9253731343283582,0.05337313432835822,1.515625,1.2447916666666667,0.515625,1.961830534825871,0.0001636228412591333,0.875,0.864,0.8955223880597015,0.031522388059701534,1.4973958333333333,0.4973958333333333,1.265625
Pima,model_a_screening,LightGBM,label_shift_adjusted,label_shift,multi_objective_dp_shift_atcp,0.9,0.88,0.9,0.890625,0.872,0.9253731343283582,0.05337313432835822,1.515625,1.2447916666666667,0.515625,1.961830534825871,0.0001636228412591333,0.8880208333333334,0.828,1.0,0.17200000000000004,1.7708333333333333,0.7708333333333334,1.6536458333333333
Pima,model_a_screening,LightGBM,label_shift_adjusted,label_shift,dp_shift_atcp,0.92,0.89,0.92,0.9114583333333334,0.904,0.9253731343283582,0.02137313432835819,1.5520833333333333,1.296875,0.5520833333333334,1.9648722014925373,0.0001636228412591333,0.8854166666666666,0.868,0.917910447761194,0.04991044776119402,1.5416666666666667,0.5416666666666666,1.3125
Pima,model_a_screening,LightGBM,label_shift_adjusted,label_shift,multi_objective_dp_shift_atcp,0.92,0.89,0.92,0.9114583333333334,0.904,0.9253731343283582,0.02137313432835819,1.5520833333333333,1.296875,0.5520833333333334,1.9648722014925373,0.0001636228412591333,0.9114583333333334,0.864,1.0,0.136,1.8177083333333333,0.8177083333333334,1.7239583333333333
Pima,model_a_screening,LightGBM,label_shift_adjusted,label_shift,dp_shift_atcp,0.95,0.8999999999999999,0.95,0.921875,0.912,0.9402985074626866,0.028298507462686584,1.6510416666666667,1.4635416666666667,0.6510416666666666,2.255079912935323,0.0001636228412591333,0.90625,0.872,0.9701492537313433,0.09814925373134331,1.6276041666666667,0.6276041666666666,1.390625
Pima,model_a_screening,LightGBM,label_shift_adjusted,label_shift,multi_objective_dp_shift_atcp,0.95,0.8999999999999999,0.95,0.921875,0.912,0.9402985074626866,0.028298507462686584,1.6510416666666667,1.4635416666666667,0.6510416666666666,2.255079912935323,0.0001636228412591333,0.9401041666666666,0.908,1.0,0.09199999999999997,1.8932291666666667,0.8932291666666666,1.8463541666666667
Pima,model_a_screening,LightGBM,fixed_recalibration_source_selected,platt,dp_shift_atcp,0.8,0.77,0.8,0.796875,0.76,0.8656716417910447,0.10567164179104471,1.28125,0.953125,0.28125,1.6756949626865674,0.0001636228412591333,0.78125,0.772,0.7985074626865671,0.026507462686567118,1.2708333333333333,0.2708333333333333,1.0416666666666667
Pima,model_a_screening,LightGBM,fixed_recalibration_source_selected,platt,multi_objective_dp_shift_atcp,0.8,0.77,0.8,0.796875,0.76,0.8656716417910447,0.10567164179104471,1.28125,0.953125,0.28125,1.6756949626865674,0.0001636228412591333,0.7630208333333334,0.908,0.4925373134328358,0.41546268656716423,1.2447916666666667,0.24479166666666666,1.4348958333333333
Pima,model_a_screening,LightGBM,fixed_recalibration_source_selected,platt,dp_shift_atcp,0.85,0.83,0.85,0.8489583333333334,0.824,0.8955223880597015,0.07152238805970157,1.4114583333333333,1.1197916666666667,0.4114583333333333,1.8015544154228853,0.0001636228412591333,0.8359375,0.812,0.8805970149253731,0.06859701492537307,1.3880208333333333,0.3880208333333333,1.1067708333333333
Pima,model_a_screening,LightGBM,fixed_recalibration_source_selected,platt,multi_objective_dp_shift_atcp,0.85,0.83,0.85,0.8489583333333334,0.824,0.8955223880597015,0.07152238805970157,1.4114583333333333,1.1197916666666667,0.4114583333333333,1.8015544154228853,0.0001636228412591333,0.8411458333333334,0.968,0.6044776119402985,0.3635223880597015,1.3776041666666667,0.3776041666666667,1.4661458333333333
Pima,model_a_screening,LightGBM,fixed_recalibration_source_selected,platt,dp_shift_atcp,0.9,0.88,0.9,0.890625,0.872,0.9253731343283582,0.05337313432835822,1.515625,1.2447916666666667,0.515625,1.961830534825871,0.0001636228412591333,0.875,0.864,0.8955223880597015,0.031522388059701534,1.4973958333333333,0.4973958333333333,1.265625
Pima,model_a_screening,LightGBM,fixed_recalibration_source_selected,platt,multi_objective_dp_shift_atcp,0.9,0.88,0.9,0.890625,0.872,0.9253731343283582,0.05337313432835822,1.515625,1.2447916666666667,0.515625,1.961830534825871,0.0001636228412591333,0.8932291666666666,0.984,0.7238805970149254,0.26011940298507463,1.484375,0.484375,1.4609375
Pima,model_a_screening,LightGBM,fixed_recalibration_source_selected,platt,dp_shift_atcp,0.92,0.89,0.92,0.9114583333333334,0.904,0.9253731343283582,0.02137313432835819,1.5520833333333333,1.296875,0.5520833333333334,1.9648722014925373,0.0001636228412591333,0.8854166666666666,0.868,0.917910447761194,0.04991044776119402,1.5416666666666667,0.5416666666666666,1.3125
Pima,model_a_screening,LightGBM,fixed_recalibration_source_selected,platt,multi_objective_dp_shift_atcp,0.92,0.89,0.92,0.9114583333333334,0.904,0.9253731343283582,0.02137313432835819,1.5520833333333333,1.296875,0.5520833333333334,1.9648722014925373,0.0001636228412591333,0.9244791666666666,0.996,0.7910447761194029,0.20495522388059706,1.5598958333333333,0.5598958333333334,1.4869791666666667
Pima,model_a_screening,LightGBM,fixed_recalibration_source_selected,platt,dp_shift_atcp,0.95,0.8999999999999999,0.95,0.921875,0.912,0.9402985074626866,0.028298507462686584,1.6510416666666667,1.4635416666666667,0.6510416666666666,2.255079912935323,0.0001636228412591333,0.90625,0.872,0.9701492537313433,0.09814925373134331,1.6276041666666667,0.6276041666666666,1.390625
Pima,model_a_screening,LightGBM,fixed_recalibration_source_selected,platt,multi_objective_dp_shift_atcp,0.95,0.8999999999999999,0.95,0.921875,0.912,0.9402985074626866,0.028298507462686584,1.6510416666666667,1.4635416666666667,0.6510416666666666,2.255079912935323,0.0001636228412591333,0.9635416666666666,1.0,0.8955223880597015,0.10447761194029848,1.6536458333333333,0.6536458333333334,1.4895833333333333
Pima,model_a_screening,LightGBM,adaptive_calibration_target_selected,beta,dp_shift_atcp,0.8,0.77,0.8,0.796875,0.76,0.8656716417910447,0.10567164179104471,1.28125,0.953125,0.28125,1.6756949626865674,0.0001636228412591333,0.78125,0.772,0.7985074626865671,0.026507462686567118,1.2708333333333333,0.2708333333333333,1.0416666666666667
Pima,model_a_screening,LightGBM,adaptive_calibration_target_selected,beta,multi_objective_dp_shift_atcp,0.8,0.77,0.8,0.796875,0.76,0.8656716417910447,0.10567164179104471,1.28125,0.953125,0.28125,1.6756949626865674,0.0001636228412591333,0.7760416666666666,0.908,0.5298507462686567,0.37814925373134334,1.265625,0.265625,1.4114583333333333
Pima,model_a_screening,LightGBM,adaptive_calibration_target_selected,beta,dp_shift_atcp,0.85,0.83,0.85,0.8489583333333334,0.824,0.8955223880597015,0.07152238805970157,1.4114583333333333,1.1197916666666667,0.4114583333333333,1.8015544154228853,0.0001636228412591333,0.8359375,0.812,0.8805970149253731,0.06859701492537307,1.3880208333333333,0.3880208333333333,1.1067708333333333
Pima,model_a_screening,LightGBM,adaptive_calibration_target_selected,beta,multi_objective_dp_shift_atcp,0.85,0.83,0.85,0.8489583333333334,0.824,0.8955223880597015,0.07152238805970157,1.4114583333333333,1.1197916666666667,0.4114583333333333,1.8015544154228853,0.0001636228412591333,0.8463541666666666,0.98,0.5970149253731343,0.3829850746268657,1.3880208333333333,0.3880208333333333,1.4921875
Pima,model_a_screening,LightGBM,adaptive_calibration_target_selected,beta,dp_shift_atcp,0.9,0.88,0.9,0.890625,0.872,0.9253731343283582,0.05337313432835822,1.515625,1.2447916666666667,0.515625,1.961830534825871,0.0001636228412591333,0.875,0.864,0.8955223880597015,0.031522388059701534,1.4973958333333333,0.4973958333333333,1.265625
Pima,model_a_screening,LightGBM,adaptive_calibration_target_selected,beta,multi_objective_dp_shift_atcp,0.9,0.88,0.9,0.890625,0.872,0.9253731343283582,0.05337313432835822,1.515625,1.2447916666666667,0.515625,1.961830534825871,0.0001636228412591333,0.9036458333333334,1.0,0.7238805970149254,0.27611940298507465,1.5,0.5,1.4817708333333333
Pima,model_a_screening,LightGBM,adaptive_calibration_target_selected,beta,dp_shift_atcp,0.92,0.89,0.92,0.9114583333333334,0.904,0.9253731343283582,0.02137313432835819,1.5520833333333333,1.296875,0.5520833333333334,1.9648722014925373,0.0001636228412591333,0.8854166666666666,0.868,0.917910447761194,0.04991044776119402,1.5416666666666667,0.5416666666666666,1.3125
Pima,model_a_screening,LightGBM,adaptive_calibration_target_selected,beta,multi_objective_dp_shift_atcp,0.92,0.89,0.92,0.9114583333333334,0.904,0.9253731343283582,0.02137313432835819,1.5520833333333333,1.296875,0.5520833333333334,1.9648722014925373,0.0001636228412591333,0.9270833333333334,1.0,0.7910447761194029,0.20895522388059706,1.5651041666666667,0.5651041666666666,1.4947916666666667
Pima,model_a_screening,LightGBM,adaptive_calibration_target_selected,beta,dp_shift_atcp,0.95,0.8999999999999999,0.95,0.921875,0.912,0.9402985074626866,0.028298507462686584,1.6510416666666667,1.4635416666666667,0.6510416666666666,2.255079912935323,0.0001636228412591333,0.90625,0.872,0.9701492537313433,0.09814925373134331,1.6276041666666667,0.6276041666666666,1.390625
Pima,model_a_screening,LightGBM,adaptive_calibration_target_selected,beta,multi_objective_dp_shift_atcp,0.95,0.8999999999999999,0.95,0.921875,0.912,0.9402985074626866,0.028298507462686584,1.6510416666666667,1.4635416666666667,0.6510416666666666,2.255079912935323,0.0001636228412591333,0.9635416666666666,1.0,0.8955223880597015,0.10447761194029848,1.6536458333333333,0.6536458333333334,1.4895833333333333
NHANES,model_a_screening,CatBoost,naive_transfer,uncalibrated,dp_shift_atcp,0.8,0.75,0.8,0.8167539267015707,0.8029661016949152,0.8811881188118812,0.07822201711696597,1.263525305410122,0.794066317626527,0.26352530541012215,1.6089560623246633,0.0004756427040720772,0.7609075043630017,0.746822033898305,0.8267326732673267,0.07991063936902165,1.175392670157068,0.17539267015706805,0.7120418848167539
NHANES,model_a_screening,CatBoost,naive_transfer,uncalibrated,multi_objective_dp_shift_atcp,0.8,0.75,0.8,0.8167539267015707,0.8029661016949152,0.8811881188118812,0.07822201711696597,1.263525305410122,0.794066317626527,0.26352530541012215,1.6089560623246633,0.0004756427040720772,0.7609075043630017,0.746822033898305,0.8267326732673267,0.07991063936902165,1.175392670157068,0.17539267015706805,0.7120418848167539
NHANES,model_a_screening,CatBoost,naive_transfer,uncalibrated,dp_shift_atcp,0.85,0.7999999999999999,0.85,0.8691099476439791,0.847457627118644,0.9702970297029703,0.12283940258432624,1.4363001745200699,1.024432809773124,0.4363001745200698,1.9410653865990026,0.0004756427040720772,0.7966841186736475,0.784957627118644,0.8514851485148515,0.06652752139620743,1.2670157068062826,0.2670157068062827,0.8420593368237347
NHANES,model_a_screening,CatBoost,naive_transfer,uncalibrated,multi_objective_dp_shift_atcp,0.85,0.7999999999999999,0.85,0.8691099476439791,0.847457627118644,0.9702970297029703,0.12283940258432624,1.4363001745200699,1.024432809773124,0.4363001745200698,1.9410653865990026,0.0004756427040720772,0.7966841186736475,0.784957627118644,0.8514851485148515,0.06652752139620743,1.2670157068062826,0.2670157068062827,0.8420593368237347
NHANES,model_a_screening,CatBoost,naive_transfer,uncalibrated,dp_shift_atcp,0.9,0.85,0.9,0.9040139616055847,0.8877118644067796,0.9801980198019802,0.09248615539520055,1.513089005235602,1.1361256544502618,0.5130890052356021,1.9373330725343367,0.0004756427040720772,0.8586387434554974,0.840042372881356,0.9455445544554455,0.10550218157408953,1.4171029668411868,0.41710296684118675,1.0139616055846423
NHANES,model_a_screening,CatBoost,naive_transfer,uncalibrated,multi_objective_dp_shift_atcp,0.9,0.85,0.9,0.9040139616055847,0.8877118644067796,0.9801980198019802,0.09248615539520055,1.513089005235602,1.1361256544502618,0.5130890052356021,1.9373330725343367,0.0004756427040720772,0.8586387434554974,0.840042372881356,0.9455445544554455,0.10550218157408953,1.4171029668411868,0.41710296684118675,1.0139616055846423
NHANES,model_a_screening,CatBoost,naive_transfer,uncalibrated,dp_shift_atcp,0.92,0.89,0.92,0.9197207678883071,0.9067796610169492,0.9801980198019802,0.073418358785031,1.5619546247818499,1.2181500872600348,0.5619546247818499,1.9701624421915083,0.0004756427040720772,0.9066317626527051,0.8951271186440678,0.9603960396039604,0.06526892095989256,1.506108202443281,0.506108202443281,1.1335078534031413
NHANES,model_a_screening,CatBoost,naive_transfer,uncalibrated,multi_objective_dp_shift_atcp,0.92,0.89,0.92,0.9197207678883071,0.9067796610169492,0.9801980198019802,0.073418358785031,1.5619546247818499,1.2181500872600348,0.5619546247818499,1.9701624421915083,0.0004756427040720772,0.9336823734729494,1.0,0.6237623762376238,0.37623762376237624,1.2993019197207678,0.29930191972076786,0.9301919720767888
NHANES,model_a_screening,CatBoost,naive_transfer,uncalibrated,dp_shift_atcp,0.95,0.9199999999999999,0.95,0.9528795811518325,0.9449152542372882,0.9900990099009901,0.04518375566370192,1.6265270506108203,1.307155322862129,0.6265270506108203,2.0369728411744363,0.0004756427040720772,0.9354275741710296,0.926906779661017,0.9752475247524752,0.04834074509145825,1.5907504363001745,0.5907504363001745,1.263525305410122
NHANES,model_a_screening,CatBoost,naive_transfer,uncalibrated,multi_objective_dp_shift_atcp,0.95,0.9199999999999999,0.95,0.9528795811518325,0.9449152542372882,0.9900990099009901,0.04518375566370192,1.6265270506108203,1.307155322862129,0.6265270506108203,2.0369728411744363,0.0004756427040720772,0.9354275741710296,0.926906779661017,0.9752475247524752,0.04834074509145825,1.5907504363001745,0.5907504363001745,1.263525305410122
NHANES,model_a_screening,CatBoost,label_shift_adjusted,label_shift,dp_shift_atcp,0.8,0.75,0.8,0.8167539267015707,0.8029661016949152,0.8811881188118812,0.07822201711696597,1.263525305410122,0.794066317626527,0.26352530541012215,1.6089560623246633,0.0004756427040720772,0.7609075043630017,0.746822033898305,0.8267326732673267,0.07991063936902165,1.175392670157068,0.17539267015706805,0.7120418848167539
NHANES,model_a_screening,CatBoost,label_shift_adjusted,label_shift,multi_objective_dp_shift_atcp,0.8,0.75,0.8,0.8167539267015707,0.8029661016949152,0.8811881188118812,0.07822201711696597,1.263525305410122,0.794066317626527,0.26352530541012215,1.6089560623246633,0.0004756427040720772,0.7609075043630017,0.746822033898305,0.8267326732673267,0.07991063936902165,1.175392670157068,0.17539267015706805,0.7120418848167539
NHANES,model_a_screening,CatBoost,label_shift_adjusted,label_shift,dp_shift_atcp,0.85,0.7999999999999999,0.85,0.8691099476439791,0.847457627118644,0.9702970297029703,0.12283940258432624,1.4363001745200699,1.024432809773124,0.4363001745200698,1.9410653865990026,0.0004756427040720772,0.7966841186736475,0.784957627118644,0.8514851485148515,0.06652752139620743,1.2670157068062826,0.2670157068062827,0.8420593368237347
NHANES,model_a_screening,CatBoost,label_shift_adjusted,label_shift,multi_objective_dp_shift_atcp,0.85,0.7999999999999999,0.85,0.8691099476439791,0.847457627118644,0.9702970297029703,0.12283940258432624,1.4363001745200699,1.024432809773124,0.4363001745200698,1.9410653865990026,0.0004756427040720772,0.7966841186736475,0.784957627118644,0.8514851485148515,0.06652752139620743,1.2670157068062826,0.2670157068062827,0.8420593368237347
NHANES,model_a_screening,CatBoost,label_shift_adjusted,label_shift,dp_shift_atcp,0.9,0.85,0.9,0.9040139616055847,0.8877118644067796,0.9801980198019802,0.09248615539520055,1.513089005235602,1.1361256544502618,0.5130890052356021,1.9373330725343367,0.0004756427040720772,0.8586387434554974,0.840042372881356,0.9455445544554455,0.10550218157408953,1.4171029668411868,0.41710296684118675,1.0139616055846423
NHANES,model_a_screening,CatBoost,label_shift_adjusted,label_shift,multi_objective_dp_shift_atcp,0.9,0.85,0.9,0.9040139616055847,0.8877118644067796,0.9801980198019802,0.09248615539520055,1.513089005235602,1.1361256544502618,0.5130890052356021,1.9373330725343367,0.0004756427040720772,0.8586387434554974,0.840042372881356,0.9455445544554455,0.10550218157408953,1.4171029668411868,0.41710296684118675,1.0139616055846423
NHANES,model_a_screening,CatBoost,label_shift_adjusted,label_shift,dp_shift_atcp,0.92,0.89,0.92,0.9197207678883071,0.9067796610169492,0.9801980198019802,0.073418358785031,1.5619546247818499,1.2181500872600348,0.5619546247818499,1.9701624421915083,0.0004756427040720772,0.9066317626527051,0.8951271186440678,0.9603960396039604,0.06526892095989256,1.506108202443281,0.506108202443281,1.1335078534031413
NHANES,model_a_screening,CatBoost,label_shift_adjusted,label_shift,multi_objective_dp_shift_atcp,0.92,0.89,0.92,0.9197207678883071,0.9067796610169492,0.9801980198019802,0.073418358785031,1.5619546247818499,1.2181500872600348,0.5619546247818499,1.9701624421915083,0.0004756427040720772,0.9354275741710296,0.9819915254237288,0.7178217821782178,0.264169743245511,1.3490401396160558,0.34904013961605584,0.9616055846422339
NHANES,model_a_screening,CatBoost,label_shift_adjusted,label_shift,dp_shift_atcp,0.95,0.9199999999999999,0.95,0.9528795811518325,0.9449152542372882,0.9900990099009901,0.04518375566370192,1.6265270506108203,1.307155322862129,0.6265270506108203,2.0369728411744363,0.0004756427040720772,0.9354275741710296,0.926906779661017,0.9752475247524752,0.04834074509145825,1.5907504363001745,0.5907504363001745,1.263525305410122
NHANES,model_a_screening,CatBoost,label_shift_adjusted,label_shift,multi_objective_dp_shift_atcp,0.95,0.9199999999999999,0.95,0.9528795811518325,0.9449152542372882,0.9900990099009901,0.04518375566370192,1.6265270506108203,1.307155322862129,0.6265270506108203,2.0369728411744363,0.0004756427040720772,0.9354275741710296,0.926906779661017,0.9752475247524752,0.04834074509145825,1.5907504363001745,0.5907504363001745,1.263525305410122
NHANES,model_a_screening,CatBoost,fixed_recalibration_source_selected,uncalibrated,dp_shift_atcp,0.8,0.75,0.8,0.8167539267015707,0.8029661016949152,0.8811881188118812,0.07822201711696597,1.263525305410122,0.794066317626527,0.26352530541012215,1.6089560623246633,0.0004756427040720772,0.7609075043630017,0.746822033898305,0.8267326732673267,0.07991063936902165,1.175392670157068,0.17539267015706805,0.7120418848167539
NHANES,model_a_screening,CatBoost,fixed_recalibration_source_selected,uncalibrated,multi_objective_dp_shift_atcp,0.8,0.75,0.8,0.8167539267015707,0.8029661016949152,0.8811881188118812,0.07822201711696597,1.263525305410122,0.794066317626527,0.26352530541012215,1.6089560623246633,0.0004756427040720772,0.7609075043630017,0.746822033898305,0.8267326732673267,0.07991063936902165,1.175392670157068,0.17539267015706805,0.7120418848167539
NHANES,model_a_screening,CatBoost,fixed_recalibration_source_selected,uncalibrated,dp_shift_atcp,0.85,0.7999999999999999,0.85,0.8691099476439791,0.847457627118644,0.9702970297029703,0.12283940258432624,1.4363001745200699,1.024432809773124,0.4363001745200698,1.9410653865990026,0.0004756427040720772,0.7966841186736475,0.784957627118644,0.8514851485148515,0.06652752139620743,1.2670157068062826,0.2670157068062827,0.8420593368237347
NHANES,model_a_screening,CatBoost,fixed_recalibration_source_selected,uncalibrated,multi_objective_dp_shift_atcp,0.85,0.7999999999999999,0.85,0.8691099476439791,0.847457627118644,0.9702970297029703,0.12283940258432624,1.4363001745200699,1.024432809773124,0.4363001745200698,1.9410653865990026,0.0004756427040720772,0.7966841186736475,0.784957627118644,0.8514851485148515,0.06652752139620743,1.2670157068062826,0.2670157068062827,0.8420593368237347
NHANES,model_a_screening,CatBoost,fixed_recalibration_source_selected,uncalibrated,dp_shift_atcp,0.9,0.85,0.9,0.9040139616055847,0.8877118644067796,0.9801980198019802,0.09248615539520055,1.513089005235602,1.1361256544502618,0.5130890052356021,1.9373330725343367,0.0004756427040720772,0.8586387434554974,0.840042372881356,0.9455445544554455,0.10550218157408953,1.4171029668411868,0.41710296684118675,1.0139616055846423
NHANES,model_a_screening,CatBoost,fixed_recalibration_source_selected,uncalibrated,multi_objective_dp_shift_atcp,0.9,0.85,0.9,0.9040139616055847,0.8877118644067796,0.9801980198019802,0.09248615539520055,1.513089005235602,1.1361256544502618,0.5130890052356021,1.9373330725343367,0.0004756427040720772,0.8586387434554974,0.840042372881356,0.9455445544554455,0.10550218157408953,1.4171029668411868,0.41710296684118675,1.0139616055846423
NHANES,model_a_screening,CatBoost,fixed_recalibration_source_selected,uncalibrated,dp_shift_atcp,0.92,0.89,0.92,0.9197207678883071,0.9067796610169492,0.9801980198019802,0.073418358785031,1.5619546247818499,1.2181500872600348,0.5619546247818499,1.9701624421915083,0.0004756427040720772,0.9066317626527051,0.8951271186440678,0.9603960396039604,0.06526892095989256,1.506108202443281,0.506108202443281,1.1335078534031413
NHANES,model_a_screening,CatBoost,fixed_recalibration_source_selected,uncalibrated,multi_objective_dp_shift_atcp,0.92,0.89,0.92,0.9197207678883071,0.9067796610169492,0.9801980198019802,0.073418358785031,1.5619546247818499,1.2181500872600348,0.5619546247818499,1.9701624421915083,0.0004756427040720772,0.9336823734729494,1.0,0.6237623762376238,0.37623762376237624,1.2993019197207678,0.29930191972076786,0.9301919720767888
NHANES,model_a_screening,CatBoost,fixed_recalibration_source_selected,uncalibrated,dp_shift_atcp,0.95,0.9199999999999999,0.95,0.9528795811518325,0.9449152542372882,0.9900990099009901,0.04518375566370192,1.6265270506108203,1.307155322862129,0.6265270506108203,2.0369728411744363,0.0004756427040720772,0.9354275741710296,0.926906779661017,0.9752475247524752,0.04834074509145825,1.5907504363001745,0.5907504363001745,1.263525305410122
NHANES,model_a_screening,CatBoost,fixed_recalibration_source_selected,uncalibrated,multi_objective_dp_shift_atcp,0.95,0.9199999999999999,0.95,0.9528795811518325,0.9449152542372882,0.9900990099009901,0.04518375566370192,1.6265270506108203,1.307155322862129,0.6265270506108203,2.0369728411744363,0.0004756427040720772,0.9354275741710296,0.926906779661017,0.9752475247524752,0.04834074509145825,1.5907504363001745,0.5907504363001745,1.263525305410122
NHANES,model_a_screening,CatBoost,adaptive_calibration_target_selected,isotonic,dp_shift_atcp,0.8,0.75,0.8,0.8411867364746946,0.8326271186440678,0.8811881188118812,0.048561000167813395,1.2949389179755673,0.8324607329842932,0.2949389179755672,1.730956683497793,0.0004756427040720772,0.7652705061082025,0.7478813559322034,0.8465346534653465,0.09865329753314311,1.2111692844677138,0.2111692844677138,0.7652705061082025
NHANES,model_a_screening,CatBoost,adaptive_calibration_target_selected,isotonic,multi_objective_dp_shift_atcp,0.8,0.75,0.8,0.8411867364746946,0.8326271186440678,0.8811881188118812,0.048561000167813395,1.2949389179755673,0.8324607329842932,0.2949389179755672,1.730956683497793,0.0004756427040720772,0.7652705061082025,0.7478813559322034,0.8465346534653465,0.09865329753314311,1.2111692844677138,0.2111692844677138,0.7652705061082025
NHANES,model_a_screening,CatBoost,adaptive_calibration_target_selected,isotonic,dp_shift_atcp,0.85,0.7999999999999999,0.85,0.924956369982548,0.9110169491525424,0.9900990099009901,0.0790820607484477,1.581151832460733,1.2443280977312392,0.581151832460733,2.380490455869618,0.0004756427040720772,0.8254799301919721,0.7923728813559322,0.9801980198019802,0.18782513844604798,1.4546247818499127,0.45462478184991273,1.0977312390924956
NHANES,model_a_screening,CatBoost,adaptive_calibration_target_selected,isotonic,multi_objective_dp_shift_atcp,0.85,0.7999999999999999,0.85,0.924956369982548,0.9110169491525424,0.9900990099009901,0.0790820607484477,1.581151832460733,1.2443280977312392,0.581151832460733,2.380490455869618,0.0004756427040720772,0.8254799301919721,0.7923728813559322,0.9801980198019802,0.18782513844604798,1.4546247818499127,0.45462478184991273,1.0977312390924956
NHANES,model_a_screening,CatBoost,adaptive_calibration_target_selected,isotonic,dp_shift_atcp,0.9,0.85,0.9,0.924956369982548,0.9110169491525424,0.9900990099009901,0.0790820607484477,1.581151832460733,1.2443280977312392,0.581151832460733,2.130490455869618,0.0004756427040720772,0.9205933682373473,0.9078389830508474,0.9801980198019802,0.07235903675113275,1.5907504363001745,0.5907504363001745,1.274869109947644
NHANES,model_a_screening,CatBoost,adaptive_calibration_target_selected,isotonic,multi_objective_dp_shift_atcp,0.9,0.85,0.9,0.924956369982548,0.9110169491525424,0.9900990099009901,0.0790820607484477,1.581151832460733,1.2443280977312392,0.581151832460733,2.130490455869618,0.0004756427040720772,0.9205933682373473,0.9078389830508474,0.9801980198019802,0.07235903675113275,1.5907504363001745,0.5907504363001745,1.274869109947644
NHANES,model_a_screening,CatBoost,adaptive_calibration_target_selected,isotonic,dp_shift_atcp,0.92,0.87,0.92,0.924956369982548,0.9110169491525424,0.9900990099009901,0.0790820607484477,1.581151832460733,1.2443280977312392,0.581151832460733,2.030490455869618,0.0004756427040720772,0.9205933682373473,0.9078389830508474,0.9801980198019802,0.07235903675113275,1.5907504363001745,0.5907504363001745,1.274869109947644
NHANES,model_a_screening,CatBoost,adaptive_calibration_target_selected,isotonic,multi_objective_dp_shift_atcp,0.92,0.87,0.92,0.924956369982548,0.9110169491525424,0.9900990099009901,0.0790820607484477,1.581151832460733,1.2443280977312392,0.581151832460733,2.030490455869618,0.0004756427040720772,0.9205933682373473,0.9078389830508474,0.9801980198019802,0.07235903675113275,1.5907504363001745,0.5907504363001745,1.274869109947644
NHANES,model_a_screening,CatBoost,adaptive_calibration_target_selected,isotonic,dp_shift_atcp,0.95,0.8999999999999999,0.95,0.956369982547993,0.9491525423728814,0.9900990099009901,0.04094646752810871,1.6404886561954626,1.331588132635253,0.6404886561954625,2.071454605306125,0.0004756427040720772,0.9205933682373473,0.9078389830508474,0.9801980198019802,0.07235903675113275,1.5907504363001745,0.5907504363001745,1.274869109947644
NHANES,model_a_screening,CatBoost,adaptive_calibration_target_selected,isotonic,multi_objective_dp_shift_atcp,0.95,0.8999999999999999,0.95,0.956369982547993,0.9491525423728814,0.9900990099009901,0.04094646752810871,1.6404886561954626,1.331588132635253,0.6404886561954625,2.071454605306125,0.0004756427040720772,0.9205933682373473,0.9078389830508474,0.9801980198019802,0.07235903675113275,1.5907504363001745,0.5907504363001745,1.274869109947644
Pima,model_a_screening,CatBoost,naive_transfer,uncalibrated,dp_shift_atcp,0.8,0.75,0.8,0.8020833333333334,0.752,0.8955223880597015,0.14352238805970152,1.328125,1.0,0.328125,1.788200248756219,0.0001636228412591333,0.7760416666666666,0.744,0.835820895522388,0.09182089552238804,1.296875,0.296875,1.046875
Pima,model_a_screening,CatBoost,naive_transfer,uncalibrated,multi_objective_dp_shift_atcp,0.8,0.75,0.8,0.8020833333333334,0.752,0.8955223880597015,0.14352238805970152,1.328125,1.0,0.328125,1.788200248756219,0.0001636228412591333,0.7760416666666666,0.744,0.835820895522388,0.09182089552238804,1.296875,0.296875,1.046875
Pima,model_a_screening,CatBoost,naive_transfer,uncalibrated,dp_shift_atcp,0.85,0.7999999999999999,0.85,0.8489583333333334,0.824,0.8955223880597015,0.07152238805970157,1.3958333333333333,1.0885416666666667,0.3958333333333333,1.7734294154228856,0.0001636228412591333,0.8125,0.788,0.8582089552238806,0.0702089552238806,1.3697916666666667,0.3697916666666667,1.125
Pima,model_a_screening,CatBoost,naive_transfer,uncalibrated,multi_objective_dp_shift_atcp,0.85,0.7999999999999999,0.85,0.8489583333333334,0.824,0.8955223880597015,0.07152238805970157,1.3958333333333333,1.0885416666666667,0.3958333333333333,1.7734294154228856,0.0001636228412591333,0.8229166666666666,1.0,0.4925373134328358,0.5074626865671642,1.359375,0.359375,1.6041666666666667
Pima,model_a_screening,CatBoost,naive_transfer,uncalibrated,dp_shift_atcp,0.9,0.88,0.9,0.9010416666666666,0.896,0.9104477611940298,0.014447761194029796,1.53125,1.2864583333333333,0.53125,1.8951091417910444,0.0001636228412591333,0.8723958333333334,0.856,0.9029850746268657,0.04698507462686574,1.5052083333333333,0.5052083333333334,1.2734375
Pima,model_a_screening,CatBoost,naive_transfer,uncalibrated,multi_objective_dp_shift_atcp,0.9,0.88,0.9,0.9010416666666666,0.896,0.9104477611940298,0.014447761194029796,1.53125,1.2864583333333333,0.53125,1.8951091417910444,0.0001636228412591333,0.8723958333333334,0.856,0.9029850746268657,0.04698507462686574,1.5052083333333333,0.5052083333333334,1.2734375
Pima,model_a_screening,CatBoost,naive_transfer,uncalibrated,dp_shift_atcp,0.92,0.89,0.92,0.90625,0.904,0.9104477611940298,0.0064477611940297885,1.546875,1.3125,0.546875,1.9912761194029853,0.0001636228412591333,0.8932291666666666,0.872,0.9328358208955224,0.06083582089552242,1.546875,0.546875,1.2942708333333333
Pima,model_a_screening,CatBoost,naive_transfer,uncalibrated,multi_objective_dp_shift_atcp,0.92,0.89,0.92,0.90625,0.904,0.9104477611940298,0.0064477611940297885,1.546875,1.3125,0.546875,1.9912761194029853,0.0001636228412591333,0.9348958333333334,1.0,0.8134328358208955,0.18656716417910446,1.5911458333333333,0.5911458333333334,1.5078125
Pima,model_a_screening,CatBoost,naive_transfer,uncalibrated,dp_shift_atcp,0.95,0.8999999999999999,0.95,0.90625,0.904,0.9104477611940298,0.0064477611940297885,1.5520833333333333,1.3229166666666667,0.5520833333333334,2.2106511194029848,0.0001636228412591333,0.9088541666666666,0.876,0.9701492537313433,0.09414925373134331,1.6015625,0.6015625,1.3359375
Pima,model_a_screening,CatBoost,naive_transfer,uncalibrated,multi_objective_dp_shift_atcp,0.95,0.8999999999999999,0.95,0.90625,0.904,0.9104477611940298,0.0064477611940297885,1.5520833333333333,1.3229166666666667,0.5520833333333334,2.2106511194029848,0.0001636228412591333,0.9583333333333334,1.0,0.8805970149253731,0.11940298507462688,1.6744791666666667,0.6744791666666666,1.5572916666666667
Pima,model_a_screening,CatBoost,label_shift_adjusted,label_shift,dp_shift_atcp,0.8,0.75,0.8,0.8020833333333334,0.752,0.8955223880597015,0.14352238805970152,1.328125,1.0,0.328125,1.788200248756219,0.0001636228412591333,0.7760416666666666,0.744,0.835820895522388,0.09182089552238804,1.296875,0.296875,1.046875
Pima,model_a_screening,CatBoost,label_shift_adjusted,label_shift,multi_objective_dp_shift_atcp,0.8,0.75,0.8,0.8020833333333334,0.752,0.8955223880597015,0.14352238805970152,1.328125,1.0,0.328125,1.788200248756219,0.0001636228412591333,0.7760416666666666,0.744,0.835820895522388,0.09182089552238804,1.296875,0.296875,1.046875
Pima,model_a_screening,CatBoost,label_shift_adjusted,label_shift,dp_shift_atcp,0.85,0.7999999999999999,0.85,0.8489583333333334,0.824,0.8955223880597015,0.07152238805970157,1.3958333333333333,1.0885416666666667,0.3958333333333333,1.7734294154228856,0.0001636228412591333,0.8125,0.788,0.8582089552238806,0.0702089552238806,1.3697916666666667,0.3697916666666667,1.125
Pima,model_a_screening,CatBoost,label_shift_adjusted,label_shift,multi_objective_dp_shift_atcp,0.85,0.7999999999999999,0.85,0.8489583333333334,0.824,0.8955223880597015,0.07152238805970157,1.3958333333333333,1.0885416666666667,0.3958333333333333,1.7734294154228856,0.0001636228412591333,0.8151041666666666,0.976,0.5149253731343284,0.4610746268656716,1.3411458333333333,0.3411458333333333,1.5442708333333333
Pima,model_a_screening,CatBoost,label_shift_adjusted,label_shift,dp_shift_atcp,0.9,0.88,0.9,0.9010416666666666,0.896,0.9104477611940298,0.014447761194029796,1.53125,1.2864583333333333,0.53125,1.8951091417910444,0.0001636228412591333,0.8723958333333334,0.856,0.9029850746268657,0.04698507462686574,1.5052083333333333,0.5052083333333334,1.2734375
Pima,model_a_screening,CatBoost,label_shift_adjusted,label_shift,multi_objective_dp_shift_atcp,0.9,0.88,0.9,0.9010416666666666,0.896,0.9104477611940298,0.014447761194029796,1.53125,1.2864583333333333,0.53125,1.8951091417910444,0.0001636228412591333,0.8723958333333334,0.856,0.9029850746268657,0.04698507462686574,1.5052083333333333,0.5052083333333334,1.2734375
Pima,model_a_screening,CatBoost,label_shift_adjusted,label_shift,dp_shift_atcp,0.92,0.89,0.92,0.90625,0.904,0.9104477611940298,0.0064477611940297885,1.546875,1.3125,0.546875,1.9912761194029853,0.0001636228412591333,0.8932291666666666,0.872,0.9328358208955224,0.06083582089552242,1.546875,0.546875,1.2942708333333333
Pima,model_a_screening,CatBoost,label_shift_adjusted,label_shift,multi_objective_dp_shift_atcp,0.92,0.89,0.92,0.90625,0.904,0.9104477611940298,0.0064477611940297885,1.546875,1.3125,0.546875,1.9912761194029853,0.0001636228412591333,0.9348958333333334,1.0,0.8134328358208955,0.18656716417910446,1.5911458333333333,0.5911458333333334,1.5078125
Pima,model_a_screening,CatBoost,label_shift_adjusted,label_shift,dp_shift_atcp,0.95,0.8999999999999999,0.95,0.90625,0.904,0.9104477611940298,0.0064477611940297885,1.5520833333333333,1.3229166666666667,0.5520833333333334,2.2106511194029848,0.0001636228412591333,0.9088541666666666,0.876,0.9701492537313433,0.09414925373134331,1.6015625,0.6015625,1.3359375
Pima,model_a_screening,CatBoost,label_shift_adjusted,label_shift,multi_objective_dp_shift_atcp,0.95,0.8999999999999999,0.95,0.90625,0.904,0.9104477611940298,0.0064477611940297885,1.5520833333333333,1.3229166666666667,0.5520833333333334,2.2106511194029848,0.0001636228412591333,0.9583333333333334,1.0,0.8805970149253731,0.11940298507462688,1.6744791666666667,0.6744791666666666,1.5572916666666667
Pima,model_a_screening,CatBoost,fixed_recalibration_source_selected,uncalibrated,dp_shift_atcp,0.8,0.75,0.8,0.8020833333333334,0.752,0.8955223880597015,0.14352238805970152,1.328125,1.0,0.328125,1.788200248756219,0.0001636228412591333,0.7760416666666666,0.744,0.835820895522388,0.09182089552238804,1.296875,0.296875,1.046875
Pima,model_a_screening,CatBoost,fixed_recalibration_source_selected,uncalibrated,multi_objective_dp_shift_atcp,0.8,0.75,0.8,0.8020833333333334,0.752,0.8955223880597015,0.14352238805970152,1.328125,1.0,0.328125,1.788200248756219,0.0001636228412591333,0.7760416666666666,0.744,0.835820895522388,0.09182089552238804,1.296875,0.296875,1.046875
Pima,model_a_screening,CatBoost,fixed_recalibration_source_selected,uncalibrated,dp_shift_atcp,0.85,0.7999999999999999,0.85,0.8489583333333334,0.824,0.8955223880597015,0.07152238805970157,1.3958333333333333,1.0885416666666667,0.3958333333333333,1.7734294154228856,0.0001636228412591333,0.8125,0.788,0.8582089552238806,0.0702089552238806,1.3697916666666667,0.3697916666666667,1.125
Pima,model_a_screening,CatBoost,fixed_recalibration_source_selected,uncalibrated,multi_objective_dp_shift_atcp,0.85,0.7999999999999999,0.85,0.8489583333333334,0.824,0.8955223880597015,0.07152238805970157,1.3958333333333333,1.0885416666666667,0.3958333333333333,1.7734294154228856,0.0001636228412591333,0.8229166666666666,1.0,0.4925373134328358,0.5074626865671642,1.359375,0.359375,1.6041666666666667
Pima,model_a_screening,CatBoost,fixed_recalibration_source_selected,uncalibrated,dp_shift_atcp,0.9,0.88,0.9,0.9010416666666666,0.896,0.9104477611940298,0.014447761194029796,1.53125,1.2864583333333333,0.53125,1.8951091417910444,0.0001636228412591333,0.8723958333333334,0.856,0.9029850746268657,0.04698507462686574,1.5052083333333333,0.5052083333333334,1.2734375
Pima,model_a_screening,CatBoost,fixed_recalibration_source_selected,uncalibrated,multi_objective_dp_shift_atcp,0.9,0.88,0.9,0.9010416666666666,0.896,0.9104477611940298,0.014447761194029796,1.53125,1.2864583333333333,0.53125,1.8951091417910444,0.0001636228412591333,0.8723958333333334,0.856,0.9029850746268657,0.04698507462686574,1.5052083333333333,0.5052083333333334,1.2734375
Pima,model_a_screening,CatBoost,fixed_recalibration_source_selected,uncalibrated,dp_shift_atcp,0.92,0.89,0.92,0.90625,0.904,0.9104477611940298,0.0064477611940297885,1.546875,1.3125,0.546875,1.9912761194029853,0.0001636228412591333,0.8932291666666666,0.872,0.9328358208955224,0.06083582089552242,1.546875,0.546875,1.2942708333333333
Pima,model_a_screening,CatBoost,fixed_recalibration_source_selected,uncalibrated,multi_objective_dp_shift_atcp,0.92,0.89,0.92,0.90625,0.904,0.9104477611940298,0.0064477611940297885,1.546875,1.3125,0.546875,1.9912761194029853,0.0001636228412591333,0.9348958333333334,1.0,0.8134328358208955,0.18656716417910446,1.5911458333333333,0.5911458333333334,1.5078125
Pima,model_a_screening,CatBoost,fixed_recalibration_source_selected,uncalibrated,dp_shift_atcp,0.95,0.8999999999999999,0.95,0.90625,0.904,0.9104477611940298,0.0064477611940297885,1.5520833333333333,1.3229166666666667,0.5520833333333334,2.2106511194029848,0.0001636228412591333,0.9088541666666666,0.876,0.9701492537313433,0.09414925373134331,1.6015625,0.6015625,1.3359375
Pima,model_a_screening,CatBoost,fixed_recalibration_source_selected,uncalibrated,multi_objective_dp_shift_atcp,0.95,0.8999999999999999,0.95,0.90625,0.904,0.9104477611940298,0.0064477611940297885,1.5520833333333333,1.3229166666666667,0.5520833333333334,2.2106511194029848,0.0001636228412591333,0.9583333333333334,1.0,0.8805970149253731,0.11940298507462688,1.6744791666666667,0.6744791666666666,1.5572916666666667
Pima,model_a_screening,CatBoost,adaptive_calibration_target_selected,platt,dp_shift_atcp,0.8,0.75,0.8,0.8020833333333334,0.752,0.8955223880597015,0.14352238805970152,1.328125,1.0,0.328125,1.788200248756219,0.0001636228412591333,0.7760416666666666,0.744,0.835820895522388,0.09182089552238804,1.296875,0.296875,1.046875
Pima,model_a_screening,CatBoost,adaptive_calibration_target_selected,platt,multi_objective_dp_shift_atcp,0.8,0.75,0.8,0.8020833333333334,0.752,0.8955223880597015,0.14352238805970152,1.328125,1.0,0.328125,1.788200248756219,0.0001636228412591333,0.7760416666666666,0.744,0.835820895522388,0.09182089552238804,1.296875,0.296875,1.046875
Pima,model_a_screening,CatBoost,adaptive_calibration_target_selected,platt,dp_shift_atcp,0.85,0.7999999999999999,0.85,0.8489583333333334,0.824,0.8955223880597015,0.07152238805970157,1.3958333333333333,1.0885416666666667,0.3958333333333333,1.7734294154228856,0.0001636228412591333,0.8125,0.788,0.8582089552238806,0.0702089552238806,1.3697916666666667,0.3697916666666667,1.125
Pima,model_a_screening,CatBoost,adaptive_calibration_target_selected,platt,multi_objective_dp_shift_atcp,0.85,0.7999999999999999,0.85,0.8489583333333334,0.824,0.8955223880597015,0.07152238805970157,1.3958333333333333,1.0885416666666667,0.3958333333333333,1.7734294154228856,0.0001636228412591333,0.8203125,0.956,0.5671641791044776,0.3888358208955224,1.3489583333333333,0.3489583333333333,1.4817708333333333
Pima,model_a_screening,CatBoost,adaptive_calibration_target_selected,platt,dp_shift_atcp,0.9,0.88,0.9,0.9010416666666666,0.896,0.9104477611940298,0.014447761194029796,1.53125,1.2864583333333333,0.53125,1.8951091417910444,0.0001636228412591333,0.8723958333333334,0.856,0.9029850746268657,0.04698507462686574,1.5052083333333333,0.5052083333333334,1.2734375
Pima,model_a_screening,CatBoost,adaptive_calibration_target_selected,platt,multi_objective_dp_shift_atcp,0.9,0.88,0.9,0.9010416666666666,0.896,0.9104477611940298,0.014447761194029796,1.53125,1.2864583333333333,0.53125,1.8951091417910444,0.0001636228412591333,0.8723958333333334,0.856,0.9029850746268657,0.04698507462686574,1.5052083333333333,0.5052083333333334,1.2734375
Pima,model_a_screening,CatBoost,adaptive_calibration_target_selected,platt,dp_shift_atcp,0.92,0.89,0.92,0.90625,0.904,0.9104477611940298,0.0064477611940297885,1.546875,1.3125,0.546875,1.9912761194029853,0.0001636228412591333,0.8932291666666666,0.872,0.9328358208955224,0.06083582089552242,1.546875,0.546875,1.2942708333333333
Pima,model_a_screening,CatBoost,adaptive_calibration_target_selected,platt,multi_objective_dp_shift_atcp,0.92,0.89,0.92,0.90625,0.904,0.9104477611940298,0.0064477611940297885,1.546875,1.3125,0.546875,1.9912761194029853,0.0001636228412591333,0.9296875,0.992,0.8134328358208955,0.17856716417910445,1.5807291666666667,0.5807291666666666,1.4921875
Pima,model_a_screening,CatBoost,adaptive_calibration_target_selected,platt,dp_shift_atcp,0.95,0.8999999999999999,0.95,0.90625,0.904,0.9104477611940298,0.0064477611940297885,1.5520833333333333,1.3229166666666667,0.5520833333333334,2.2106511194029848,0.0001636228412591333,0.9088541666666666,0.876,0.9701492537313433,0.09414925373134331,1.6015625,0.6015625,1.3359375
Pima,model_a_screening,CatBoost,adaptive_calibration_target_selected,platt,multi_objective_dp_shift_atcp,0.95,0.8999999999999999,0.95,0.90625,0.904,0.9104477611940298,0.0064477611940297885,1.5520833333333333,1.3229166666666667,0.5520833333333334,2.2106511194029848,0.0001636228412591333,0.953125,0.992,0.8805970149253731,0.11140298507462687,1.6666666666666667,0.6666666666666666,1.546875
NHANES,model_b_routine_clinical,Logistic Regression,naive_transfer,uncalibrated,dp_shift_atcp,0.8,0.75,0.8,0.8027923211169284,0.788135593220339,0.8712871287128713,0.08315153549253229,0.8917975567190227,0.44851657940663175,0.1082024432809773,1.0763852439019745,0.0002517826567650061,0.7722513089005235,0.7627118644067796,0.8168316831683168,0.05411981876153715,0.8481675392670157,0.1518324607329843,0.5663176265270506
NHANES,model_b_routine_clinical,Logistic Regression,naive_transfer,uncalibrated,multi_objective_dp_shift_atcp,0.8,0.75,0.8,0.8027923211169284,0.788135593220339,0.8712871287128713,0.08315153549253229,0.8917975567190227,0.44851657940663175,0.1082024432809773,1.0763852439019745,0.0002517826567650061,0.7722513089005235,0.7627118644067796,0.8168316831683168,0.05411981876153715,0.8481675392670157,0.1518324607329843,0.5663176265270506
NHANES,model_b_routine_clinical,Logistic Regression,naive_transfer,uncalibrated,dp_shift_atcp,0.85,0.82,0.85,0.8516579406631762,0.8347457627118644,0.9306930693069307,0.09594730659506634,0.9598603839441536,0.26352530541012215,0.04013961605584642,1.0518616230688649,0.0002517826567650061,0.8315881326352531,0.8294491525423728,0.8415841584158416,0.012135005873468718,0.931064572425829,0.06893542757417102,0.36910994764397903
NHANES,model_b_routine_clinical,Logistic Regression,naive_transfer,uncalibrated,multi_objective_dp_shift_atcp,0.85,0.82,0.85,0.8516579406631762,0.8347457627118644,0.9306930693069307,0.09594730659506634,0.9598603839441536,0.26352530541012215,0.04013961605584642,1.0518616230688649,0.0002517826567650061,0.8315881326352531,0.8294491525423728,0.8415841584158416,0.012135005873468718,0.931064572425829,0.06893542757417102,0.36910994764397903
NHANES,model_b_routine_clinical,Logistic Regression,naive_transfer,uncalibrated,dp_shift_atcp,0.9,0.88,0.9,0.900523560209424,0.8898305084745762,0.9504950495049505,0.06066454103037422,1.1204188481675392,0.37521815008726006,0.12041884816753927,1.1775587661703428,0.0002517826567650061,0.8839441535776614,0.8877118644067796,0.8663366336633663,0.021375230743413298,1.0218150087260034,0.02181500872600349,0.25392670157068065
NHANES,model_b_routine_clinical,Logistic Regression,naive_transfer,uncalibrated,multi_objective_dp_shift_atcp,0.9,0.88,0.9,0.900523560209424,0.8898305084745762,0.9504950495049505,0.06066454103037422,1.1204188481675392,0.37521815008726006,0.12041884816753927,1.1775587661703428,0.0002517826567650061,0.8839441535776614,0.8877118644067796,0.8663366336633663,0.021375230743413298,1.0218150087260034,0.02181500872600349,0.25392670157068065
NHANES,model_b_routine_clinical,Logistic Regression,naive_transfer,uncalibrated,dp_shift_atcp,0.92,0.91,0.92,0.924956369982548,0.9152542372881356,0.9702970297029703,0.055042792414834674,1.2216404886561956,0.5392670157068062,0.22164048865619546,1.3542919373133517,0.0002517826567650061,0.9171029668411868,0.909957627118644,0.9504950495049505,0.04053742238630642,1.1343804537521816,0.1343804537521815,0.3865619546247818
NHANES,model_b_routine_clinical,Logistic Regression,naive_transfer,uncalibrated,multi_objective_dp_shift_atcp,0.92,0.91,0.92,0.924956369982548,0.9152542372881356,0.9702970297029703,0.055042792414834674,1.2216404886561956,0.5392670157068062,0.22164048865619546,1.3542919373133517,0.0002517826567650061,0.9171029668411868,0.909957627118644,0.9504950495049505,0.04053742238630642,1.1343804537521816,0.1343804537521815,0.3865619546247818
NHANES,model_b_routine_clinical,Logistic Regression,naive_transfer,uncalibrated,dp_shift_atcp,0.95,0.94,0.95,0.9511343804537522,0.9427966101694916,0.9900990099009901,0.04730239973149852,1.406631762652705,0.8691099476439791,0.40663176265270506,1.6364858858101625,0.0002517826567650061,0.9485165794066318,0.9438559322033898,0.9702970297029703,0.026441097499580457,1.2993019197207678,0.29930191972076786,0.6710296684118674
NHANES,model_b_routine_clinical,Logistic Regression,naive_transfer,uncalibrated,multi_objective_dp_shift_atcp,0.95,0.94,0.95,0.9511343804537522,0.9427966101694916,0.9900990099009901,0.04730239973149852,1.406631762652705,0.8691099476439791,0.40663176265270506,1.6364858858101625,0.0002517826567650061,0.9485165794066318,0.9438559322033898,0.9702970297029703,0.026441097499580457,1.2993019197207678,0.29930191972076786,0.6710296684118674
NHANES,model_b_routine_clinical,Logistic Regression,label_shift_adjusted,label_shift,dp_shift_atcp,0.8,0.75,0.8,0.8027923211169284,0.788135593220339,0.8712871287128713,0.08315153549253229,0.8917975567190227,0.44851657940663175,0.1082024432809773,1.0763852439019745,0.0002517826567650061,0.7722513089005235,0.7627118644067796,0.8168316831683168,0.05411981876153715,0.8481675392670157,0.1518324607329843,0.5663176265270506
NHANES,model_b_routine_clinical,Logistic Regression,label_shift_adjusted,label_shift,multi_objective_dp_shift_atcp,0.8,0.75,0.8,0.8027923211169284,0.788135593220339,0.8712871287128713,0.08315153549253229,0.8917975567190227,0.44851657940663175,0.1082024432809773,1.0763852439019745,0.0002517826567650061,0.7722513089005235,0.7627118644067796,0.8168316831683168,0.05411981876153715,0.8481675392670157,0.1518324607329843,0.5663176265270506
NHANES,model_b_routine_clinical,Logistic Regression,label_shift_adjusted,label_shift,dp_shift_atcp,0.85,0.82,0.85,0.8516579406631762,0.8347457627118644,0.9306930693069307,0.09594730659506634,0.9598603839441536,0.26352530541012215,0.04013961605584642,1.0518616230688649,0.0002517826567650061,0.8315881326352531,0.8294491525423728,0.8415841584158416,0.012135005873468718,0.931064572425829,0.06893542757417102,0.36910994764397903
NHANES,model_b_routine_clinical,Logistic Regression,label_shift_adjusted,label_shift,multi_objective_dp_shift_atcp,0.85,0.82,0.85,0.8516579406631762,0.8347457627118644,0.9306930693069307,0.09594730659506634,0.9598603839441536,0.26352530541012215,0.04013961605584642,1.0518616230688649,0.0002517826567650061,0.8315881326352531,0.8294491525423728,0.8415841584158416,0.012135005873468718,0.931064572425829,0.06893542757417102,0.36910994764397903
NHANES,model_b_routine_clinical,Logistic Regression,label_shift_adjusted,label_shift,dp_shift_atcp,0.9,0.88,0.9,0.900523560209424,0.8898305084745762,0.9504950495049505,0.06066454103037422,1.1204188481675392,0.37521815008726006,0.12041884816753927,1.1775587661703428,0.0002517826567650061,0.8839441535776614,0.8877118644067796,0.8663366336633663,0.021375230743413298,1.0218150087260034,0.02181500872600349,0.25392670157068065
NHANES,model_b_routine_clinical,Logistic Regression,label_shift_adjusted,label_shift,multi_objective_dp_shift_atcp,0.9,0.88,0.9,0.900523560209424,0.8898305084745762,0.9504950495049505,0.06066454103037422,1.1204188481675392,0.37521815008726006,0.12041884816753927,1.1775587661703428,0.0002517826567650061,0.8839441535776614,0.8877118644067796,0.8663366336633663,0.021375230743413298,1.0218150087260034,0.02181500872600349,0.25392670157068065
NHANES,model_b_routine_clinical,Logistic Regression,label_shift_adjusted,label_shift,dp_shift_atcp,0.92,0.91,0.92,0.924956369982548,0.9152542372881356,0.9702970297029703,0.055042792414834674,1.2216404886561956,0.5392670157068062,0.22164048865619546,1.3542919373133517,0.0002517826567650061,0.9171029668411868,0.909957627118644,0.9504950495049505,0.04053742238630642,1.1343804537521816,0.1343804537521815,0.3865619546247818
NHANES,model_b_routine_clinical,Logistic Regression,label_shift_adjusted,label_shift,multi_objective_dp_shift_atcp,0.92,0.91,0.92,0.924956369982548,0.9152542372881356,0.9702970297029703,0.055042792414834674,1.2216404886561956,0.5392670157068062,0.22164048865619546,1.3542919373133517,0.0002517826567650061,0.9171029668411868,0.909957627118644,0.9504950495049505,0.04053742238630642,1.1343804537521816,0.1343804537521815,0.3865619546247818
NHANES,model_b_routine_clinical,Logistic Regression,label_shift_adjusted,label_shift,dp_shift_atcp,0.95,0.94,0.95,0.9511343804537522,0.9427966101694916,0.9900990099009901,0.04730239973149852,1.406631762652705,0.8691099476439791,0.40663176265270506,1.6364858858101625,0.0002517826567650061,0.9485165794066318,0.9438559322033898,0.9702970297029703,0.026441097499580457,1.2993019197207678,0.29930191972076786,0.6710296684118674
NHANES,model_b_routine_clinical,Logistic Regression,label_shift_adjusted,label_shift,multi_objective_dp_shift_atcp,0.95,0.94,0.95,0.9511343804537522,0.9427966101694916,0.9900990099009901,0.04730239973149852,1.406631762652705,0.8691099476439791,0.40663176265270506,1.6364858858101625,0.0002517826567650061,0.9485165794066318,0.9438559322033898,0.9702970297029703,0.026441097499580457,1.2993019197207678,0.29930191972076786,0.6710296684118674
NHANES,model_b_routine_clinical,Logistic Regression,fixed_recalibration_source_selected,beta,dp_shift_atcp,0.8,0.75,0.8,0.8027923211169284,0.788135593220339,0.8712871287128713,0.08315153549253229,0.8917975567190227,0.44851657940663175,0.1082024432809773,1.0763852439019745,0.0002517826567650061,0.7722513089005235,0.7627118644067796,0.8168316831683168,0.05411981876153715,0.8481675392670157,0.1518324607329843,0.5663176265270506
NHANES,model_b_routine_clinical,Logistic Regression,fixed_recalibration_source_selected,beta,multi_objective_dp_shift_atcp,0.8,0.75,0.8,0.8027923211169284,0.788135593220339,0.8712871287128713,0.08315153549253229,0.8917975567190227,0.44851657940663175,0.1082024432809773,1.0763852439019745,0.0002517826567650061,0.7722513089005235,0.7627118644067796,0.8168316831683168,0.05411981876153715,0.8481675392670157,0.1518324607329843,0.5663176265270506
NHANES,model_b_routine_clinical,Logistic Regression,fixed_recalibration_source_selected,beta,dp_shift_atcp,0.85,0.82,0.85,0.8516579406631762,0.8347457627118644,0.9306930693069307,0.09594730659506634,0.9598603839441536,0.26352530541012215,0.04013961605584642,1.0518616230688649,0.0002517826567650061,0.8315881326352531,0.8294491525423728,0.8415841584158416,0.012135005873468718,0.931064572425829,0.06893542757417102,0.36910994764397903
NHANES,model_b_routine_clinical,Logistic Regression,fixed_recalibration_source_selected,beta,multi_objective_dp_shift_atcp,0.85,0.82,0.85,0.8516579406631762,0.8347457627118644,0.9306930693069307,0.09594730659506634,0.9598603839441536,0.26352530541012215,0.04013961605584642,1.0518616230688649,0.0002517826567650061,0.8315881326352531,0.8294491525423728,0.8415841584158416,0.012135005873468718,0.931064572425829,0.06893542757417102,0.36910994764397903
NHANES,model_b_routine_clinical,Logistic Regression,fixed_recalibration_source_selected,beta,dp_shift_atcp,0.9,0.88,0.9,0.900523560209424,0.8898305084745762,0.9504950495049505,0.06066454103037422,1.1204188481675392,0.37521815008726006,0.12041884816753927,1.1775587661703428,0.0002517826567650061,0.8839441535776614,0.8877118644067796,0.8663366336633663,0.021375230743413298,1.0218150087260034,0.02181500872600349,0.25392670157068065
NHANES,model_b_routine_clinical,Logistic Regression,fixed_recalibration_source_selected,beta,multi_objective_dp_shift_atcp,0.9,0.88,0.9,0.900523560209424,0.8898305084745762,0.9504950495049505,0.06066454103037422,1.1204188481675392,0.37521815008726006,0.12041884816753927,1.1775587661703428,0.0002517826567650061,0.8839441535776614,0.8877118644067796,0.8663366336633663,0.021375230743413298,1.0218150087260034,0.02181500872600349,0.25392670157068065
NHANES,model_b_routine_clinical,Logistic Regression,fixed_recalibration_source_selected,beta,dp_shift_atcp,0.92,0.91,0.92,0.924956369982548,0.9152542372881356,0.9702970297029703,0.055042792414834674,1.2216404886561956,0.5392670157068062,0.22164048865619546,1.3542919373133517,0.0002517826567650061,0.9171029668411868,0.909957627118644,0.9504950495049505,0.04053742238630642,1.1343804537521816,0.1343804537521815,0.3865619546247818
NHANES,model_b_routine_clinical,Logistic Regression,fixed_recalibration_source_selected,beta,multi_objective_dp_shift_atcp,0.92,0.91,0.92,0.924956369982548,0.9152542372881356,0.9702970297029703,0.055042792414834674,1.2216404886561956,0.5392670157068062,0.22164048865619546,1.3542919373133517,0.0002517826567650061,0.9171029668411868,0.909957627118644,0.9504950495049505,0.04053742238630642,1.1343804537521816,0.1343804537521815,0.3865619546247818
NHANES,model_b_routine_clinical,Logistic Regression,fixed_recalibration_source_selected,beta,dp_shift_atcp,0.95,0.94,0.95,0.9511343804537522,0.9427966101694916,0.9900990099009901,0.04730239973149852,1.406631762652705,0.8691099476439791,0.40663176265270506,1.6364858858101625,0.0002517826567650061,0.9485165794066318,0.9438559322033898,0.9702970297029703,0.026441097499580457,1.2993019197207678,0.29930191972076786,0.6710296684118674
NHANES,model_b_routine_clinical,Logistic Regression,fixed_recalibration_source_selected,beta,multi_objective_dp_shift_atcp,0.95,0.94,0.95,0.9511343804537522,0.9427966101694916,0.9900990099009901,0.04730239973149852,1.406631762652705,0.8691099476439791,0.40663176265270506,1.6364858858101625,0.0002517826567650061,0.9485165794066318,0.9438559322033898,0.9702970297029703,0.026441097499580457,1.2993019197207678,0.29930191972076786,0.6710296684118674
NHANES,model_b_routine_clinical,Logistic Regression,adaptive_calibration_target_selected,isotonic,dp_shift_atcp,0.8,0.75,0.8,0.8324607329842932,0.8220338983050848,0.8811881188118812,0.05915422050679642,0.9214659685863874,0.35951134380453753,0.07853403141361257,1.1679634424530394,0.0002517826567650061,0.8272251308900523,0.8241525423728814,0.8415841584158416,0.017431616042960174,0.9205933682373473,0.07940663176265271,0.387434554973822
NHANES,model_b_routine_clinical,Logistic Regression,adaptive_calibration_target_selected,isotonic,multi_objective_dp_shift_atcp,0.8,0.75,0.8,0.8324607329842932,0.8220338983050848,0.8811881188118812,0.05915422050679642,0.9214659685863874,0.35951134380453753,0.07853403141361257,1.1679634424530394,0.0002517826567650061,0.8272251308900523,0.8241525423728814,0.8415841584158416,0.017431616042960174,0.9205933682373473,0.07940663176265271,0.387434554973822
NHANES,model_b_routine_clinical,Logistic Regression,adaptive_calibration_target_selected,isotonic,dp_shift_atcp,0.85,0.7999999999999999,0.85,0.8411867364746946,0.8220338983050848,0.9306930693069307,0.10865917100184597,0.956369982547993,0.28097731239092494,0.04363001745200698,1.112639716363153,0.0002517826567650061,0.8307155322862129,0.8241525423728814,0.8613861386138614,0.037233596240979994,0.9493891797556719,0.0506108202443281,0.3263525305410122
NHANES,model_b_routine_clinical,Logistic Regression,adaptive_calibration_target_selected,isotonic,multi_objective_dp_shift_atcp,0.85,0.7999999999999999,0.85,0.8411867364746946,0.8220338983050848,0.9306930693069307,0.10865917100184597,0.956369982547993,0.28097731239092494,0.04363001745200698,1.112639716363153,0.0002517826567650061,0.8516579406631762,0.9247881355932204,0.5099009900990099,0.41488714549421046,0.900523560209424,0.09947643979057591,0.4869109947643979
NHANES,model_b_routine_clinical,Logistic Regression,adaptive_calibration_target_selected,isotonic,dp_shift_atcp,0.9,0.87,0.9,0.9075043630017452,0.8898305084745762,0.9900990099009901,0.10026850142641386,1.3944153577661431,0.8883071553228621,0.3944153577661431,1.747610431022692,0.0002517826567650061,0.8717277486910995,0.8728813559322034,0.8663366336633663,0.0065447222688370665,1.0087260034904013,0.008726003490401396,0.2399650959860384
NHANES,model_b_routine_clinical,Logistic Regression,adaptive_calibration_target_selected,isotonic,multi_objective_dp_shift_atcp,0.9,0.87,0.9,0.9075043630017452,0.8898305084745762,0.9900990099009901,0.10026850142641386,1.3944153577661431,0.8883071553228621,0.3944153577661431,1.747610431022692,0.0002517826567650061,0.8717277486910995,0.8728813559322034,0.8663366336633663,0.0065447222688370665,1.0087260034904013,0.008726003490401396,0.2399650959860384
NHANES,model_b_routine_clinical,Logistic Regression,adaptive_calibration_target_selected,isotonic,dp_shift_atcp,0.92,0.89,0.92,0.9144851657940664,0.8983050847457628,0.9900990099009901,0.09179392515522733,1.4031413612565444,0.8987783595113438,0.4031413612565445,1.737167327523417,0.0002517826567650061,0.9118673647469459,0.9014830508474576,0.9603960396039604,0.05891298875650275,1.1797556719022688,0.17975567190226877,0.4755671902268761
NHANES,model_b_routine_clinical,Logistic Regression,adaptive_calibration_target_selected,isotonic,multi_objective_dp_shift_atcp,0.92,0.89,0.92,0.9144851657940664,0.8983050847457628,0.9900990099009901,0.09179392515522733,1.4031413612565444,0.8987783595113438,0.4031413612565445,1.737167327523417,0.0002517826567650061,0.9205933682373473,0.9682203389830508,0.698019801980198,0.27020053700285285,1.0218150087260034,0.02181500872600349,0.33595113438045376
NHANES,model_b_routine_clinical,Logistic Regression,adaptive_calibration_target_selected,isotonic,dp_shift_atcp,0.95,0.8999999999999999,0.95,0.9581151832460733,0.951271186440678,0.9900990099009901,0.038827823460312105,1.4764397905759161,1.0017452006980803,0.47643979057591623,1.7808420842306076,0.0002517826567650061,0.9162303664921466,0.9014830508474576,0.9851485148514851,0.08366546400402752,1.4031413612565444,0.4031413612565445,0.900523560209424
NHANES,model_b_routine_clinical,Logistic Regression,adaptive_calibration_target_selected,isotonic,multi_objective_dp_shift_atcp,0.95,0.8999999999999999,0.95,0.9581151832460733,0.951271186440678,0.9900990099009901,0.038827823460312105,1.4764397905759161,1.0017452006980803,0.47643979057591623,1.7808420842306076,0.0002517826567650061,0.9162303664921466,0.9014830508474576,0.9851485148514851,0.08366546400402752,1.4031413612565444,0.4031413612565445,0.900523560209424
Pima,model_b_routine_clinical,Logistic Regression,naive_transfer,uncalibrated,dp_shift_atcp,0.8,0.75,0.8,0.828125,0.808,0.8656716417910447,0.05767164179104467,1.1770833333333333,0.7135416666666666,0.17708333333333334,1.5255699626865666,0.00015205399625813483,0.75,0.716,0.8134328358208955,0.09743283582089557,1.0520833333333333,0.052083333333333336,0.6145833333333334
Pima,model_b_routine_clinical,Logistic Regression,naive_transfer,uncalibrated,multi_objective_dp_shift_atcp,0.8,0.75,0.8,0.828125,0.808,0.8656716417910447,0.05767164179104467,1.1770833333333333,0.7135416666666666,0.17708333333333334,1.5255699626865666,0.00015205399625813483,0.75,0.716,0.8134328358208955,0.09743283582089557,1.0520833333333333,0.052083333333333336,0.6145833333333334
Pima,model_b_routine_clinical,Logistic Regression,naive_transfer,uncalibrated,dp_shift_atcp,0.85,0.7999999999999999,0.85,0.859375,0.824,0.9253731343283582,0.10137313432835826,1.25,0.7447916666666666,0.25,1.5713305348258708,0.00015205399625813483,0.8072916666666666,0.756,0.9029850746268657,0.14698507462686572,1.2291666666666667,0.22916666666666666,0.7864583333333334
Pima,model_b_routine_clinical,Logistic Regression,naive_transfer,uncalibrated,multi_objective_dp_shift_atcp,0.85,0.7999999999999999,0.85,0.859375,0.824,0.9253731343283582,0.10137313432835826,1.25,0.7447916666666666,0.25,1.5713305348258708,0.00015205399625813483,0.8072916666666666,0.756,0.9029850746268657,0.14698507462686572,1.2291666666666667,0.22916666666666666,0.7864583333333334
Pima,model_b_routine_clinical,Logistic Regression,naive_transfer,uncalibrated,dp_shift_atcp,0.9,0.85,0.9,0.90625,0.888,0.9402985074626866,0.052298507462686605,1.359375,0.8958333333333334,0.359375,1.6451144278606966,0.00015205399625813483,0.8411458333333334,0.792,0.9328358208955224,0.14083582089552238,1.3072916666666667,0.3072916666666667,0.8671875
Pima,model_b_routine_clinical,Logistic Regression,naive_transfer,uncalibrated,multi_objective_dp_shift_atcp,0.9,0.85,0.9,0.90625,0.888,0.9402985074626866,0.052298507462686605,1.359375,0.8958333333333334,0.359375,1.6451144278606966,0.00015205399625813483,0.8411458333333334,0.792,0.9328358208955224,0.14083582089552238,1.3072916666666667,0.3072916666666667,0.8671875
Pima,model_b_routine_clinical,Logistic Regression,naive_transfer,uncalibrated,dp_shift_atcp,0.92,0.87,0.92,0.9166666666666666,0.904,0.9402985074626866,0.03629850746268659,1.375,0.9166666666666666,0.375,1.6294477611940303,0.00015205399625813483,0.8723958333333334,0.824,0.9626865671641791,0.13868656716417915,1.3854166666666667,0.3854166666666667,0.9505208333333334
Pima,model_b_routine_clinical,Logistic Regression,naive_transfer,uncalibrated,multi_objective_dp_shift_atcp,0.92,0.87,0.92,0.9166666666666666,0.904,0.9402985074626866,0.03629850746268659,1.375,0.9166666666666666,0.375,1.6294477611940303,0.00015205399625813483,0.9192708333333334,0.984,0.7985074626865671,0.18549253731343285,1.4348958333333333,0.4348958333333333,1.2317708333333333
Pima,model_b_routine_clinical,Logistic Regression,naive_transfer,uncalibrated,dp_shift_atcp,0.95,0.9199999999999999,0.95,0.9479166666666666,0.944,0.9552238805970149,0.011223880597014957,1.46875,1.0520833333333333,0.46875,1.728294154228856,0.00015205399625813483,0.9166666666666666,0.884,0.9776119402985075,0.0936119402985075,1.5,0.5,1.1145833333333333
Pima,model_b_routine_clinical,Logistic Regression,naive_transfer,uncalibrated,multi_objective_dp_shift_atcp,0.95,0.9199999999999999,0.95,0.9479166666666666,0.944,0.9552238805970149,0.011223880597014957,1.46875,1.0520833333333333,0.46875,1.728294154228856,0.00015205399625813483,0.9609375,0.988,0.9104477611940298,0.07755223880597018,1.6197916666666667,0.6197916666666666,1.4036458333333333
Pima,model_b_routine_clinical,Logistic Regression,label_shift_adjusted,label_shift,dp_shift_atcp,0.8,0.75,0.8,0.828125,0.808,0.8656716417910447,0.05767164179104467,1.1770833333333333,0.7135416666666666,0.17708333333333334,1.5255699626865666,0.00015205399625813483,0.75,0.716,0.8134328358208955,0.09743283582089557,1.0520833333333333,0.052083333333333336,0.6145833333333334
Pima,model_b_routine_clinical,Logistic Regression,label_shift_adjusted,label_shift,multi_objective_dp_shift_atcp,0.8,0.75,0.8,0.828125,0.808,0.8656716417910447,0.05767164179104467,1.1770833333333333,0.7135416666666666,0.17708333333333334,1.5255699626865666,0.00015205399625813483,0.75,0.716,0.8134328358208955,0.09743283582089557,1.0520833333333333,0.052083333333333336,0.6145833333333334
Pima,model_b_routine_clinical,Logistic Regression,label_shift_adjusted,label_shift,dp_shift_atcp,0.85,0.7999999999999999,0.85,0.859375,0.824,0.9253731343283582,0.10137313432835826,1.25,0.7447916666666666,0.25,1.5713305348258708,0.00015205399625813483,0.8072916666666666,0.756,0.9029850746268657,0.14698507462686572,1.2291666666666667,0.22916666666666666,0.7864583333333334
Pima,model_b_routine_clinical,Logistic Regression,label_shift_adjusted,label_shift,multi_objective_dp_shift_atcp,0.85,0.7999999999999999,0.85,0.859375,0.824,0.9253731343283582,0.10137313432835826,1.25,0.7447916666666666,0.25,1.5713305348258708,0.00015205399625813483,0.8072916666666666,0.756,0.9029850746268657,0.14698507462686572,1.2291666666666667,0.22916666666666666,0.7864583333333334
Pima,model_b_routine_clinical,Logistic Regression,label_shift_adjusted,label_shift,dp_shift_atcp,0.9,0.85,0.9,0.90625,0.888,0.9402985074626866,0.052298507462686605,1.359375,0.8958333333333334,0.359375,1.6451144278606966,0.00015205399625813483,0.8411458333333334,0.792,0.9328358208955224,0.14083582089552238,1.3072916666666667,0.3072916666666667,0.8671875
Pima,model_b_routine_clinical,Logistic Regression,label_shift_adjusted,label_shift,multi_objective_dp_shift_atcp,0.9,0.85,0.9,0.90625,0.888,0.9402985074626866,0.052298507462686605,1.359375,0.8958333333333334,0.359375,1.6451144278606966,0.00015205399625813483,0.8411458333333334,0.792,0.9328358208955224,0.14083582089552238,1.3072916666666667,0.3072916666666667,0.8671875
Pima,model_b_routine_clinical,Logistic Regression,label_shift_adjusted,label_shift,dp_shift_atcp,0.92,0.87,0.92,0.9166666666666666,0.904,0.9402985074626866,0.03629850746268659,1.375,0.9166666666666666,0.375,1.6294477611940303,0.00015205399625813483,0.8723958333333334,0.824,0.9626865671641791,0.13868656716417915,1.3854166666666667,0.3854166666666667,0.9505208333333334
Pima,model_b_routine_clinical,Logistic Regression,label_shift_adjusted,label_shift,multi_objective_dp_shift_atcp,0.92,0.87,0.92,0.9166666666666666,0.904,0.9402985074626866,0.03629850746268659,1.375,0.9166666666666666,0.375,1.6294477611940303,0.00015205399625813483,0.8958333333333334,0.848,0.9850746268656716,0.13707462686567162,1.5364583333333333,0.5364583333333334,1.1979166666666667
Pima,model_b_routine_clinical,Logistic Regression,label_shift_adjusted,label_shift,dp_shift_atcp,0.95,0.9199999999999999,0.95,0.9479166666666666,0.944,0.9552238805970149,0.011223880597014957,1.46875,1.0520833333333333,0.46875,1.728294154228856,0.00015205399625813483,0.9166666666666666,0.884,0.9776119402985075,0.0936119402985075,1.5,0.5,1.1145833333333333
Pima,model_b_routine_clinical,Logistic Regression,label_shift_adjusted,label_shift,multi_objective_dp_shift_atcp,0.95,0.9199999999999999,0.95,0.9479166666666666,0.944,0.9552238805970149,0.011223880597014957,1.46875,1.0520833333333333,0.46875,1.728294154228856,0.00015205399625813483,0.9244791666666666,0.884,1.0,0.11599999999999999,1.6822916666666667,0.6822916666666666,1.4401041666666667
Pima,model_b_routine_clinical,Logistic Regression,fixed_recalibration_source_selected,beta,dp_shift_atcp,0.8,0.75,0.8,0.828125,0.808,0.8656716417910447,0.05767164179104467,1.1770833333333333,0.7135416666666666,0.17708333333333334,1.5255699626865666,0.00015205399625813483,0.75,0.716,0.8134328358208955,0.09743283582089557,1.0520833333333333,0.052083333333333336,0.6145833333333334
Pima,model_b_routine_clinical,Logistic Regression,fixed_recalibration_source_selected,beta,multi_objective_dp_shift_atcp,0.8,0.75,0.8,0.828125,0.808,0.8656716417910447,0.05767164179104467,1.1770833333333333,0.7135416666666666,0.17708333333333334,1.5255699626865666,0.00015205399625813483,0.75,0.716,0.8134328358208955,0.09743283582089557,1.0520833333333333,0.052083333333333336,0.6145833333333334
Pima,model_b_routine_clinical,Logistic Regression,fixed_recalibration_source_selected,beta,dp_shift_atcp,0.85,0.7999999999999999,0.85,0.859375,0.824,0.9253731343283582,0.10137313432835826,1.25,0.7447916666666666,0.25,1.5713305348258708,0.00015205399625813483,0.8072916666666666,0.756,0.9029850746268657,0.14698507462686572,1.2291666666666667,0.22916666666666666,0.7864583333333334
Pima,model_b_routine_clinical,Logistic Regression,fixed_recalibration_source_selected,beta,multi_objective_dp_shift_atcp,0.85,0.7999999999999999,0.85,0.859375,0.824,0.9253731343283582,0.10137313432835826,1.25,0.7447916666666666,0.25,1.5713305348258708,0.00015205399625813483,0.8072916666666666,0.756,0.9029850746268657,0.14698507462686572,1.2291666666666667,0.22916666666666666,0.7864583333333334
Pima,model_b_routine_clinical,Logistic Regression,fixed_recalibration_source_selected,beta,dp_shift_atcp,0.9,0.85,0.9,0.90625,0.888,0.9402985074626866,0.052298507462686605,1.359375,0.8958333333333334,0.359375,1.6451144278606966,0.00015205399625813483,0.8411458333333334,0.792,0.9328358208955224,0.14083582089552238,1.3072916666666667,0.3072916666666667,0.8671875
Pima,model_b_routine_clinical,Logistic Regression,fixed_recalibration_source_selected,beta,multi_objective_dp_shift_atcp,0.9,0.85,0.9,0.90625,0.888,0.9402985074626866,0.052298507462686605,1.359375,0.8958333333333334,0.359375,1.6451144278606966,0.00015205399625813483,0.8411458333333334,0.792,0.9328358208955224,0.14083582089552238,1.3072916666666667,0.3072916666666667,0.8671875
Pima,model_b_routine_clinical,Logistic Regression,fixed_recalibration_source_selected,beta,dp_shift_atcp,0.92,0.87,0.92,0.9166666666666666,0.904,0.9402985074626866,0.03629850746268659,1.375,0.9166666666666666,0.375,1.6294477611940303,0.00015205399625813483,0.8723958333333334,0.824,0.9626865671641791,0.13868656716417915,1.3854166666666667,0.3854166666666667,0.9505208333333334
Pima,model_b_routine_clinical,Logistic Regression,fixed_recalibration_source_selected,beta,multi_objective_dp_shift_atcp,0.92,0.87,0.92,0.9166666666666666,0.904,0.9402985074626866,0.03629850746268659,1.375,0.9166666666666666,0.375,1.6294477611940303,0.00015205399625813483,0.9453125,0.968,0.9029850746268657,0.06501492537313425,1.5026041666666667,0.5026041666666666,1.1953125
Pima,model_b_routine_clinical,Logistic Regression,fixed_recalibration_source_selected,beta,dp_shift_atcp,0.95,0.9199999999999999,0.95,0.9479166666666666,0.944,0.9552238805970149,0.011223880597014957,1.46875,1.0520833333333333,0.46875,1.728294154228856,0.00015205399625813483,0.9166666666666666,0.884,0.9776119402985075,0.0936119402985075,1.5,0.5,1.1145833333333333
Pima,model_b_routine_clinical,Logistic Regression,fixed_recalibration_source_selected,beta,multi_objective_dp_shift_atcp,0.95,0.9199999999999999,0.95,0.9479166666666666,0.944,0.9552238805970149,0.011223880597014957,1.46875,1.0520833333333333,0.46875,1.728294154228856,0.00015205399625813483,0.9583333333333334,0.984,0.9104477611940298,0.07355223880597017,1.5859375,0.5859375,1.3385416666666667
Pima,model_b_routine_clinical,Logistic Regression,adaptive_calibration_target_selected,platt,dp_shift_atcp,0.8,0.75,0.8,0.828125,0.808,0.8656716417910447,0.05767164179104467,1.1770833333333333,0.7135416666666666,0.17708333333333334,1.5255699626865666,0.00015205399625813483,0.75,0.716,0.8134328358208955,0.09743283582089557,1.0520833333333333,0.052083333333333336,0.6145833333333334
Pima,model_b_routine_clinical,Logistic Regression,adaptive_calibration_target_selected,platt,multi_objective_dp_shift_atcp,0.8,0.75,0.8,0.828125,0.808,0.8656716417910447,0.05767164179104467,1.1770833333333333,0.7135416666666666,0.17708333333333334,1.5255699626865666,0.00015205399625813483,0.75,0.716,0.8134328358208955,0.09743283582089557,1.0520833333333333,0.052083333333333336,0.6145833333333334
Pima,model_b_routine_clinical,Logistic Regression,adaptive_calibration_target_selected,platt,dp_shift_atcp,0.85,0.7999999999999999,0.85,0.859375,0.824,0.9253731343283582,0.10137313432835826,1.25,0.7447916666666666,0.25,1.5713305348258708,0.00015205399625813483,0.8072916666666666,0.756,0.9029850746268657,0.14698507462686572,1.2291666666666667,0.22916666666666666,0.7864583333333334
Pima,model_b_routine_clinical,Logistic Regression,adaptive_calibration_target_selected,platt,multi_objective_dp_shift_atcp,0.85,0.7999999999999999,0.85,0.859375,0.824,0.9253731343283582,0.10137313432835826,1.25,0.7447916666666666,0.25,1.5713305348258708,0.00015205399625813483,0.8072916666666666,0.756,0.9029850746268657,0.14698507462686572,1.2291666666666667,0.22916666666666666,0.7864583333333334
Pima,model_b_routine_clinical,Logistic Regression,adaptive_calibration_target_selected,platt,dp_shift_atcp,0.9,0.85,0.9,0.90625,0.888,0.9402985074626866,0.052298507462686605,1.359375,0.8958333333333334,0.359375,1.6451144278606966,0.00015205399625813483,0.8411458333333334,0.792,0.9328358208955224,0.14083582089552238,1.3072916666666667,0.3072916666666667,0.8671875
Pima,model_b_routine_clinical,Logistic Regression,adaptive_calibration_target_selected,platt,multi_objective_dp_shift_atcp,0.9,0.85,0.9,0.90625,0.888,0.9402985074626866,0.052298507462686605,1.359375,0.8958333333333334,0.359375,1.6451144278606966,0.00015205399625813483,0.8411458333333334,0.792,0.9328358208955224,0.14083582089552238,1.3072916666666667,0.3072916666666667,0.8671875
Pima,model_b_routine_clinical,Logistic Regression,adaptive_calibration_target_selected,platt,dp_shift_atcp,0.92,0.87,0.92,0.9166666666666666,0.904,0.9402985074626866,0.03629850746268659,1.375,0.9166666666666666,0.375,1.6294477611940303,0.00015205399625813483,0.8723958333333334,0.824,0.9626865671641791,0.13868656716417915,1.3854166666666667,0.3854166666666667,0.9505208333333334
Pima,model_b_routine_clinical,Logistic Regression,adaptive_calibration_target_selected,platt,multi_objective_dp_shift_atcp,0.92,0.87,0.92,0.9166666666666666,0.904,0.9402985074626866,0.03629850746268659,1.375,0.9166666666666666,0.375,1.6294477611940303,0.00015205399625813483,0.9375,0.956,0.9029850746268657,0.053014925373134236,1.4895833333333333,0.4895833333333333,1.1770833333333333
Pima,model_b_routine_clinical,Logistic Regression,adaptive_calibration_target_selected,platt,dp_shift_atcp,0.95,0.9199999999999999,0.95,0.9479166666666666,0.944,0.9552238805970149,0.011223880597014957,1.46875,1.0520833333333333,0.46875,1.728294154228856,0.00015205399625813483,0.9166666666666666,0.884,0.9776119402985075,0.0936119402985075,1.5,0.5,1.1145833333333333
Pima,model_b_routine_clinical,Logistic Regression,adaptive_calibration_target_selected,platt,multi_objective_dp_shift_atcp,0.95,0.9199999999999999,0.95,0.9479166666666666,0.944,0.9552238805970149,0.011223880597014957,1.46875,1.0520833333333333,0.46875,1.728294154228856,0.00015205399625813483,0.9583333333333334,0.98,0.917910447761194,0.06208955223880597,1.5859375,0.5859375,1.328125
NHANES,model_b_routine_clinical,Random Forest,naive_transfer,uncalibrated,dp_shift_atcp,0.8,0.79,0.8,0.8045375218150087,0.7902542372881356,0.8712871287128713,0.08103289142473569,0.944153577661431,0.3769633507853403,0.055846422338568937,1.0880414837339618,0.0002517826567650061,0.8097731239092496,0.8188559322033898,0.7673267326732673,0.05152919953012247,0.9153577661431065,0.08464223385689354,0.4432809773123909
NHANES,model_b_routine_clinical,Random Forest,naive_transfer,uncalibrated,multi_objective_dp_shift_atcp,0.8,0.79,0.8,0.8045375218150087,0.7902542372881356,0.8712871287128713,0.08103289142473569,0.944153577661431,0.3769633507853403,0.055846422338568937,1.0880414837339618,0.0002517826567650061,0.8097731239092496,0.8188559322033898,0.7673267326732673,0.05152919953012247,0.9153577661431065,0.08464223385689354,0.4432809773123909
NHANES,model_b_routine_clinical,Random Forest,naive_transfer,uncalibrated,dp_shift_atcp,0.85,0.83,0.85,0.8481675392670157,0.8283898305084746,0.9405940594059405,0.11220422889746595,1.0558464223385688,0.3054101221640489,0.055846422338568937,1.1748508459639997,0.0002517826567650061,0.8542757417102966,0.8516949152542372,0.8663366336633663,0.01464171840912909,0.9973821989528796,0.002617801047120419,0.24520069808027922
NHANES,model_b_routine_clinical,Random Forest,naive_transfer,uncalibrated,multi_objective_dp_shift_atcp,0.85,0.83,0.85,0.8481675392670157,0.8283898305084746,0.9405940594059405,0.11220422889746595,1.0558464223385688,0.3054101221640489,0.055846422338568937,1.1748508459639997,0.0002517826567650061,0.8586387434554974,0.8802966101694916,0.7574257425742574,0.12287086759523413,0.9712041884816754,0.028795811518324606,0.32460732984293195
NHANES,model_b_routine_clinical,Random Forest,naive_transfer,uncalibrated,dp_shift_atcp,0.9,0.89,0.9,0.9092495636998255,0.8961864406779662,0.9702970297029703,0.07411058902500411,1.2303664921465969,0.5724258289703316,0.23036649214659685,1.4279198102390767,0.0002517826567650061,0.900523560209424,0.9014830508474576,0.8960396039603961,0.005443446887061554,1.1134380453752182,0.11343804537521815,0.39965095986038396
NHANES,model_b_routine_clinical,Random Forest,naive_transfer,uncalibrated,multi_objective_dp_shift_atcp,0.9,0.89,0.9,0.9092495636998255,0.8961864406779662,0.9702970297029703,0.07411058902500411,1.2303664921465969,0.5724258289703316,0.23036649214659685,1.4279198102390767,0.0002517826567650061,0.900523560209424,0.9014830508474576,0.8960396039603961,0.005443446887061554,1.1134380453752182,0.11343804537521815,0.39965095986038396
NHANES,model_b_routine_clinical,Random Forest,naive_transfer,uncalibrated,dp_shift_atcp,0.92,0.9,0.92,0.9197207678883071,0.9067796610169492,0.9801980198019802,0.073418358785031,1.2844677137870855,0.6631762652705061,0.2844677137870855,1.4706860024009325,0.0002517826567650061,0.918848167539267,0.913135593220339,0.9455445544554455,0.032408961235106504,1.2146596858638743,0.21465968586387435,0.5488656195462478
NHANES,model_b_routine_clinical,Random Forest,naive_transfer,uncalibrated,multi_objective_dp_shift_atcp,0.92,0.9,0.92,0.9197207678883071,0.9067796610169492,0.9801980198019802,0.073418358785031,1.2844677137870855,0.6631762652705061,0.2844677137870855,1.4706860024009325,0.0002517826567650061,0.9214659685863874,0.9385593220338984,0.8415841584158416,0.0969751636180568,1.087260034904014,0.08726003490401396,0.3647469458987784
NHANES,model_b_routine_clinical,Random Forest,naive_transfer,uncalibrated,dp_shift_atcp,0.95,0.94,0.95,0.9511343804537522,0.9449152542372882,0.9801980198019802,0.03528276556469201,1.382198952879581,0.8272251308900523,0.38219895287958117,1.5779677783644903,0.0002517826567650061,0.9458987783595113,0.9396186440677966,0.9752475247524752,0.03562888068467862,1.3211169284467714,0.32111692844677137,0.7137870855148342
NHANES,model_b_routine_clinical,Random Forest,naive_transfer,uncalibrated,multi_objective_dp_shift_atcp,0.95,0.94,0.95,0.9511343804537522,0.9449152542372882,0.9801980198019802,0.03528276556469201,1.382198952879581,0.8272251308900523,0.38219895287958117,1.5779677783644903,0.0002517826567650061,0.9458987783595113,0.9396186440677966,0.9752475247524752,0.03562888068467862,1.3211169284467714,0.32111692844677137,0.7137870855148342
NHANES,model_b_routine_clinical,Random Forest,label_shift_adjusted,label_shift,dp_shift_atcp,0.8,0.79,0.8,0.8045375218150087,0.7902542372881356,0.8712871287128713,0.08103289142473569,0.944153577661431,0.3769633507853403,0.055846422338568937,1.0880414837339618,0.0002517826567650061,0.8097731239092496,0.8188559322033898,0.7673267326732673,0.05152919953012247,0.9153577661431065,0.08464223385689354,0.4432809773123909
NHANES,model_b_routine_clinical,Random Forest,label_shift_adjusted,label_shift,multi_objective_dp_shift_atcp,0.8,0.79,0.8,0.8045375218150087,0.7902542372881356,0.8712871287128713,0.08103289142473569,0.944153577661431,0.3769633507853403,0.055846422338568937,1.0880414837339618,0.0002517826567650061,0.8097731239092496,0.8188559322033898,0.7673267326732673,0.05152919953012247,0.9153577661431065,0.08464223385689354,0.4432809773123909
NHANES,model_b_routine_clinical,Random Forest,label_shift_adjusted,label_shift,dp_shift_atcp,0.85,0.83,0.85,0.8481675392670157,0.8283898305084746,0.9405940594059405,0.11220422889746595,1.0558464223385688,0.3054101221640489,0.055846422338568937,1.1748508459639997,0.0002517826567650061,0.8542757417102966,0.8516949152542372,0.8663366336633663,0.01464171840912909,0.9973821989528796,0.002617801047120419,0.24520069808027922
NHANES,model_b_routine_clinical,Random Forest,label_shift_adjusted,label_shift,multi_objective_dp_shift_atcp,0.85,0.83,0.85,0.8481675392670157,0.8283898305084746,0.9405940594059405,0.11220422889746595,1.0558464223385688,0.3054101221640489,0.055846422338568937,1.1748508459639997,0.0002517826567650061,0.8630017452006981,0.8686440677966102,0.8366336633663366,0.03201040443027359,0.9973821989528796,0.002617801047120419,0.25392670157068065
NHANES,model_b_routine_clinical,Random Forest,label_shift_adjusted,label_shift,dp_shift_atcp,0.9,0.89,0.9,0.9092495636998255,0.8961864406779662,0.9702970297029703,0.07411058902500411,1.2303664921465969,0.5724258289703316,0.23036649214659685,1.4279198102390767,0.0002517826567650061,0.900523560209424,0.9014830508474576,0.8960396039603961,0.005443446887061554,1.1134380453752182,0.11343804537521815,0.39965095986038396
NHANES,model_b_routine_clinical,Random Forest,label_shift_adjusted,label_shift,multi_objective_dp_shift_atcp,0.9,0.89,0.9,0.9092495636998255,0.8961864406779662,0.9702970297029703,0.07411058902500411,1.2303664921465969,0.5724258289703316,0.23036649214659685,1.4279198102390767,0.0002517826567650061,0.900523560209424,0.9014830508474576,0.8960396039603961,0.005443446887061554,1.1134380453752182,0.11343804537521815,0.39965095986038396
NHANES,model_b_routine_clinical,Random Forest,label_shift_adjusted,label_shift,dp_shift_atcp,0.92,0.9,0.92,0.9197207678883071,0.9067796610169492,0.9801980198019802,0.073418358785031,1.2844677137870855,0.6631762652705061,0.2844677137870855,1.4706860024009325,0.0002517826567650061,0.918848167539267,0.913135593220339,0.9455445544554455,0.032408961235106504,1.2146596858638743,0.21465968586387435,0.5488656195462478
NHANES,model_b_routine_clinical,Random Forest,label_shift_adjusted,label_shift,multi_objective_dp_shift_atcp,0.92,0.9,0.92,0.9197207678883071,0.9067796610169492,0.9801980198019802,0.073418358785031,1.2844677137870855,0.6631762652705061,0.2844677137870855,1.4706860024009325,0.0002517826567650061,0.9319371727748691,0.9216101694915254,0.9801980198019802,0.05858785031045477,1.3638743455497382,0.36387434554973824,0.8097731239092496
NHANES,model_b_routine_clinical,Random Forest,label_shift_adjusted,label_shift,dp_shift_atcp,0.95,0.94,0.95,0.9511343804537522,0.9449152542372882,0.9801980198019802,0.03528276556469201,1.382198952879581,0.8272251308900523,0.38219895287958117,1.5779677783644903,0.0002517826567650061,0.9458987783595113,0.9396186440677966,0.9752475247524752,0.03562888068467862,1.3211169284467714,0.32111692844677137,0.7137870855148342
NHANES,model_b_routine_clinical,Random Forest,label_shift_adjusted,label_shift,multi_objective_dp_shift_atcp,0.95,0.94,0.95,0.9511343804537522,0.9449152542372882,0.9801980198019802,0.03528276556469201,1.382198952879581,0.8272251308900523,0.38219895287958117,1.5779677783644903,0.0002517826567650061,0.9458987783595113,0.9396186440677966,0.9752475247524752,0.03562888068467862,1.3211169284467714,0.32111692844677137,0.7137870855148342
NHANES,model_b_routine_clinical,Random Forest,fixed_recalibration_source_selected,isotonic,dp_shift_atcp,0.8,0.75,0.8,0.7888307155322862,0.7711864406779662,0.8712871287128713,0.10010068803490513,0.9214659685863874,0.41012216404886565,0.07853403141361257,1.1482313112844695,0.0002517826567650061,0.8054101221640488,0.8135593220338984,0.7673267326732673,0.046232589360631016,0.9109947643979057,0.08900523560209424,0.456369982547993
NHANES,model_b_routine_clinical,Random Forest,fixed_recalibration_source_selected,isotonic,multi_objective_dp_shift_atcp,0.8,0.75,0.8,0.7888307155322862,0.7711864406779662,0.8712871287128713,0.10010068803490513,0.9214659685863874,0.41012216404886565,0.07853403141361257,1.1482313112844695,0.0002517826567650061,0.8219895287958116,0.8972457627118644,0.47029702970297027,0.42694873300889413,0.87521815008726,0.12478184991273997,0.5916230366492147
NHANES,model_b_routine_clinical,Random Forest,fixed_recalibration_source_selected,isotonic,dp_shift_atcp,0.85,0.7999999999999999,0.85,0.849912739965096,0.8305084745762712,0.9405940594059405,0.11008558482966935,1.0593368237347296,0.3106457242582897,0.059336823734729496,1.1683569985359528,0.0002517826567650061,0.8726003490401396,0.8707627118644068,0.8811881188118812,0.010425406947474403,1.0549738219895288,0.0549738219895288,0.32111692844677137
NHANES,model_b_routine_clinical,Random Forest,fixed_recalibration_source_selected,isotonic,multi_objective_dp_shift_atcp,0.85,0.7999999999999999,0.85,0.849912739965096,0.8305084745762712,0.9405940594059405,0.11008558482966935,1.0593368237347296,0.3106457242582897,0.059336823734729496,1.1683569985359528,0.0002517826567650061,0.9022687609075044,0.9798728813559322,0.5396039603960396,0.44026892095989256,0.9956369982547993,0.004363001745200698,0.42408376963350786
NHANES,model_b_routine_clinical,Random Forest,fixed_recalibration_source_selected,isotonic,dp_shift_atcp,0.9,0.87,0.9,0.8970331588132635,0.8792372881355932,0.9801980198019802,0.10096073166638697,1.3019197207678883,0.7207678883071553,0.3019197207678883,1.5681950242011515,0.0002517826567650061,0.900523560209424,0.8972457627118644,0.9158415841584159,0.018595821446551475,1.1361256544502618,0.13612565445026178,0.43106457242582896
NHANES,model_b_routine_clinical,Random Forest,fixed_recalibration_source_selected,isotonic,multi_objective_dp_shift_atcp,0.9,0.87,0.9,0.8970331588132635,0.8792372881355932,0.9801980198019802,0.10096073166638697,1.3019197207678883,0.7207678883071553,0.3019197207678883,1.5681950242011515,0.0002517826567650061,0.9022687609075044,0.9798728813559322,0.5396039603960396,0.44026892095989256,0.9956369982547993,0.004363001745200698,0.42408376963350786
NHANES,model_b_routine_clinical,Random Forest,fixed_recalibration_source_selected,isotonic,dp_shift_atcp,0.92,0.87,0.92,0.8970331588132635,0.8792372881355932,0.9801980198019802,0.10096073166638697,1.3019197207678883,0.7207678883071553,0.3019197207678883,1.6681950242011516,0.0002517826567650061,0.9118673647469459,0.8972457627118644,0.9801980198019802,0.08295225709011578,1.3525305410122164,0.3525305410122164,0.8071553228621291
NHANES,model_b_routine_clinical,Random Forest,fixed_recalibration_source_selected,isotonic,multi_objective_dp_shift_atcp,0.92,0.87,0.92,0.8970331588132635,0.8792372881355932,0.9801980198019802,0.10096073166638697,1.3019197207678883,0.7207678883071553,0.3019197207678883,1.6681950242011516,0.0002517826567650061,0.9450261780104712,0.9830508474576272,0.7673267326732673,0.21572411478435982,1.1108202443280977,0.11082024432809773,0.4406631762652705
NHANES,model_b_routine_clinical,Random Forest,fixed_recalibration_source_selected,isotonic,dp_shift_atcp,0.95,0.8999999999999999,0.95,0.944153577661431,0.9364406779661016,0.9801980198019802,0.04375734183587854,1.3769633507853403,0.8237347294938918,0.3769633507853403,1.6083061698218808,0.0002517826567650061,0.9799301919720768,0.9798728813559322,0.9801980198019802,0.0003251384460479789,1.4589877835951135,0.45898778359511344,0.9520069808027923
NHANES,model_b_routine_clinical,Random Forest,fixed_recalibration_source_selected,isotonic,multi_objective_dp_shift_atcp,0.95,0.8999999999999999,0.95,0.944153577661431,0.9364406779661016,0.9801980198019802,0.04375734183587854,1.3769633507853403,0.8237347294938918,0.3769633507853403,1.6083061698218808,0.0002517826567650061,0.9467713787085514,0.9851694915254238,0.7673267326732673,0.21784275885215643,1.12478184991274,0.12478184991273997,0.4668411867364747
NHANES,model_b_routine_clinical,Random Forest,adaptive_calibration_target_selected,isotonic,dp_shift_atcp,0.8,0.75,0.8,0.7888307155322862,0.7711864406779662,0.8712871287128713,0.10010068803490513,0.9214659685863874,0.41012216404886565,0.07853403141361257,1.1482313112844695,0.0002517826567650061,0.8054101221640488,0.8135593220338984,0.7673267326732673,0.046232589360631016,0.9109947643979057,0.08900523560209424,0.456369982547993
NHANES,model_b_routine_clinical,Random Forest,adaptive_calibration_target_selected,isotonic,multi_objective_dp_shift_atcp,0.8,0.75,0.8,0.7888307155322862,0.7711864406779662,0.8712871287128713,0.10010068803490513,0.9214659685863874,0.41012216404886565,0.07853403141361257,1.1482313112844695,0.0002517826567650061,0.8219895287958116,0.8972457627118644,0.47029702970297027,0.42694873300889413,0.87521815008726,0.12478184991273997,0.5916230366492147
NHANES,model_b_routine_clinical,Random Forest,adaptive_calibration_target_selected,isotonic,dp_shift_atcp,0.85,0.7999999999999999,0.85,0.849912739965096,0.8305084745762712,0.9405940594059405,0.11008558482966935,1.0593368237347296,0.3106457242582897,0.059336823734729496,1.1683569985359528,0.0002517826567650061,0.8726003490401396,0.8707627118644068,0.8811881188118812,0.010425406947474403,1.0549738219895288,0.0549738219895288,0.32111692844677137
NHANES,model_b_routine_clinical,Random Forest,adaptive_calibration_target_selected,isotonic,multi_objective_dp_shift_atcp,0.85,0.7999999999999999,0.85,0.849912739965096,0.8305084745762712,0.9405940594059405,0.11008558482966935,1.0593368237347296,0.3106457242582897,0.059336823734729496,1.1683569985359528,0.0002517826567650061,0.9022687609075044,0.9798728813559322,0.5396039603960396,0.44026892095989256,0.9956369982547993,0.004363001745200698,0.42408376963350786
NHANES,model_b_routine_clinical,Random Forest,adaptive_calibration_target_selected,isotonic,dp_shift_atcp,0.9,0.87,0.9,0.8970331588132635,0.8792372881355932,0.9801980198019802,0.10096073166638697,1.3019197207678883,0.7207678883071553,0.3019197207678883,1.5681950242011515,0.0002517826567650061,0.900523560209424,0.8972457627118644,0.9158415841584159,0.018595821446551475,1.1361256544502618,0.13612565445026178,0.43106457242582896
NHANES,model_b_routine_clinical,Random Forest,adaptive_calibration_target_selected,isotonic,multi_objective_dp_shift_atcp,0.9,0.87,0.9,0.8970331588132635,0.8792372881355932,0.9801980198019802,0.10096073166638697,1.3019197207678883,0.7207678883071553,0.3019197207678883,1.5681950242011515,0.0002517826567650061,0.9022687609075044,0.9798728813559322,0.5396039603960396,0.44026892095989256,0.9956369982547993,0.004363001745200698,0.42408376963350786
NHANES,model_b_routine_clinical,Random Forest,adaptive_calibration_target_selected,isotonic,dp_shift_atcp,0.92,0.87,0.92,0.8970331588132635,0.8792372881355932,0.9801980198019802,0.10096073166638697,1.3019197207678883,0.7207678883071553,0.3019197207678883,1.6681950242011516,0.0002517826567650061,0.9118673647469459,0.8972457627118644,0.9801980198019802,0.08295225709011578,1.3525305410122164,0.3525305410122164,0.8071553228621291
NHANES,model_b_routine_clinical,Random Forest,adaptive_calibration_target_selected,isotonic,multi_objective_dp_shift_atcp,0.92,0.87,0.92,0.8970331588132635,0.8792372881355932,0.9801980198019802,0.10096073166638697,1.3019197207678883,0.7207678883071553,0.3019197207678883,1.6681950242011516,0.0002517826567650061,0.9450261780104712,0.9830508474576272,0.7673267326732673,0.21572411478435982,1.1108202443280977,0.11082024432809773,0.4406631762652705
NHANES,model_b_routine_clinical,Random Forest,adaptive_calibration_target_selected,isotonic,dp_shift_atcp,0.95,0.8999999999999999,0.95,0.944153577661431,0.9364406779661016,0.9801980198019802,0.04375734183587854,1.3769633507853403,0.8237347294938918,0.3769633507853403,1.6083061698218808,0.0002517826567650061,0.9799301919720768,0.9798728813559322,0.9801980198019802,0.0003251384460479789,1.4589877835951135,0.45898778359511344,0.9520069808027923
NHANES,model_b_routine_clinical,Random Forest,adaptive_calibration_target_selected,isotonic,multi_objective_dp_shift_atcp,0.95,0.8999999999999999,0.95,0.944153577661431,0.9364406779661016,0.9801980198019802,0.04375734183587854,1.3769633507853403,0.8237347294938918,0.3769633507853403,1.6083061698218808,0.0002517826567650061,0.9467713787085514,0.9851694915254238,0.7673267326732673,0.21784275885215643,1.12478184991274,0.12478184991273997,0.4668411867364747
Pima,model_b_routine_clinical,Random Forest,naive_transfer,uncalibrated,dp_shift_atcp,0.8,0.75,0.8,0.7916666666666666,0.736,0.8955223880597015,0.15952238805970154,1.1822916666666667,0.71875,0.18229166666666666,1.5861585820895527,0.00015205399625813483,0.8046875,0.768,0.8731343283582089,0.1051343283582089,1.1510416666666667,0.15104166666666666,0.6744791666666666
Pima,model_b_routine_clinical,Random Forest,naive_transfer,uncalibrated,multi_objective_dp_shift_atcp,0.8,0.75,0.8,0.7916666666666666,0.736,0.8955223880597015,0.15952238805970154,1.1822916666666667,0.71875,0.18229166666666666,1.5861585820895527,0.00015205399625813483,0.7942708333333334,0.964,0.47761194029850745,0.4863880597014925,1.2135416666666667,0.21354166666666666,1.3619791666666667
Pima,model_b_routine_clinical,Random Forest,naive_transfer,uncalibrated,dp_shift_atcp,0.85,0.7999999999999999,0.85,0.8385416666666666,0.792,0.9253731343283582,0.13337313432835818,1.3020833333333333,0.8697916666666666,0.3020833333333333,1.7339138681592041,0.00015205399625813483,0.8359375,0.796,0.9104477611940298,0.11444776119402977,1.2734375,0.2734375,0.8359375
Pima,model_b_routine_clinical,Random Forest,naive_transfer,uncalibrated,multi_objective_dp_shift_atcp,0.85,0.7999999999999999,0.85,0.8385416666666666,0.792,0.9253731343283582,0.13337313432835818,1.3020833333333333,0.8697916666666666,0.3020833333333333,1.7339138681592041,0.00015205399625813483,0.8645833333333334,0.976,0.6567164179104478,0.3192835820895522,1.3307291666666667,0.3307291666666667,1.2760416666666667
Pima,model_b_routine_clinical,Random Forest,naive_transfer,uncalibrated,dp_shift_atcp,0.9,0.85,0.9,0.90625,0.888,0.9402985074626866,0.052298507462686605,1.4479166666666667,1.0729166666666667,0.4479166666666667,1.8044894278606964,0.00015205399625813483,0.875,0.844,0.9328358208955224,0.08883582089552244,1.4453125,0.4453125,1.109375
Pima,model_b_routine_clinical,Random Forest,naive_transfer,uncalibrated,multi_objective_dp_shift_atcp,0.9,0.85,0.9,0.90625,0.888,0.9402985074626866,0.052298507462686605,1.4479166666666667,1.0729166666666667,0.4479166666666667,1.8044894278606964,0.00015205399625813483,0.875,0.844,0.9328358208955224,0.08883582089552244,1.4453125,0.4453125,1.109375
Pima,model_b_routine_clinical,Random Forest,naive_transfer,uncalibrated,dp_shift_atcp,0.92,0.91,0.92,0.921875,0.912,0.9402985074626866,0.028298507462686584,1.5052083333333333,1.171875,0.5052083333333334,1.8419269278606962,0.00015205399625813483,0.9244791666666666,0.916,0.9402985074626866,0.02429850746268658,1.5729166666666667,0.5729166666666666,1.3046875
Pima,model_b_routine_clinical,Random Forest,naive_transfer,uncalibrated,multi_objective_dp_shift_atcp,0.92,0.91,0.92,0.921875,0.912,0.9402985074626866,0.028298507462686584,1.5052083333333333,1.171875,0.5052083333333334,1.8419269278606962,0.00015205399625813483,0.9244791666666666,0.916,0.9402985074626866,0.02429850746268658,1.5729166666666667,0.5729166666666666,1.3046875
Pima,model_b_routine_clinical,Random Forest,naive_transfer,uncalibrated,dp_shift_atcp,0.95,0.9299999999999999,0.95,0.9479166666666666,0.928,0.9850746268656716,0.05707462686567155,1.609375,1.2916666666666667,0.609375,2.0293619402985072,0.00015205399625813483,0.9427083333333334,0.928,0.9701492537313433,0.04214925373134326,1.6484375,0.6484375,1.3958333333333333
Pima,model_b_routine_clinical,Random Forest,naive_transfer,uncalibrated,multi_objective_dp_shift_atcp,0.95,0.9299999999999999,0.95,0.9479166666666666,0.928,0.9850746268656716,0.05707462686567155,1.609375,1.2916666666666667,0.609375,2.0293619402985072,0.00015205399625813483,0.9713541666666666,1.0,0.917910447761194,0.08208955223880599,1.625,0.625,1.3932291666666667
Pima,model_b_routine_clinical,Random Forest,label_shift_adjusted,label_shift,dp_shift_atcp,0.8,0.75,0.8,0.7916666666666666,0.736,0.8955223880597015,0.15952238805970154,1.1822916666666667,0.71875,0.18229166666666666,1.5861585820895527,0.00015205399625813483,0.8046875,0.768,0.8731343283582089,0.1051343283582089,1.1510416666666667,0.15104166666666666,0.6744791666666666
Pima,model_b_routine_clinical,Random Forest,label_shift_adjusted,label_shift,multi_objective_dp_shift_atcp,0.8,0.75,0.8,0.7916666666666666,0.736,0.8955223880597015,0.15952238805970154,1.1822916666666667,0.71875,0.18229166666666666,1.5861585820895527,0.00015205399625813483,0.8229166666666666,0.764,0.9328358208955224,0.1688358208955224,1.3098958333333333,0.3098958333333333,0.890625
Pima,model_b_routine_clinical,Random Forest,label_shift_adjusted,label_shift,dp_shift_atcp,0.85,0.7999999999999999,0.85,0.8385416666666666,0.792,0.9253731343283582,0.13337313432835818,1.3020833333333333,0.8697916666666666,0.3020833333333333,1.7339138681592041,0.00015205399625813483,0.8359375,0.796,0.9104477611940298,0.11444776119402977,1.2734375,0.2734375,0.8359375
Pima,model_b_routine_clinical,Random Forest,label_shift_adjusted,label_shift,multi_objective_dp_shift_atcp,0.85,0.7999999999999999,0.85,0.8385416666666666,0.792,0.9253731343283582,0.13337313432835818,1.3020833333333333,0.8697916666666666,0.3020833333333333,1.7339138681592041,0.00015205399625813483,0.8619791666666666,0.804,0.9701492537313433,0.16614925373134326,1.4401041666666667,0.4401041666666667,1.0598958333333333
Pima,model_b_routine_clinical,Random Forest,label_shift_adjusted,label_shift,dp_shift_atcp,0.9,0.85,0.9,0.90625,0.888,0.9402985074626866,0.052298507462686605,1.4479166666666667,1.0729166666666667,0.4479166666666667,1.8044894278606964,0.00015205399625813483,0.875,0.844,0.9328358208955224,0.08883582089552244,1.4453125,0.4453125,1.109375
Pima,model_b_routine_clinical,Random Forest,label_shift_adjusted,label_shift,multi_objective_dp_shift_atcp,0.9,0.85,0.9,0.90625,0.888,0.9402985074626866,0.052298507462686605,1.4479166666666667,1.0729166666666667,0.4479166666666667,1.8044894278606964,0.00015205399625813483,0.875,0.844,0.9328358208955224,0.08883582089552244,1.4453125,0.4453125,1.109375
Pima,model_b_routine_clinical,Random Forest,label_shift_adjusted,label_shift,dp_shift_atcp,0.92,0.91,0.92,0.921875,0.912,0.9402985074626866,0.028298507462686584,1.5052083333333333,1.171875,0.5052083333333334,1.8419269278606962,0.00015205399625813483,0.9244791666666666,0.916,0.9402985074626866,0.02429850746268658,1.5729166666666667,0.5729166666666666,1.3046875
Pima,model_b_routine_clinical,Random Forest,label_shift_adjusted,label_shift,multi_objective_dp_shift_atcp,0.92,0.91,0.92,0.921875,0.912,0.9402985074626866,0.028298507462686584,1.5052083333333333,1.171875,0.5052083333333334,1.8419269278606962,0.00015205399625813483,0.9244791666666666,0.916,0.9402985074626866,0.02429850746268658,1.5729166666666667,0.5729166666666666,1.3046875
Pima,model_b_routine_clinical,Random Forest,label_shift_adjusted,label_shift,dp_shift_atcp,0.95,0.9299999999999999,0.95,0.9479166666666666,0.928,0.9850746268656716,0.05707462686567155,1.609375,1.2916666666666667,0.609375,2.0293619402985072,0.00015205399625813483,0.9427083333333334,0.928,0.9701492537313433,0.04214925373134326,1.6484375,0.6484375,1.3958333333333333
Pima,model_b_routine_clinical,Random Forest,label_shift_adjusted,label_shift,multi_objective_dp_shift_atcp,0.95,0.9299999999999999,0.95,0.9479166666666666,0.928,0.9850746268656716,0.05707462686567155,1.609375,1.2916666666666667,0.609375,2.0293619402985072,0.00015205399625813483,0.953125,0.928,1.0,0.07199999999999995,1.8697916666666667,0.8697916666666666,1.7864583333333333
Pima,model_b_routine_clinical,Random Forest,fixed_recalibration_source_selected,isotonic,dp_shift_atcp,0.8,0.75,0.8,0.84375,0.792,0.9402985074626866,0.14829850746268658,1.3541666666666667,0.9479166666666666,0.3541666666666667,1.9984894278606964,0.00015205399625813483,0.8463541666666666,0.832,0.8731343283582089,0.04113432835820896,1.2604166666666667,0.2604166666666667,0.8515625
Pima,model_b_routine_clinical,Random Forest,fixed_recalibration_source_selected,isotonic,multi_objective_dp_shift_atcp,0.8,0.75,0.8,0.84375,0.792,0.9402985074626866,0.14829850746268658,1.3541666666666667,0.9479166666666666,0.3541666666666667,1.9984894278606964,0.00015205399625813483,0.8463541666666666,0.832,0.8731343283582089,0.04113432835820896,1.2604166666666667,0.2604166666666667,0.8515625
Pima,model_b_routine_clinical,Random Forest,fixed_recalibration_source_selected,isotonic,dp_shift_atcp,0.85,0.7999999999999999,0.85,0.84375,0.792,0.9402985074626866,0.14829850746268658,1.3541666666666667,0.9479166666666666,0.3541666666666667,1.8109894278606966,0.00015205399625813483,0.859375,0.832,0.9104477611940298,0.07844776119402985,1.328125,0.328125,0.921875
Pima,model_b_routine_clinical,Random Forest,fixed_recalibration_source_selected,isotonic,multi_objective_dp_shift_atcp,0.85,0.7999999999999999,0.85,0.84375,0.792,0.9402985074626866,0.14829850746268658,1.3541666666666667,0.9479166666666666,0.3541666666666667,1.8109894278606966,0.00015205399625813483,0.8854166666666666,0.928,0.8059701492537313,0.12202985074626871,1.3567708333333333,0.3567708333333333,1.0989583333333333
Pima,model_b_routine_clinical,Random Forest,fixed_recalibration_source_selected,isotonic,dp_shift_atcp,0.9,0.85,0.9,0.9322916666666666,0.928,0.9402985074626866,0.01229850746268657,1.5364583333333333,1.2239583333333333,0.5364583333333334,2.021051927860696,0.00015205399625813483,0.8828125,0.852,0.9402985074626866,0.08829850746268664,1.4713541666666667,0.4713541666666667,1.1432291666666667
Pima,model_b_routine_clinical,Random Forest,fixed_recalibration_source_selected,isotonic,multi_objective_dp_shift_atcp,0.9,0.85,0.9,0.9322916666666666,0.928,0.9402985074626866,0.01229850746268657,1.5364583333333333,1.2239583333333333,0.5364583333333334,2.021051927860696,0.00015205399625813483,0.8828125,0.852,0.9402985074626866,0.08829850746268664,1.4713541666666667,0.4713541666666667,1.1432291666666667
Pima,model_b_routine_clinical,Random Forest,fixed_recalibration_source_selected,isotonic,dp_shift_atcp,0.92,0.87,0.92,0.9322916666666666,0.928,0.9402985074626866,0.01229850746268657,1.5364583333333333,1.2239583333333333,0.5364583333333334,1.9210519278606961,0.00015205399625813483,0.9322916666666666,0.928,0.9402985074626866,0.01229850746268657,1.6041666666666667,0.6041666666666666,1.359375
Pima,model_b_routine_clinical,Random Forest,fixed_recalibration_source_selected,isotonic,multi_objective_dp_shift_atcp,0.92,0.87,0.92,0.9322916666666666,0.928,0.9402985074626866,0.01229850746268657,1.5364583333333333,1.2239583333333333,0.5364583333333334,1.9210519278606961,0.00015205399625813483,0.9322916666666666,0.928,0.9402985074626866,0.01229850746268657,1.6041666666666667,0.6041666666666666,1.359375
Pima,model_b_routine_clinical,Random Forest,fixed_recalibration_source_selected,isotonic,dp_shift_atcp,0.95,0.8999999999999999,0.95,0.9479166666666666,0.928,0.9850746268656716,0.05707462686567155,1.609375,1.2916666666666667,0.609375,2.0293619402985072,0.00015205399625813483,0.9427083333333334,0.928,0.9701492537313433,0.04214925373134326,1.6640625,0.6640625,1.4270833333333333
Pima,model_b_routine_clinical,Random Forest,fixed_recalibration_source_selected,isotonic,multi_objective_dp_shift_atcp,0.95,0.8999999999999999,0.95,0.9479166666666666,0.928,0.9850746268656716,0.05707462686567155,1.609375,1.2916666666666667,0.609375,2.0293619402985072,0.00015205399625813483,0.9661458333333334,0.98,0.9402985074626866,0.039701492537313365,1.6901041666666667,0.6901041666666666,1.4973958333333333
Pima,model_b_routine_clinical,Random Forest,adaptive_calibration_target_selected,platt,dp_shift_atcp,0.8,0.75,0.8,0.7916666666666666,0.736,0.8955223880597015,0.15952238805970154,1.1822916666666667,0.71875,0.18229166666666666,1.5861585820895527,0.00015205399625813483,0.8046875,0.768,0.8731343283582089,0.1051343283582089,1.1510416666666667,0.15104166666666666,0.6744791666666666
Pima,model_b_routine_clinical,Random Forest,adaptive_calibration_target_selected,platt,multi_objective_dp_shift_atcp,0.8,0.75,0.8,0.7916666666666666,0.736,0.8955223880597015,0.15952238805970154,1.1822916666666667,0.71875,0.18229166666666666,1.5861585820895527,0.00015205399625813483,0.8359375,0.916,0.6865671641791045,0.22943283582089558,1.234375,0.234375,1.0703125
Pima,model_b_routine_clinical,Random Forest,adaptive_calibration_target_selected,platt,dp_shift_atcp,0.85,0.7999999999999999,0.85,0.8385416666666666,0.792,0.9253731343283582,0.13337313432835818,1.3020833333333333,0.8697916666666666,0.3020833333333333,1.7339138681592041,0.00015205399625813483,0.8359375,0.796,0.9104477611940298,0.11444776119402977,1.2734375,0.2734375,0.8359375
Pima,model_b_routine_clinical,Random Forest,adaptive_calibration_target_selected,platt,multi_objective_dp_shift_atcp,0.85,0.7999999999999999,0.85,0.8385416666666666,0.792,0.9253731343283582,0.13337313432835818,1.3020833333333333,0.8697916666666666,0.3020833333333333,1.7339138681592041,0.00015205399625813483,0.8854166666666666,0.932,0.7985074626865671,0.1334925373134329,1.3541666666666667,0.3541666666666667,1.1041666666666667
Pima,model_b_routine_clinical,Random Forest,adaptive_calibration_target_selected,platt,dp_shift_atcp,0.9,0.85,0.9,0.90625,0.888,0.9402985074626866,0.052298507462686605,1.4479166666666667,1.0729166666666667,0.4479166666666667,1.8044894278606964,0.00015205399625813483,0.875,0.844,0.9328358208955224,0.08883582089552244,1.4453125,0.4453125,1.109375
Pima,model_b_routine_clinical,Random Forest,adaptive_calibration_target_selected,platt,multi_objective_dp_shift_atcp,0.9,0.85,0.9,0.90625,0.888,0.9402985074626866,0.052298507462686605,1.4479166666666667,1.0729166666666667,0.4479166666666667,1.8044894278606964,0.00015205399625813483,0.875,0.844,0.9328358208955224,0.08883582089552244,1.4453125,0.4453125,1.109375
Pima,model_b_routine_clinical,Random Forest,adaptive_calibration_target_selected,platt,dp_shift_atcp,0.92,0.91,0.92,0.921875,0.912,0.9402985074626866,0.028298507462686584,1.5052083333333333,1.171875,0.5052083333333334,1.8419269278606962,0.00015205399625813483,0.9244791666666666,0.916,0.9402985074626866,0.02429850746268658,1.5729166666666667,0.5729166666666666,1.3046875
Pima,model_b_routine_clinical,Random Forest,adaptive_calibration_target_selected,platt,multi_objective_dp_shift_atcp,0.92,0.91,0.92,0.921875,0.912,0.9402985074626866,0.028298507462686584,1.5052083333333333,1.171875,0.5052083333333334,1.8419269278606962,0.00015205399625813483,0.9244791666666666,0.916,0.9402985074626866,0.02429850746268658,1.5729166666666667,0.5729166666666666,1.3046875
Pima,model_b_routine_clinical,Random Forest,adaptive_calibration_target_selected,platt,dp_shift_atcp,0.95,0.9299999999999999,0.95,0.9479166666666666,0.928,0.9850746268656716,0.05707462686567155,1.609375,1.2916666666666667,0.609375,2.0293619402985072,0.00015205399625813483,0.9427083333333334,0.928,0.9701492537313433,0.04214925373134326,1.6484375,0.6484375,1.3958333333333333
Pima,model_b_routine_clinical,Random Forest,adaptive_calibration_target_selected,platt,multi_objective_dp_shift_atcp,0.95,0.9299999999999999,0.95,0.9479166666666666,0.928,0.9850746268656716,0.05707462686567155,1.609375,1.2916666666666667,0.609375,2.0293619402985072,0.00015205399625813483,0.9583333333333334,0.976,0.9253731343283582,0.05062686567164176,1.6171875,0.6171875,1.3802083333333333
NHANES,model_b_routine_clinical,XGBoost,naive_transfer,uncalibrated,dp_shift_atcp,0.8,0.79,0.8,0.7993019197207679,0.7944915254237288,0.8217821782178217,0.02729065279409293,0.8865619546247818,0.4694589877835951,0.11343804537521815,0.988405438178923,0.0002517826567650061,0.794066317626527,0.7934322033898306,0.7970297029702971,0.003597499580466512,0.8830715532286213,0.1169284467713787,0.5026178010471204
NHANES,model_b_routine_clinical,XGBoost,naive_transfer,uncalibrated,multi_objective_dp_shift_atcp,0.8,0.79,0.8,0.7993019197207679,0.7944915254237288,0.8217821782178217,0.02729065279409293,0.8865619546247818,0.4694589877835951,0.11343804537521815,0.988405438178923,0.0002517826567650061,0.7949389179755671,0.9088983050847458,0.2623762376237624,0.6465220674609834,0.837696335078534,0.16230366492146597,0.6727748691099477
NHANES,model_b_routine_clinical,XGBoost,naive_transfer,uncalibrated,dp_shift_atcp,0.85,0.82,0.85,0.8481675392670157,0.8283898305084746,0.9405940594059405,0.11220422889746595,1.0261780104712042,0.24607329842931938,0.02617801047120419,1.1214477046027433,0.0002517826567650061,0.819371727748691,0.8146186440677966,0.8415841584158416,0.02696551434804495,0.9598603839441536,0.04013961605584642,0.337696335078534
NHANES,model_b_routine_clinical,XGBoost,naive_transfer,uncalibrated,multi_objective_dp_shift_atcp,0.85,0.82,0.85,0.8481675392670157,0.8283898305084746,0.9405940594059405,0.11220422889746595,1.0261780104712042,0.24607329842931938,0.02617801047120419,1.1214477046027433,0.0002517826567650061,0.8455497382198953,0.9417372881355932,0.39603960396039606,0.5456976841751972,0.8979057591623036,0.10209424083769633,0.5296684118673648
NHANES,model_b_routine_clinical,XGBoost,naive_transfer,uncalibrated,dp_shift_atcp,0.9,0.89,0.9,0.900523560209424,0.8877118644067796,0.9603960396039604,0.07268417519718073,1.1780104712041886,0.48342059336823734,0.17801047120418848,1.2957627374903609,0.0002517826567650061,0.8970331588132635,0.8940677966101694,0.9108910891089109,0.016823292498741482,1.1038394415357766,0.10383944153577661,0.37347294938917974
NHANES,model_b_routine_clinical,XGBoost,naive_transfer,uncalibrated,multi_objective_dp_shift_atcp,0.9,0.89,0.9,0.900523560209424,0.8877118644067796,0.9603960396039604,0.07268417519718073,1.1780104712041886,0.48342059336823734,0.17801047120418848,1.2957627374903609,0.0002517826567650061,0.8970331588132635,0.8940677966101694,0.9108910891089109,0.016823292498741482,1.1038394415357766,0.10383944153577661,0.37347294938917974
NHANES,model_b_routine_clinical,XGBoost,naive_transfer,uncalibrated,dp_shift_atcp,0.92,0.9,0.92,0.9232111692844677,0.913135593220339,0.9702970297029703,0.05716143648263128,1.2268760907504364,0.5514834205933682,0.2268760907504363,1.3590405840433184,0.0002517826567650061,0.9075043630017452,0.9014830508474576,0.9356435643564357,0.034160513508978085,1.1413612565445026,0.14136125654450263,0.4205933682373473
NHANES,model_b_routine_clinical,XGBoost,naive_transfer,uncalibrated,multi_objective_dp_shift_atcp,0.92,0.9,0.92,0.9232111692844677,0.913135593220339,0.9702970297029703,0.05716143648263128,1.2268760907504364,0.5514834205933682,0.2268760907504363,1.3590405840433184,0.0002517826567650061,0.9075043630017452,0.9014830508474576,0.9356435643564357,0.034160513508978085,1.1413612565445026,0.14136125654450263,0.4205933682373473
NHANES,model_b_routine_clinical,XGBoost,naive_transfer,uncalibrated,dp_shift_atcp,0.95,0.94,0.95,0.9511343804537522,0.9470338983050848,0.9702970297029703,0.023263131397885495,1.3717277486910995,0.8132635253054101,0.3717277486910995,1.5445805609711742,0.0002517826567650061,0.9467713787085514,0.9449152542372882,0.9554455445544554,0.010530290317167235,1.262652705061082,0.262652705061082,0.6099476439790575
NHANES,model_b_routine_clinical,XGBoost,naive_transfer,uncalibrated,multi_objective_dp_shift_atcp,0.95,0.94,0.95,0.9511343804537522,0.9470338983050848,0.9702970297029703,0.023263131397885495,1.3717277486910995,0.8132635253054101,0.3717277486910995,1.5445805609711742,0.0002517826567650061,0.9467713787085514,0.9449152542372882,0.9554455445544554,0.010530290317167235,1.262652705061082,0.262652705061082,0.6099476439790575
NHANES,model_b_routine_clinical,XGBoost,label_shift_adjusted,label_shift,dp_shift_atcp,0.8,0.79,0.8,0.7993019197207679,0.7944915254237288,0.8217821782178217,0.02729065279409293,0.8865619546247818,0.4694589877835951,0.11343804537521815,0.988405438178923,0.0002517826567650061,0.794066317626527,0.7934322033898306,0.7970297029702971,0.003597499580466512,0.8830715532286213,0.1169284467713787,0.5026178010471204
NHANES,model_b_routine_clinical,XGBoost,label_shift_adjusted,label_shift,multi_objective_dp_shift_atcp,0.8,0.79,0.8,0.7993019197207679,0.7944915254237288,0.8217821782178217,0.02729065279409293,0.8865619546247818,0.4694589877835951,0.11343804537521815,0.988405438178923,0.0002517826567650061,0.7774869109947644,0.8442796610169492,0.46534653465346537,0.3789331263634838,0.8150087260034904,0.1849912739965096,0.693717277486911
NHANES,model_b_routine_clinical,XGBoost,label_shift_adjusted,label_shift,dp_shift_atcp,0.85,0.82,0.85,0.8481675392670157,0.8283898305084746,0.9405940594059405,0.11220422889746595,1.0261780104712042,0.24607329842931938,0.02617801047120419,1.1214477046027433,0.0002517826567650061,0.819371727748691,0.8146186440677966,0.8415841584158416,0.02696551434804495,0.9598603839441536,0.04013961605584642,0.337696335078534
NHANES,model_b_routine_clinical,XGBoost,label_shift_adjusted,label_shift,multi_objective_dp_shift_atcp,0.85,0.82,0.85,0.8481675392670157,0.8283898305084746,0.9405940594059405,0.11220422889746595,1.0261780104712042,0.24607329842931938,0.02617801047120419,1.1214477046027433,0.0002517826567650061,0.8324607329842932,0.909957627118644,0.47029702970297027,0.43966059741567376,0.8804537521815009,0.11954624781849912,0.5497382198952879
NHANES,model_b_routine_clinical,XGBoost,label_shift_adjusted,label_shift,dp_shift_atcp,0.9,0.89,0.9,0.900523560209424,0.8877118644067796,0.9603960396039604,0.07268417519718073,1.1780104712041886,0.48342059336823734,0.17801047120418848,1.2957627374903609,0.0002517826567650061,0.8970331588132635,0.8940677966101694,0.9108910891089109,0.016823292498741482,1.1038394415357766,0.10383944153577661,0.37347294938917974
NHANES,model_b_routine_clinical,XGBoost,label_shift_adjusted,label_shift,multi_objective_dp_shift_atcp,0.9,0.89,0.9,0.900523560209424,0.8877118644067796,0.9603960396039604,0.07268417519718073,1.1780104712041886,0.48342059336823734,0.17801047120418848,1.2957627374903609,0.0002517826567650061,0.8970331588132635,0.8940677966101694,0.9108910891089109,0.016823292498741482,1.1038394415357766,0.10383944153577661,0.37347294938917974
NHANES,model_b_routine_clinical,XGBoost,label_shift_adjusted,label_shift,dp_shift_atcp,0.92,0.9,0.92,0.9232111692844677,0.913135593220339,0.9702970297029703,0.05716143648263128,1.2268760907504364,0.5514834205933682,0.2268760907504363,1.3590405840433184,0.0002517826567650061,0.9075043630017452,0.9014830508474576,0.9356435643564357,0.034160513508978085,1.1413612565445026,0.14136125654450263,0.4205933682373473
NHANES,model_b_routine_clinical,XGBoost,label_shift_adjusted,label_shift,multi_objective_dp_shift_atcp,0.92,0.9,0.92,0.9232111692844677,0.913135593220339,0.9702970297029703,0.05716143648263128,1.2268760907504364,0.5514834205933682,0.2268760907504363,1.3590405840433184,0.0002517826567650061,0.9075043630017452,0.9014830508474576,0.9356435643564357,0.034160513508978085,1.1413612565445026,0.14136125654450263,0.4205933682373473
NHANES,model_b_routine_clinical,XGBoost,label_shift_adjusted,label_shift,dp_shift_atcp,0.95,0.94,0.95,0.9511343804537522,0.9470338983050848,0.9702970297029703,0.023263131397885495,1.3717277486910995,0.8132635253054101,0.3717277486910995,1.5445805609711742,0.0002517826567650061,0.9467713787085514,0.9449152542372882,0.9554455445544554,0.010530290317167235,1.262652705061082,0.262652705061082,0.6099476439790575
NHANES,model_b_routine_clinical,XGBoost,label_shift_adjusted,label_shift,multi_objective_dp_shift_atcp,0.95,0.94,0.95,0.9511343804537522,0.9470338983050848,0.9702970297029703,0.023263131397885495,1.3717277486910995,0.8132635253054101,0.3717277486910995,1.5445805609711742,0.0002517826567650061,0.9467713787085514,0.9449152542372882,0.9554455445544554,0.010530290317167235,1.262652705061082,0.262652705061082,0.6099476439790575
NHANES,model_b_routine_clinical,XGBoost,fixed_recalibration_source_selected,uncalibrated,dp_shift_atcp,0.8,0.79,0.8,0.7993019197207679,0.7944915254237288,0.8217821782178217,0.02729065279409293,0.8865619546247818,0.4694589877835951,0.11343804537521815,0.988405438178923,0.0002517826567650061,0.794066317626527,0.7934322033898306,0.7970297029702971,0.003597499580466512,0.8830715532286213,0.1169284467713787,0.5026178010471204
NHANES,model_b_routine_clinical,XGBoost,fixed_recalibration_source_selected,uncalibrated,multi_objective_dp_shift_atcp,0.8,0.79,0.8,0.7993019197207679,0.7944915254237288,0.8217821782178217,0.02729065279409293,0.8865619546247818,0.4694589877835951,0.11343804537521815,0.988405438178923,0.0002517826567650061,0.7949389179755671,0.9088983050847458,0.2623762376237624,0.6465220674609834,0.837696335078534,0.16230366492146597,0.6727748691099477
NHANES,model_b_routine_clinical,XGBoost,fixed_recalibration_source_selected,uncalibrated,dp_shift_atcp,0.85,0.82,0.85,0.8481675392670157,0.8283898305084746,0.9405940594059405,0.11220422889746595,1.0261780104712042,0.24607329842931938,0.02617801047120419,1.1214477046027433,0.0002517826567650061,0.819371727748691,0.8146186440677966,0.8415841584158416,0.02696551434804495,0.9598603839441536,0.04013961605584642,0.337696335078534
NHANES,model_b_routine_clinical,XGBoost,fixed_recalibration_source_selected,uncalibrated,multi_objective_dp_shift_atcp,0.85,0.82,0.85,0.8481675392670157,0.8283898305084746,0.9405940594059405,0.11220422889746595,1.0261780104712042,0.24607329842931938,0.02617801047120419,1.1214477046027433,0.0002517826567650061,0.8455497382198953,0.9417372881355932,0.39603960396039606,0.5456976841751972,0.8979057591623036,0.10209424083769633,0.5296684118673648
NHANES,model_b_routine_clinical,XGBoost,fixed_recalibration_source_selected,uncalibrated,dp_shift_atcp,0.9,0.89,0.9,0.900523560209424,0.8877118644067796,0.9603960396039604,0.07268417519718073,1.1780104712041886,0.48342059336823734,0.17801047120418848,1.2957627374903609,0.0002517826567650061,0.8970331588132635,0.8940677966101694,0.9108910891089109,0.016823292498741482,1.1038394415357766,0.10383944153577661,0.37347294938917974
NHANES,model_b_routine_clinical,XGBoost,fixed_recalibration_source_selected,uncalibrated,multi_objective_dp_shift_atcp,0.9,0.89,0.9,0.900523560209424,0.8877118644067796,0.9603960396039604,0.07268417519718073,1.1780104712041886,0.48342059336823734,0.17801047120418848,1.2957627374903609,0.0002517826567650061,0.8970331588132635,0.8940677966101694,0.9108910891089109,0.016823292498741482,1.1038394415357766,0.10383944153577661,0.37347294938917974
NHANES,model_b_routine_clinical,XGBoost,fixed_recalibration_source_selected,uncalibrated,dp_shift_atcp,0.92,0.9,0.92,0.9232111692844677,0.913135593220339,0.9702970297029703,0.05716143648263128,1.2268760907504364,0.5514834205933682,0.2268760907504363,1.3590405840433184,0.0002517826567650061,0.9075043630017452,0.9014830508474576,0.9356435643564357,0.034160513508978085,1.1413612565445026,0.14136125654450263,0.4205933682373473
NHANES,model_b_routine_clinical,XGBoost,fixed_recalibration_source_selected,uncalibrated,multi_objective_dp_shift_atcp,0.92,0.9,0.92,0.9232111692844677,0.913135593220339,0.9702970297029703,0.05716143648263128,1.2268760907504364,0.5514834205933682,0.2268760907504363,1.3590405840433184,0.0002517826567650061,0.9075043630017452,0.9014830508474576,0.9356435643564357,0.034160513508978085,1.1413612565445026,0.14136125654450263,0.4205933682373473
NHANES,model_b_routine_clinical,XGBoost,fixed_recalibration_source_selected,uncalibrated,dp_shift_atcp,0.95,0.94,0.95,0.9511343804537522,0.9470338983050848,0.9702970297029703,0.023263131397885495,1.3717277486910995,0.8132635253054101,0.3717277486910995,1.5445805609711742,0.0002517826567650061,0.9467713787085514,0.9449152542372882,0.9554455445544554,0.010530290317167235,1.262652705061082,0.262652705061082,0.6099476439790575
NHANES,model_b_routine_clinical,XGBoost,fixed_recalibration_source_selected,uncalibrated,multi_objective_dp_shift_atcp,0.95,0.94,0.95,0.9511343804537522,0.9470338983050848,0.9702970297029703,0.023263131397885495,1.3717277486910995,0.8132635253054101,0.3717277486910995,1.5445805609711742,0.0002517826567650061,0.9467713787085514,0.9449152542372882,0.9554455445544554,0.010530290317167235,1.262652705061082,0.262652705061082,0.6099476439790575
NHANES,model_b_routine_clinical,XGBoost,adaptive_calibration_target_selected,beta,dp_shift_atcp,0.8,0.79,0.8,0.7993019197207679,0.7944915254237288,0.8217821782178217,0.02729065279409293,0.8865619546247818,0.4694589877835951,0.11343804537521815,0.988405438178923,0.0002517826567650061,0.794066317626527,0.7934322033898306,0.7970297029702971,0.003597499580466512,0.8830715532286213,0.1169284467713787,0.5026178010471204
NHANES,model_b_routine_clinical,XGBoost,adaptive_calibration_target_selected,beta,multi_objective_dp_shift_atcp,0.8,0.79,0.8,0.7993019197207679,0.7944915254237288,0.8217821782178217,0.02729065279409293,0.8865619546247818,0.4694589877835951,0.11343804537521815,0.988405438178923,0.0002517826567650061,0.7975567190226877,0.9205508474576272,0.22277227722772278,0.6977785702299044,0.8420593368237347,0.15794066317626526,0.675392670157068
NHANES,model_b_routine_clinical,XGBoost,adaptive_calibration_target_selected,beta,dp_shift_atcp,0.85,0.82,0.85,0.8481675392670157,0.8283898305084746,0.9405940594059405,0.11220422889746595,1.0261780104712042,0.24607329842931938,0.02617801047120419,1.1214477046027433,0.0002517826567650061,0.819371727748691,0.8146186440677966,0.8415841584158416,0.02696551434804495,0.9598603839441536,0.04013961605584642,0.337696335078534
NHANES,model_b_routine_clinical,XGBoost,adaptive_calibration_target_selected,beta,multi_objective_dp_shift_atcp,0.85,0.82,0.85,0.8481675392670157,0.8283898305084746,0.9405940594059405,0.11220422889746595,1.0261780104712042,0.24607329842931938,0.02617801047120419,1.1214477046027433,0.0002517826567650061,0.837696335078534,0.9311440677966102,0.400990099009901,0.5301539687867092,0.8891797556719022,0.11082024432809773,0.5514834205933682
NHANES,model_b_routine_clinical,XGBoost,adaptive_calibration_target_selected,beta,dp_shift_atcp,0.9,0.89,0.9,0.900523560209424,0.8877118644067796,0.9603960396039604,0.07268417519718073,1.1780104712041886,0.48342059336823734,0.17801047120418848,1.2957627374903609,0.0002517826567650061,0.8970331588132635,0.8940677966101694,0.9108910891089109,0.016823292498741482,1.1038394415357766,0.10383944153577661,0.37347294938917974
NHANES,model_b_routine_clinical,XGBoost,adaptive_calibration_target_selected,beta,multi_objective_dp_shift_atcp,0.9,0.89,0.9,0.900523560209424,0.8877118644067796,0.9603960396039604,0.07268417519718073,1.1780104712041886,0.48342059336823734,0.17801047120418848,1.2957627374903609,0.0002517826567650061,0.8970331588132635,0.8940677966101694,0.9108910891089109,0.016823292498741482,1.1038394415357766,0.10383944153577661,0.37347294938917974
NHANES,model_b_routine_clinical,XGBoost,adaptive_calibration_target_selected,beta,dp_shift_atcp,0.92,0.9,0.92,0.9232111692844677,0.913135593220339,0.9702970297029703,0.05716143648263128,1.2268760907504364,0.5514834205933682,0.2268760907504363,1.3590405840433184,0.0002517826567650061,0.9075043630017452,0.9014830508474576,0.9356435643564357,0.034160513508978085,1.1413612565445026,0.14136125654450263,0.4205933682373473
NHANES,model_b_routine_clinical,XGBoost,adaptive_calibration_target_selected,beta,multi_objective_dp_shift_atcp,0.92,0.9,0.92,0.9232111692844677,0.913135593220339,0.9702970297029703,0.05716143648263128,1.2268760907504364,0.5514834205933682,0.2268760907504363,1.3590405840433184,0.0002517826567650061,0.9075043630017452,0.9014830508474576,0.9356435643564357,0.034160513508978085,1.1413612565445026,0.14136125654450263,0.4205933682373473
NHANES,model_b_routine_clinical,XGBoost,adaptive_calibration_target_selected,beta,dp_shift_atcp,0.95,0.94,0.95,0.9511343804537522,0.9470338983050848,0.9702970297029703,0.023263131397885495,1.3717277486910995,0.8132635253054101,0.3717277486910995,1.5445805609711742,0.0002517826567650061,0.9467713787085514,0.9449152542372882,0.9554455445544554,0.010530290317167235,1.262652705061082,0.262652705061082,0.6099476439790575
NHANES,model_b_routine_clinical,XGBoost,adaptive_calibration_target_selected,beta,multi_objective_dp_shift_atcp,0.95,0.94,0.95,0.9511343804537522,0.9470338983050848,0.9702970297029703,0.023263131397885495,1.3717277486910995,0.8132635253054101,0.3717277486910995,1.5445805609711742,0.0002517826567650061,0.9467713787085514,0.9449152542372882,0.9554455445544554,0.010530290317167235,1.262652705061082,0.262652705061082,0.6099476439790575
Pima,model_b_routine_clinical,XGBoost,naive_transfer,uncalibrated,dp_shift_atcp,0.8,0.75,0.8,0.8489583333333334,0.832,0.8805970149253731,0.04859701492537316,1.1979166666666667,0.7135416666666666,0.19791666666666666,1.6327913557213931,0.00015205399625813483,0.7317708333333334,0.68,0.8283582089552238,0.14835820895522378,1.1223958333333333,0.12239583333333333,0.7526041666666666
Pima,model_b_routine_clinical,XGBoost,naive_transfer,uncalibrated,multi_objective_dp_shift_atcp,0.8,0.75,0.8,0.8489583333333334,0.832,0.8805970149253731,0.04859701492537316,1.1979166666666667,0.7135416666666666,0.19791666666666666,1.6327913557213931,0.00015205399625813483,0.7317708333333334,0.68,0.8283582089552238,0.14835820895522378,1.1223958333333333,0.12239583333333333,0.7526041666666666
Pima,model_b_routine_clinical,XGBoost,naive_transfer,uncalibrated,dp_shift_atcp,0.85,0.7999999999999999,0.85,0.8854166666666666,0.856,0.9402985074626866,0.08429850746268663,1.3489583333333333,0.8958333333333334,0.3489583333333333,1.8306144278606966,0.00015205399625813483,0.796875,0.76,0.8656716417910447,0.10567164179104471,1.2395833333333333,0.23958333333333334,0.8697916666666666
Pima,model_b_routine_clinical,XGBoost,naive_transfer,uncalibrated,multi_objective_dp_shift_atcp,0.85,0.7999999999999999,0.85,0.8854166666666666,0.856,0.9402985074626866,0.08429850746268663,1.3489583333333333,0.8958333333333334,0.3489583333333333,1.8306144278606966,0.00015205399625813483,0.796875,0.76,0.8656716417910447,0.10567164179104471,1.2395833333333333,0.23958333333333334,0.8697916666666666
Pima,model_b_routine_clinical,XGBoost,naive_transfer,uncalibrated,dp_shift_atcp,0.9,0.85,0.9,0.9270833333333334,0.904,0.9701492537313433,0.06614925373134328,1.484375,1.0833333333333333,0.484375,1.9638072139303482,0.00015205399625813483,0.859375,0.824,0.9253731343283582,0.10137313432835826,1.3984375,0.3984375,1.0416666666666667
Pima,model_b_routine_clinical,XGBoost,naive_transfer,uncalibrated,multi_objective_dp_shift_atcp,0.9,0.85,0.9,0.9270833333333334,0.904,0.9701492537313433,0.06614925373134328,1.484375,1.0833333333333333,0.484375,1.9638072139303482,0.00015205399625813483,0.859375,0.824,0.9253731343283582,0.10137313432835826,1.3984375,0.3984375,1.0416666666666667
Pima,model_b_routine_clinical,XGBoost,naive_transfer,uncalibrated,dp_shift_atcp,0.92,0.87,0.92,0.9479166666666666,0.928,0.9850746268656716,0.05707462686567155,1.5208333333333333,1.1145833333333333,0.5208333333333334,1.9991536069651739,0.00015205399625813483,0.8854166666666666,0.856,0.9402985074626866,0.08429850746268663,1.4557291666666667,0.4557291666666667,1.109375
Pima,model_b_routine_clinical,XGBoost,naive_transfer,uncalibrated,multi_objective_dp_shift_atcp,0.92,0.87,0.92,0.9479166666666666,0.928,0.9850746268656716,0.05707462686567155,1.5208333333333333,1.1145833333333333,0.5208333333333334,1.9991536069651739,0.00015205399625813483,0.8854166666666666,0.856,0.9402985074626866,0.08429850746268663,1.4557291666666667,0.4557291666666667,1.109375
Pima,model_b_routine_clinical,XGBoost,naive_transfer,uncalibrated,dp_shift_atcp,0.95,0.8999999999999999,0.95,0.953125,0.936,0.9850746268656716,0.049074626865671545,1.5677083333333333,1.203125,0.5677083333333334,1.9449661069651742,0.00015205399625813483,0.9114583333333334,0.872,0.9850746268656716,0.1130746268656716,1.5286458333333333,0.5286458333333334,1.1666666666666667
Pima,model_b_routine_clinical,XGBoost,naive_transfer,uncalibrated,multi_objective_dp_shift_atcp,0.95,0.8999999999999999,0.95,0.953125,0.936,0.9850746268656716,0.049074626865671545,1.5677083333333333,1.203125,0.5677083333333334,1.9449661069651742,0.00015205399625813483,0.9114583333333334,0.872,0.9850746268656716,0.1130746268656716,1.5286458333333333,0.5286458333333334,1.1666666666666667
Pima,model_b_routine_clinical,XGBoost,label_shift_adjusted,label_shift,dp_shift_atcp,0.8,0.75,0.8,0.8489583333333334,0.832,0.8805970149253731,0.04859701492537316,1.1979166666666667,0.7135416666666666,0.19791666666666666,1.6327913557213931,0.00015205399625813483,0.7317708333333334,0.68,0.8283582089552238,0.14835820895522378,1.1223958333333333,0.12239583333333333,0.7526041666666666
Pima,model_b_routine_clinical,XGBoost,label_shift_adjusted,label_shift,multi_objective_dp_shift_atcp,0.8,0.75,0.8,0.8489583333333334,0.832,0.8805970149253731,0.04859701492537316,1.1979166666666667,0.7135416666666666,0.19791666666666666,1.6327913557213931,0.00015205399625813483,0.7317708333333334,0.68,0.8283582089552238,0.14835820895522378,1.1223958333333333,0.12239583333333333,0.7526041666666666
Pima,model_b_routine_clinical,XGBoost,label_shift_adjusted,label_shift,dp_shift_atcp,0.85,0.7999999999999999,0.85,0.8854166666666666,0.856,0.9402985074626866,0.08429850746268663,1.3489583333333333,0.8958333333333334,0.3489583333333333,1.8306144278606966,0.00015205399625813483,0.796875,0.76,0.8656716417910447,0.10567164179104471,1.2395833333333333,0.23958333333333334,0.8697916666666666
Pima,model_b_routine_clinical,XGBoost,label_shift_adjusted,label_shift,multi_objective_dp_shift_atcp,0.85,0.7999999999999999,0.85,0.8854166666666666,0.856,0.9402985074626866,0.08429850746268663,1.3489583333333333,0.8958333333333334,0.3489583333333333,1.8306144278606966,0.00015205399625813483,0.796875,0.76,0.8656716417910447,0.10567164179104471,1.2395833333333333,0.23958333333333334,0.8697916666666666
Pima,model_b_routine_clinical,XGBoost,label_shift_adjusted,label_shift,dp_shift_atcp,0.9,0.85,0.9,0.9270833333333334,0.904,0.9701492537313433,0.06614925373134328,1.484375,1.0833333333333333,0.484375,1.9638072139303482,0.00015205399625813483,0.859375,0.824,0.9253731343283582,0.10137313432835826,1.3984375,0.3984375,1.0416666666666667
Pima,model_b_routine_clinical,XGBoost,label_shift_adjusted,label_shift,multi_objective_dp_shift_atcp,0.9,0.85,0.9,0.9270833333333334,0.904,0.9701492537313433,0.06614925373134328,1.484375,1.0833333333333333,0.484375,1.9638072139303482,0.00015205399625813483,0.859375,0.824,0.9253731343283582,0.10137313432835826,1.3984375,0.3984375,1.0416666666666667
Pima,model_b_routine_clinical,XGBoost,label_shift_adjusted,label_shift,dp_shift_atcp,0.92,0.87,0.92,0.9479166666666666,0.928,0.9850746268656716,0.05707462686567155,1.5208333333333333,1.1145833333333333,0.5208333333333334,1.9991536069651739,0.00015205399625813483,0.8854166666666666,0.856,0.9402985074626866,0.08429850746268663,1.4557291666666667,0.4557291666666667,1.109375
Pima,model_b_routine_clinical,XGBoost,label_shift_adjusted,label_shift,multi_objective_dp_shift_atcp,0.92,0.87,0.92,0.9479166666666666,0.928,0.9850746268656716,0.05707462686567155,1.5208333333333333,1.1145833333333333,0.5208333333333334,1.9991536069651739,0.00015205399625813483,0.8854166666666666,0.856,0.9402985074626866,0.08429850746268663,1.4557291666666667,0.4557291666666667,1.109375
Pima,model_b_routine_clinical,XGBoost,label_shift_adjusted,label_shift,dp_shift_atcp,0.95,0.8999999999999999,0.95,0.953125,0.936,0.9850746268656716,0.049074626865671545,1.5677083333333333,1.203125,0.5677083333333334,1.9449661069651742,0.00015205399625813483,0.9114583333333334,0.872,0.9850746268656716,0.1130746268656716,1.5286458333333333,0.5286458333333334,1.1666666666666667
Pima,model_b_routine_clinical,XGBoost,label_shift_adjusted,label_shift,multi_objective_dp_shift_atcp,0.95,0.8999999999999999,0.95,0.953125,0.936,0.9850746268656716,0.049074626865671545,1.5677083333333333,1.203125,0.5677083333333334,1.9449661069651742,0.00015205399625813483,0.9114583333333334,0.872,0.9850746268656716,0.1130746268656716,1.5286458333333333,0.5286458333333334,1.1666666666666667
Pima,model_b_routine_clinical,XGBoost,fixed_recalibration_source_selected,uncalibrated,dp_shift_atcp,0.8,0.75,0.8,0.8489583333333334,0.832,0.8805970149253731,0.04859701492537316,1.1979166666666667,0.7135416666666666,0.19791666666666666,1.6327913557213931,0.00015205399625813483,0.7317708333333334,0.68,0.8283582089552238,0.14835820895522378,1.1223958333333333,0.12239583333333333,0.7526041666666666
Pima,model_b_routine_clinical,XGBoost,fixed_recalibration_source_selected,uncalibrated,multi_objective_dp_shift_atcp,0.8,0.75,0.8,0.8489583333333334,0.832,0.8805970149253731,0.04859701492537316,1.1979166666666667,0.7135416666666666,0.19791666666666666,1.6327913557213931,0.00015205399625813483,0.7317708333333334,0.68,0.8283582089552238,0.14835820895522378,1.1223958333333333,0.12239583333333333,0.7526041666666666
Pima,model_b_routine_clinical,XGBoost,fixed_recalibration_source_selected,uncalibrated,dp_shift_atcp,0.85,0.7999999999999999,0.85,0.8854166666666666,0.856,0.9402985074626866,0.08429850746268663,1.3489583333333333,0.8958333333333334,0.3489583333333333,1.8306144278606966,0.00015205399625813483,0.796875,0.76,0.8656716417910447,0.10567164179104471,1.2395833333333333,0.23958333333333334,0.8697916666666666
Pima,model_b_routine_clinical,XGBoost,fixed_recalibration_source_selected,uncalibrated,multi_objective_dp_shift_atcp,0.85,0.7999999999999999,0.85,0.8854166666666666,0.856,0.9402985074626866,0.08429850746268663,1.3489583333333333,0.8958333333333334,0.3489583333333333,1.8306144278606966,0.00015205399625813483,0.796875,0.76,0.8656716417910447,0.10567164179104471,1.2395833333333333,0.23958333333333334,0.8697916666666666
Pima,model_b_routine_clinical,XGBoost,fixed_recalibration_source_selected,uncalibrated,dp_shift_atcp,0.9,0.85,0.9,0.9270833333333334,0.904,0.9701492537313433,0.06614925373134328,1.484375,1.0833333333333333,0.484375,1.9638072139303482,0.00015205399625813483,0.859375,0.824,0.9253731343283582,0.10137313432835826,1.3984375,0.3984375,1.0416666666666667
Pima,model_b_routine_clinical,XGBoost,fixed_recalibration_source_selected,uncalibrated,multi_objective_dp_shift_atcp,0.9,0.85,0.9,0.9270833333333334,0.904,0.9701492537313433,0.06614925373134328,1.484375,1.0833333333333333,0.484375,1.9638072139303482,0.00015205399625813483,0.859375,0.824,0.9253731343283582,0.10137313432835826,1.3984375,0.3984375,1.0416666666666667
Pima,model_b_routine_clinical,XGBoost,fixed_recalibration_source_selected,uncalibrated,dp_shift_atcp,0.92,0.87,0.92,0.9479166666666666,0.928,0.9850746268656716,0.05707462686567155,1.5208333333333333,1.1145833333333333,0.5208333333333334,1.9991536069651739,0.00015205399625813483,0.8854166666666666,0.856,0.9402985074626866,0.08429850746268663,1.4557291666666667,0.4557291666666667,1.109375
Pima,model_b_routine_clinical,XGBoost,fixed_recalibration_source_selected,uncalibrated,multi_objective_dp_shift_atcp,0.92,0.87,0.92,0.9479166666666666,0.928,0.9850746268656716,0.05707462686567155,1.5208333333333333,1.1145833333333333,0.5208333333333334,1.9991536069651739,0.00015205399625813483,0.8854166666666666,0.856,0.9402985074626866,0.08429850746268663,1.4557291666666667,0.4557291666666667,1.109375
Pima,model_b_routine_clinical,XGBoost,fixed_recalibration_source_selected,uncalibrated,dp_shift_atcp,0.95,0.8999999999999999,0.95,0.953125,0.936,0.9850746268656716,0.049074626865671545,1.5677083333333333,1.203125,0.5677083333333334,1.9449661069651742,0.00015205399625813483,0.9114583333333334,0.872,0.9850746268656716,0.1130746268656716,1.5286458333333333,0.5286458333333334,1.1666666666666667
Pima,model_b_routine_clinical,XGBoost,fixed_recalibration_source_selected,uncalibrated,multi_objective_dp_shift_atcp,0.95,0.8999999999999999,0.95,0.953125,0.936,0.9850746268656716,0.049074626865671545,1.5677083333333333,1.203125,0.5677083333333334,1.9449661069651742,0.00015205399625813483,0.9114583333333334,0.872,0.9850746268656716,0.1130746268656716,1.5286458333333333,0.5286458333333334,1.1666666666666667
Pima,model_b_routine_clinical,XGBoost,adaptive_calibration_target_selected,isotonic,dp_shift_atcp,0.8,0.75,0.8,0.9375,0.912,0.9850746268656716,0.07307462686567157,1.5260416666666667,1.1354166666666667,0.5260416666666666,2.5856536069651743,0.00015205399625813483,0.84375,0.768,0.9850746268656716,0.21707462686567158,1.3880208333333333,0.3880208333333333,0.953125
Pima,model_b_routine_clinical,XGBoost,adaptive_calibration_target_selected,isotonic,multi_objective_dp_shift_atcp,0.8,0.75,0.8,0.9375,0.912,0.9850746268656716,0.07307462686567157,1.5260416666666667,1.1354166666666667,0.5260416666666666,2.5856536069651743,0.00015205399625813483,0.84375,0.768,0.9850746268656716,0.21707462686567158,1.3880208333333333,0.3880208333333333,0.953125
Pima,model_b_routine_clinical,XGBoost,adaptive_calibration_target_selected,isotonic,dp_shift_atcp,0.85,0.7999999999999999,0.85,0.9375,0.912,0.9850746268656716,0.07307462686567157,1.5260416666666667,1.1354166666666667,0.5260416666666666,2.3356536069651743,0.00015205399625813483,0.84375,0.768,0.9850746268656716,0.21707462686567158,1.3880208333333333,0.3880208333333333,0.953125
Pima,model_b_routine_clinical,XGBoost,adaptive_calibration_target_selected,isotonic,multi_objective_dp_shift_atcp,0.85,0.7999999999999999,0.85,0.9375,0.912,0.9850746268656716,0.07307462686567157,1.5260416666666667,1.1354166666666667,0.5260416666666666,2.3356536069651743,0.00015205399625813483,0.84375,0.768,0.9850746268656716,0.21707462686567158,1.3880208333333333,0.3880208333333333,0.953125
Pima,model_b_routine_clinical,XGBoost,adaptive_calibration_target_selected,isotonic,dp_shift_atcp,0.9,0.85,0.9,0.9375,0.912,0.9850746268656716,0.07307462686567157,1.5260416666666667,1.1354166666666667,0.5260416666666666,2.085653606965174,0.00015205399625813483,0.90625,0.864,0.9850746268656716,0.12107462686567161,1.5390625,0.5390625,1.1927083333333333
Pima,model_b_routine_clinical,XGBoost,adaptive_calibration_target_selected,isotonic,multi_objective_dp_shift_atcp,0.9,0.85,0.9,0.9375,0.912,0.9850746268656716,0.07307462686567157,1.5260416666666667,1.1354166666666667,0.5260416666666666,2.085653606965174,0.00015205399625813483,0.90625,0.864,0.9850746268656716,0.12107462686567161,1.5390625,0.5390625,1.1927083333333333
Pima,model_b_routine_clinical,XGBoost,adaptive_calibration_target_selected,isotonic,dp_shift_atcp,0.92,0.87,0.92,0.9739583333333334,0.968,0.9850746268656716,0.017074626865671627,1.640625,1.328125,0.640625,2.271966106965174,0.00015205399625813483,0.90625,0.864,0.9850746268656716,0.12107462686567161,1.5390625,0.5390625,1.1927083333333333
Pima,model_b_routine_clinical,XGBoost,adaptive_calibration_target_selected,isotonic,multi_objective_dp_shift_atcp,0.92,0.87,0.92,0.9739583333333334,0.968,0.9850746268656716,0.017074626865671627,1.640625,1.328125,0.640625,2.271966106965174,0.00015205399625813483,0.90625,0.864,0.9850746268656716,0.12107462686567161,1.5390625,0.5390625,1.1927083333333333
Pima,model_b_routine_clinical,XGBoost,adaptive_calibration_target_selected,isotonic,dp_shift_atcp,0.95,0.8999999999999999,0.95,0.9739583333333334,0.968,0.9850746268656716,0.017074626865671627,1.640625,1.328125,0.640625,2.1219661069651745,0.00015205399625813483,0.9166666666666666,0.88,0.9850746268656716,0.1050746268656716,1.5625,0.5625,1.2291666666666667
Pima,model_b_routine_clinical,XGBoost,adaptive_calibration_target_selected,isotonic,multi_objective_dp_shift_atcp,0.95,0.8999999999999999,0.95,0.9739583333333334,0.968,0.9850746268656716,0.017074626865671627,1.640625,1.328125,0.640625,2.1219661069651745,0.00015205399625813483,0.9166666666666666,0.88,0.9850746268656716,0.1050746268656716,1.5625,0.5625,1.2291666666666667
NHANES,model_b_routine_clinical,LightGBM,naive_transfer,uncalibrated,dp_shift_atcp,0.8,0.78,0.8,0.7993019197207679,0.7838983050847458,0.8712871287128713,0.0873888236281255,0.9406631762652705,0.3961605584642234,0.059336823734729496,1.085184457082677,0.0002517826567650061,0.7993019197207679,0.8040254237288136,0.7772277227722773,0.02679770095653633,0.9048865619546248,0.09511343804537521,0.4816753926701571
NHANES,model_b_routine_clinical,LightGBM,naive_transfer,uncalibrated,multi_objective_dp_shift_atcp,0.8,0.78,0.8,0.7993019197207679,0.7838983050847458,0.8712871287128713,0.0873888236281255,0.9406631762652705,0.3961605584642234,0.059336823734729496,1.085184457082677,0.0002517826567650061,0.8045375218150087,0.8569915254237288,0.5594059405940595,0.29758558482966935,0.8446771378708552,0.15532286212914484,0.6108202443280978
NHANES,model_b_routine_clinical,LightGBM,naive_transfer,uncalibrated,dp_shift_atcp,0.85,0.85,0.85,0.8516579406631762,0.8432203389830508,0.8910891089108911,0.04786876992784028,1.0558464223385688,0.3368237347294939,0.055846422338568937,1.0931818634432438,0.0002517826567650061,0.8708551483420593,0.8728813559322034,0.8613861386138614,0.011495217318342021,1.031413612565445,0.031413612565445025,0.28970331588132636
NHANES,model_b_routine_clinical,LightGBM,naive_transfer,uncalibrated,multi_objective_dp_shift_atcp,0.85,0.85,0.85,0.8516579406631762,0.8432203389830508,0.8910891089108911,0.04786876992784028,1.0558464223385688,0.3368237347294939,0.055846422338568937,1.0931818634432438,0.0002517826567650061,0.8708551483420593,0.8728813559322034,0.8613861386138614,0.011495217318342021,1.031413612565445,0.031413612565445025,0.28970331588132636
NHANES,model_b_routine_clinical,LightGBM,naive_transfer,uncalibrated,dp_shift_atcp,0.9,0.9,0.9,0.9075043630017452,0.9004237288135594,0.9405940594059405,0.040170330592381176,1.1919720767888307,0.518324607329843,0.19197207678883071,1.3105172759932837,0.0002517826567650061,0.9066317626527051,0.913135593220339,0.8762376237623762,0.036897969457962754,1.149214659685864,0.14921465968586387,0.4790575916230366
NHANES,model_b_routine_clinical,LightGBM,naive_transfer,uncalibrated,multi_objective_dp_shift_atcp,0.9,0.9,0.9,0.9075043630017452,0.9004237288135594,0.9405940594059405,0.040170330592381176,1.1919720767888307,0.518324607329843,0.19197207678883071,1.3105172759932837,0.0002517826567650061,0.9066317626527051,0.913135593220339,0.8762376237623762,0.036897969457962754,1.149214659685864,0.14921465968586387,0.4790575916230366
NHANES,model_b_routine_clinical,LightGBM,naive_transfer,uncalibrated,dp_shift_atcp,0.92,0.91,0.92,0.9214659685863874,0.913135593220339,0.9603960396039604,0.04726044638362137,1.2321116928446771,0.5706806282722513,0.23211169284467714,1.3492501809192363,0.0002517826567650061,0.9153577661431065,0.9205508474576272,0.8910891089108911,0.02946173854673606,1.2006980802792322,0.2006980802792321,0.56282722513089
NHANES,model_b_routine_clinical,LightGBM,naive_transfer,uncalibrated,multi_objective_dp_shift_atcp,0.92,0.91,0.92,0.9214659685863874,0.913135593220339,0.9603960396039604,0.04726044638362137,1.2321116928446771,0.5706806282722513,0.23211169284467714,1.3492501809192363,0.0002517826567650061,0.9153577661431065,0.9205508474576272,0.8910891089108911,0.02946173854673606,1.2006980802792322,0.2006980802792321,0.56282722513089
NHANES,model_b_routine_clinical,LightGBM,naive_transfer,uncalibrated,dp_shift_atcp,0.95,0.94,0.95,0.9511343804537522,0.9449152542372882,0.9801980198019802,0.03528276556469201,1.3525305410122164,0.7678883071553229,0.3525305410122164,1.524564637003234,0.0002517826567650061,0.93717277486911,0.9427966101694916,0.9108910891089109,0.031905521060580644,1.2731239092495636,0.2731239092495637,0.6719022687609075
NHANES,model_b_routine_clinical,LightGBM,naive_transfer,uncalibrated,multi_objective_dp_shift_atcp,0.95,0.94,0.95,0.9511343804537522,0.9449152542372882,0.9801980198019802,0.03528276556469201,1.3525305410122164,0.7678883071553229,0.3525305410122164,1.524564637003234,0.0002517826567650061,0.93717277486911,0.9427966101694916,0.9108910891089109,0.031905521060580644,1.2731239092495636,0.2731239092495637,0.6719022687609075
NHANES,model_b_routine_clinical,LightGBM,label_shift_adjusted,label_shift,dp_shift_atcp,0.8,0.78,0.8,0.7993019197207679,0.7838983050847458,0.8712871287128713,0.0873888236281255,0.9406631762652705,0.3961605584642234,0.059336823734729496,1.085184457082677,0.0002517826567650061,0.7993019197207679,0.8040254237288136,0.7772277227722773,0.02679770095653633,0.9048865619546248,0.09511343804537521,0.4816753926701571
NHANES,model_b_routine_clinical,LightGBM,label_shift_adjusted,label_shift,multi_objective_dp_shift_atcp,0.8,0.78,0.8,0.7993019197207679,0.7838983050847458,0.8712871287128713,0.0873888236281255,0.9406631762652705,0.3961605584642234,0.059336823734729496,1.085184457082677,0.0002517826567650061,0.8019197207678883,0.8527542372881356,0.5643564356435643,0.2883978016445713,0.8429319371727748,0.15706806282722513,0.6134380453752182
NHANES,model_b_routine_clinical,LightGBM,label_shift_adjusted,label_shift,dp_shift_atcp,0.85,0.85,0.85,0.8516579406631762,0.8432203389830508,0.8910891089108911,0.04786876992784028,1.0558464223385688,0.3368237347294939,0.055846422338568937,1.0931818634432438,0.0002517826567650061,0.8708551483420593,0.8728813559322034,0.8613861386138614,0.011495217318342021,1.031413612565445,0.031413612565445025,0.28970331588132636
NHANES,model_b_routine_clinical,LightGBM,label_shift_adjusted,label_shift,multi_objective_dp_shift_atcp,0.85,0.85,0.85,0.8516579406631762,0.8432203389830508,0.8910891089108911,0.04786876992784028,1.0558464223385688,0.3368237347294939,0.055846422338568937,1.0931818634432438,0.0002517826567650061,0.8708551483420593,0.8728813559322034,0.8613861386138614,0.011495217318342021,1.031413612565445,0.031413612565445025,0.28970331588132636
NHANES,model_b_routine_clinical,LightGBM,label_shift_adjusted,label_shift,dp_shift_atcp,0.9,0.9,0.9,0.9075043630017452,0.9004237288135594,0.9405940594059405,0.040170330592381176,1.1919720767888307,0.518324607329843,0.19197207678883071,1.3105172759932837,0.0002517826567650061,0.9066317626527051,0.913135593220339,0.8762376237623762,0.036897969457962754,1.149214659685864,0.14921465968586387,0.4790575916230366
NHANES,model_b_routine_clinical,LightGBM,label_shift_adjusted,label_shift,multi_objective_dp_shift_atcp,0.9,0.9,0.9,0.9075043630017452,0.9004237288135594,0.9405940594059405,0.040170330592381176,1.1919720767888307,0.518324607329843,0.19197207678883071,1.3105172759932837,0.0002517826567650061,0.9066317626527051,0.913135593220339,0.8762376237623762,0.036897969457962754,1.149214659685864,0.14921465968586387,0.4790575916230366
NHANES,model_b_routine_clinical,LightGBM,label_shift_adjusted,label_shift,dp_shift_atcp,0.92,0.91,0.92,0.9214659685863874,0.913135593220339,0.9603960396039604,0.04726044638362137,1.2321116928446771,0.5706806282722513,0.23211169284467714,1.3492501809192363,0.0002517826567650061,0.9153577661431065,0.9205508474576272,0.8910891089108911,0.02946173854673606,1.2006980802792322,0.2006980802792321,0.56282722513089
NHANES,model_b_routine_clinical,LightGBM,label_shift_adjusted,label_shift,multi_objective_dp_shift_atcp,0.92,0.91,0.92,0.9214659685863874,0.913135593220339,0.9603960396039604,0.04726044638362137,1.2321116928446771,0.5706806282722513,0.23211169284467714,1.3492501809192363,0.0002517826567650061,0.9153577661431065,0.9205508474576272,0.8910891089108911,0.02946173854673606,1.2006980802792322,0.2006980802792321,0.56282722513089
NHANES,model_b_routine_clinical,LightGBM,label_shift_adjusted,label_shift,dp_shift_atcp,0.95,0.94,0.95,0.9511343804537522,0.9449152542372882,0.9801980198019802,0.03528276556469201,1.3525305410122164,0.7678883071553229,0.3525305410122164,1.524564637003234,0.0002517826567650061,0.93717277486911,0.9427966101694916,0.9108910891089109,0.031905521060580644,1.2731239092495636,0.2731239092495637,0.6719022687609075
NHANES,model_b_routine_clinical,LightGBM,label_shift_adjusted,label_shift,multi_objective_dp_shift_atcp,0.95,0.94,0.95,0.9511343804537522,0.9449152542372882,0.9801980198019802,0.03528276556469201,1.3525305410122164,0.7678883071553229,0.3525305410122164,1.524564637003234,0.0002517826567650061,0.93717277486911,0.9427966101694916,0.9108910891089109,0.031905521060580644,1.2731239092495636,0.2731239092495637,0.6719022687609075
NHANES,model_b_routine_clinical,LightGBM,fixed_recalibration_source_selected,beta,dp_shift_atcp,0.8,0.78,0.8,0.7993019197207679,0.7838983050847458,0.8712871287128713,0.0873888236281255,0.9406631762652705,0.3961605584642234,0.059336823734729496,1.085184457082677,0.0002517826567650061,0.7993019197207679,0.8040254237288136,0.7772277227722773,0.02679770095653633,0.9048865619546248,0.09511343804537521,0.4816753926701571
NHANES,model_b_routine_clinical,LightGBM,fixed_recalibration_source_selected,beta,multi_objective_dp_shift_atcp,0.8,0.78,0.8,0.7993019197207679,0.7838983050847458,0.8712871287128713,0.0873888236281255,0.9406631762652705,0.3961605584642234,0.059336823734729496,1.085184457082677,0.0002517826567650061,0.8115183246073299,0.8760593220338984,0.5099009900990099,0.36615833193488845,0.8551483420593369,0.14485165794066318,0.5968586387434555
NHANES,model_b_routine_clinical,LightGBM,fixed_recalibration_source_selected,beta,dp_shift_atcp,0.85,0.85,0.85,0.8516579406631762,0.8432203389830508,0.8910891089108911,0.04786876992784028,1.0558464223385688,0.3368237347294939,0.055846422338568937,1.0931818634432438,0.0002517826567650061,0.8708551483420593,0.8728813559322034,0.8613861386138614,0.011495217318342021,1.031413612565445,0.031413612565445025,0.28970331588132636
NHANES,model_b_routine_clinical,LightGBM,fixed_recalibration_source_selected,beta,multi_objective_dp_shift_atcp,0.85,0.85,0.85,0.8516579406631762,0.8432203389830508,0.8910891089108911,0.04786876992784028,1.0558464223385688,0.3368237347294939,0.055846422338568937,1.0931818634432438,0.0002517826567650061,0.8708551483420593,0.8728813559322034,0.8613861386138614,0.011495217318342021,1.031413612565445,0.031413612565445025,0.28970331588132636
NHANES,model_b_routine_clinical,LightGBM,fixed_recalibration_source_selected,beta,dp_shift_atcp,0.9,0.89,0.9,0.8917975567190227,0.8813559322033898,0.9405940594059405,0.05923812720255073,1.1675392670157068,0.4851657940663176,0.16753926701570682,1.3064837178544368,0.0002517826567650061,0.8944153577661431,0.8983050847457628,0.8762376237623762,0.022067460983386522,1.1352530541012216,0.13525305410122165,0.46335078534031415
NHANES,model_b_routine_clinical,LightGBM,fixed_recalibration_source_selected,beta,multi_objective_dp_shift_atcp,0.9,0.89,0.9,0.8917975567190227,0.8813559322033898,0.9405940594059405,0.05923812720255073,1.1675392670157068,0.4851657940663176,0.16753926701570682,1.3064837178544368,0.0002517826567650061,0.9031413612565445,0.975635593220339,0.5643564356435643,0.4112791575767747,0.9912739965095986,0.008726003490401396,0.4040139616055846
NHANES,model_b_routine_clinical,LightGBM,fixed_recalibration_source_selected,beta,dp_shift_atcp,0.92,0.91,0.92,0.9214659685863874,0.913135593220339,0.9603960396039604,0.04726044638362137,1.2321116928446771,0.5706806282722513,0.23211169284467714,1.3492501809192363,0.0002517826567650061,0.9153577661431065,0.9205508474576272,0.8910891089108911,0.02946173854673606,1.2006980802792322,0.2006980802792321,0.56282722513089
NHANES,model_b_routine_clinical,LightGBM,fixed_recalibration_source_selected,beta,multi_objective_dp_shift_atcp,0.92,0.91,0.92,0.9214659685863874,0.913135593220339,0.9603960396039604,0.04726044638362137,1.2321116928446771,0.5706806282722513,0.23211169284467714,1.3492501809192363,0.0002517826567650061,0.9153577661431065,0.9205508474576272,0.8910891089108911,0.02946173854673606,1.2006980802792322,0.2006980802792321,0.56282722513089
NHANES,model_b_routine_clinical,LightGBM,fixed_recalibration_source_selected,beta,dp_shift_atcp,0.95,0.94,0.95,0.9511343804537522,0.9449152542372882,0.9801980198019802,0.03528276556469201,1.3525305410122164,0.7678883071553229,0.3525305410122164,1.524564637003234,0.0002517826567650061,0.93717277486911,0.9427966101694916,0.9108910891089109,0.031905521060580644,1.2731239092495636,0.2731239092495637,0.6719022687609075
NHANES,model_b_routine_clinical,LightGBM,fixed_recalibration_source_selected,beta,multi_objective_dp_shift_atcp,0.95,0.94,0.95,0.9511343804537522,0.9449152542372882,0.9801980198019802,0.03528276556469201,1.3525305410122164,0.7678883071553229,0.3525305410122164,1.524564637003234,0.0002517826567650061,0.93717277486911,0.9427966101694916,0.9108910891089109,0.031905521060580644,1.2731239092495636,0.2731239092495637,0.6719022687609075
NHANES,model_b_routine_clinical,LightGBM,adaptive_calibration_target_selected,platt,dp_shift_atcp,0.8,0.78,0.8,0.7993019197207679,0.7838983050847458,0.8712871287128713,0.0873888236281255,0.9406631762652705,0.3961605584642234,0.059336823734729496,1.085184457082677,0.0002517826567650061,0.7993019197207679,0.8040254237288136,0.7772277227722773,0.02679770095653633,0.9048865619546248,0.09511343804537521,0.4816753926701571
NHANES,model_b_routine_clinical,LightGBM,adaptive_calibration_target_selected,platt,multi_objective_dp_shift_atcp,0.8,0.78,0.8,0.7993019197207679,0.7838983050847458,0.8712871287128713,0.0873888236281255,0.9406631762652705,0.3961605584642234,0.059336823734729496,1.085184457082677,0.0002517826567650061,0.8097731239092496,0.8739406779661016,0.5099009900990099,0.36403968786709173,0.8525305410122164,0.1474694589877836,0.6003490401396161
NHANES,model_b_routine_clinical,LightGBM,adaptive_calibration_target_selected,platt,dp_shift_atcp,0.85,0.85,0.85,0.8516579406631762,0.8432203389830508,0.8910891089108911,0.04786876992784028,1.0558464223385688,0.3368237347294939,0.055846422338568937,1.0931818634432438,0.0002517826567650061,0.8708551483420593,0.8728813559322034,0.8613861386138614,0.011495217318342021,1.031413612565445,0.031413612565445025,0.28970331588132636
NHANES,model_b_routine_clinical,LightGBM,adaptive_calibration_target_selected,platt,multi_objective_dp_shift_atcp,0.85,0.85,0.85,0.8516579406631762,0.8432203389830508,0.8910891089108911,0.04786876992784028,1.0558464223385688,0.3368237347294939,0.055846422338568937,1.0931818634432438,0.0002517826567650061,0.8708551483420593,0.8728813559322034,0.8613861386138614,0.011495217318342021,1.031413612565445,0.031413612565445025,0.28970331588132636
NHANES,model_b_routine_clinical,LightGBM,adaptive_calibration_target_selected,platt,dp_shift_atcp,0.9,0.9,0.9,0.9075043630017452,0.9004237288135594,0.9405940594059405,0.040170330592381176,1.1919720767888307,0.518324607329843,0.19197207678883071,1.3105172759932837,0.0002517826567650061,0.9066317626527051,0.913135593220339,0.8762376237623762,0.036897969457962754,1.149214659685864,0.14921465968586387,0.4790575916230366
NHANES,model_b_routine_clinical,LightGBM,adaptive_calibration_target_selected,platt,multi_objective_dp_shift_atcp,0.9,0.9,0.9,0.9075043630017452,0.9004237288135594,0.9405940594059405,0.040170330592381176,1.1919720767888307,0.518324607329843,0.19197207678883071,1.3105172759932837,0.0002517826567650061,0.9066317626527051,0.913135593220339,0.8762376237623762,0.036897969457962754,1.149214659685864,0.14921465968586387,0.4790575916230366
NHANES,model_b_routine_clinical,LightGBM,adaptive_calibration_target_selected,platt,dp_shift_atcp,0.92,0.91,0.92,0.9214659685863874,0.913135593220339,0.9603960396039604,0.04726044638362137,1.2321116928446771,0.5706806282722513,0.23211169284467714,1.3492501809192363,0.0002517826567650061,0.9153577661431065,0.9205508474576272,0.8910891089108911,0.02946173854673606,1.2006980802792322,0.2006980802792321,0.56282722513089
NHANES,model_b_routine_clinical,LightGBM,adaptive_calibration_target_selected,platt,multi_objective_dp_shift_atcp,0.92,0.91,0.92,0.9214659685863874,0.913135593220339,0.9603960396039604,0.04726044638362137,1.2321116928446771,0.5706806282722513,0.23211169284467714,1.3492501809192363,0.0002517826567650061,0.9153577661431065,0.9205508474576272,0.8910891089108911,0.02946173854673606,1.2006980802792322,0.2006980802792321,0.56282722513089
NHANES,model_b_routine_clinical,LightGBM,adaptive_calibration_target_selected,platt,dp_shift_atcp,0.95,0.94,0.95,0.9511343804537522,0.9449152542372882,0.9801980198019802,0.03528276556469201,1.3525305410122164,0.7678883071553229,0.3525305410122164,1.524564637003234,0.0002517826567650061,0.93717277486911,0.9427966101694916,0.9108910891089109,0.031905521060580644,1.2731239092495636,0.2731239092495637,0.6719022687609075
NHANES,model_b_routine_clinical,LightGBM,adaptive_calibration_target_selected,platt,multi_objective_dp_shift_atcp,0.95,0.94,0.95,0.9511343804537522,0.9449152542372882,0.9801980198019802,0.03528276556469201,1.3525305410122164,0.7678883071553229,0.3525305410122164,1.524564637003234,0.0002517826567650061,0.93717277486911,0.9427966101694916,0.9108910891089109,0.031905521060580644,1.2731239092495636,0.2731239092495637,0.6719022687609075
Pima,model_b_routine_clinical,LightGBM,naive_transfer,uncalibrated,dp_shift_atcp,0.8,0.75,0.8,0.8020833333333334,0.76,0.8805970149253731,0.12059701492537311,1.265625,0.8958333333333334,0.265625,1.651728855721393,0.00015205399625813483,0.8229166666666666,0.792,0.8805970149253731,0.08859701492537309,1.2890625,0.2890625,0.921875
Pima,model_b_routine_clinical,LightGBM,naive_transfer,uncalibrated,multi_objective_dp_shift_atcp,0.8,0.75,0.8,0.8020833333333334,0.76,0.8805970149253731,0.12059701492537311,1.265625,0.8958333333333334,0.265625,1.651728855721393,0.00015205399625813483,0.8229166666666666,0.792,0.8805970149253731,0.08859701492537309,1.2890625,0.2890625,0.921875
Pima,model_b_routine_clinical,LightGBM,naive_transfer,uncalibrated,dp_shift_atcp,0.85,0.83,0.85,0.8541666666666666,0.832,0.8955223880597015,0.06352238805970156,1.3645833333333333,1.0208333333333333,0.3645833333333333,1.7182002487562187,0.00015205399625813483,0.859375,0.844,0.8880597014925373,0.04405970149253735,1.4114583333333333,0.4114583333333333,1.1197916666666667
Pima,model_b_routine_clinical,LightGBM,naive_transfer,uncalibrated,multi_objective_dp_shift_atcp,0.85,0.83,0.85,0.8541666666666666,0.832,0.8955223880597015,0.06352238805970156,1.3645833333333333,1.0208333333333333,0.3645833333333333,1.7182002487562187,0.00015205399625813483,0.859375,0.844,0.8880597014925373,0.04405970149253735,1.4114583333333333,0.4114583333333333,1.1197916666666667
Pima,model_b_routine_clinical,LightGBM,naive_transfer,uncalibrated,dp_shift_atcp,0.9,0.87,0.9,0.9010416666666666,0.864,0.9701492537313433,0.10614925373134332,1.6197916666666667,1.3802083333333333,0.6197916666666666,2.150369713930348,0.00015205399625813483,0.8880208333333334,0.876,0.9104477611940298,0.03444776119402981,1.5963541666666667,0.5963541666666666,1.4296875
Pima,model_b_routine_clinical,LightGBM,naive_transfer,uncalibrated,multi_objective_dp_shift_atcp,0.9,0.87,0.9,0.9010416666666666,0.864,0.9701492537313433,0.10614925373134332,1.6197916666666667,1.3802083333333333,0.6197916666666666,2.150369713930348,0.00015205399625813483,0.8880208333333334,0.876,0.9104477611940298,0.03444776119402981,1.5963541666666667,0.5963541666666666,1.4296875
Pima,model_b_routine_clinical,LightGBM,naive_transfer,uncalibrated,dp_shift_atcp,0.92,0.87,0.92,0.90625,0.864,0.9850746268656716,0.12107462686567161,1.6354166666666667,1.3854166666666667,0.6354166666666666,2.2514036069651744,0.00015205399625813483,0.8958333333333334,0.876,0.9328358208955224,0.056835820895522415,1.6536458333333333,0.6536458333333334,1.5052083333333333
Pima,model_b_routine_clinical,LightGBM,naive_transfer,uncalibrated,multi_objective_dp_shift_atcp,0.92,0.87,0.92,0.90625,0.864,0.9850746268656716,0.12107462686567161,1.6354166666666667,1.3854166666666667,0.6354166666666666,2.2514036069651744,0.00015205399625813483,0.9557291666666666,1.0,0.8731343283582089,0.12686567164179108,1.5989583333333333,0.5989583333333334,1.4192708333333333
Pima,model_b_routine_clinical,LightGBM,naive_transfer,uncalibrated,dp_shift_atcp,0.95,0.8999999999999999,0.95,0.9427083333333334,0.92,0.9850746268656716,0.06507462686567156,1.7239583333333333,1.5260416666666667,0.7239583333333334,2.27625777363184,0.00015205399625813483,0.9244791666666666,0.904,0.9626865671641791,0.05868656716417908,1.7395833333333333,0.7395833333333334,1.6067708333333333
Pima,model_b_routine_clinical,LightGBM,naive_transfer,uncalibrated,multi_objective_dp_shift_atcp,0.95,0.8999999999999999,0.95,0.9427083333333334,0.92,0.9850746268656716,0.06507462686567156,1.7239583333333333,1.5260416666666667,0.7239583333333334,2.27625777363184,0.00015205399625813483,0.9661458333333334,1.0,0.9029850746268657,0.09701492537313428,1.7005208333333333,0.7005208333333334,1.5703125
Pima,model_b_routine_clinical,LightGBM,label_shift_adjusted,label_shift,dp_shift_atcp,0.8,0.75,0.8,0.8020833333333334,0.76,0.8805970149253731,0.12059701492537311,1.265625,0.8958333333333334,0.265625,1.651728855721393,0.00015205399625813483,0.8229166666666666,0.792,0.8805970149253731,0.08859701492537309,1.2890625,0.2890625,0.921875
Pima,model_b_routine_clinical,LightGBM,label_shift_adjusted,label_shift,multi_objective_dp_shift_atcp,0.8,0.75,0.8,0.8020833333333334,0.76,0.8805970149253731,0.12059701492537311,1.265625,0.8958333333333334,0.265625,1.651728855721393,0.00015205399625813483,0.8229166666666666,0.792,0.8805970149253731,0.08859701492537309,1.2890625,0.2890625,0.921875
Pima,model_b_routine_clinical,LightGBM,label_shift_adjusted,label_shift,dp_shift_atcp,0.85,0.83,0.85,0.8541666666666666,0.832,0.8955223880597015,0.06352238805970156,1.3645833333333333,1.0208333333333333,0.3645833333333333,1.7182002487562187,0.00015205399625813483,0.859375,0.844,0.8880597014925373,0.04405970149253735,1.4114583333333333,0.4114583333333333,1.1197916666666667
Pima,model_b_routine_clinical,LightGBM,label_shift_adjusted,label_shift,multi_objective_dp_shift_atcp,0.85,0.83,0.85,0.8541666666666666,0.832,0.8955223880597015,0.06352238805970156,1.3645833333333333,1.0208333333333333,0.3645833333333333,1.7182002487562187,0.00015205399625813483,0.859375,0.844,0.8880597014925373,0.04405970149253735,1.4114583333333333,0.4114583333333333,1.1197916666666667
Pima,model_b_routine_clinical,LightGBM,label_shift_adjusted,label_shift,dp_shift_atcp,0.9,0.87,0.9,0.9010416666666666,0.864,0.9701492537313433,0.10614925373134332,1.6197916666666667,1.3802083333333333,0.6197916666666666,2.150369713930348,0.00015205399625813483,0.8880208333333334,0.876,0.9104477611940298,0.03444776119402981,1.5963541666666667,0.5963541666666666,1.4296875
Pima,model_b_routine_clinical,LightGBM,label_shift_adjusted,label_shift,multi_objective_dp_shift_atcp,0.9,0.87,0.9,0.9010416666666666,0.864,0.9701492537313433,0.10614925373134332,1.6197916666666667,1.3802083333333333,0.6197916666666666,2.150369713930348,0.00015205399625813483,0.8880208333333334,0.876,0.9104477611940298,0.03444776119402981,1.5963541666666667,0.5963541666666666,1.4296875
Pima,model_b_routine_clinical,LightGBM,label_shift_adjusted,label_shift,dp_shift_atcp,0.92,0.87,0.92,0.90625,0.864,0.9850746268656716,0.12107462686567161,1.6354166666666667,1.3854166666666667,0.6354166666666666,2.2514036069651744,0.00015205399625813483,0.8958333333333334,0.876,0.9328358208955224,0.056835820895522415,1.6536458333333333,0.6536458333333334,1.5052083333333333
Pima,model_b_routine_clinical,LightGBM,label_shift_adjusted,label_shift,multi_objective_dp_shift_atcp,0.92,0.87,0.92,0.90625,0.864,0.9850746268656716,0.12107462686567161,1.6354166666666667,1.3854166666666667,0.6354166666666666,2.2514036069651744,0.00015205399625813483,0.9557291666666666,1.0,0.8731343283582089,0.12686567164179108,1.5989583333333333,0.5989583333333334,1.4192708333333333
Pima,model_b_routine_clinical,LightGBM,label_shift_adjusted,label_shift,dp_shift_atcp,0.95,0.8999999999999999,0.95,0.9427083333333334,0.92,0.9850746268656716,0.06507462686567156,1.7239583333333333,1.5260416666666667,0.7239583333333334,2.27625777363184,0.00015205399625813483,0.9244791666666666,0.904,0.9626865671641791,0.05868656716417908,1.7395833333333333,0.7395833333333334,1.6067708333333333
Pima,model_b_routine_clinical,LightGBM,label_shift_adjusted,label_shift,multi_objective_dp_shift_atcp,0.95,0.8999999999999999,0.95,0.9427083333333334,0.92,0.9850746268656716,0.06507462686567156,1.7239583333333333,1.5260416666666667,0.7239583333333334,2.27625777363184,0.00015205399625813483,0.9661458333333334,1.0,0.9029850746268657,0.09701492537313428,1.7005208333333333,0.7005208333333334,1.5703125
Pima,model_b_routine_clinical,LightGBM,fixed_recalibration_source_selected,beta,dp_shift_atcp,0.8,0.75,0.8,0.8020833333333334,0.76,0.8805970149253731,0.12059701492537311,1.265625,0.8958333333333334,0.265625,1.651728855721393,0.00015205399625813483,0.8229166666666666,0.792,0.8805970149253731,0.08859701492537309,1.2890625,0.2890625,0.921875
Pima,model_b_routine_clinical,LightGBM,fixed_recalibration_source_selected,beta,multi_objective_dp_shift_atcp,0.8,0.75,0.8,0.8020833333333334,0.76,0.8805970149253731,0.12059701492537311,1.265625,0.8958333333333334,0.265625,1.651728855721393,0.00015205399625813483,0.8229166666666666,0.792,0.8805970149253731,0.08859701492537309,1.2890625,0.2890625,0.921875
Pima,model_b_routine_clinical,LightGBM,fixed_recalibration_source_selected,beta,dp_shift_atcp,0.85,0.83,0.85,0.8541666666666666,0.832,0.8955223880597015,0.06352238805970156,1.3645833333333333,1.0208333333333333,0.3645833333333333,1.7182002487562187,0.00015205399625813483,0.859375,0.844,0.8880597014925373,0.04405970149253735,1.4114583333333333,0.4114583333333333,1.1197916666666667
Pima,model_b_routine_clinical,LightGBM,fixed_recalibration_source_selected,beta,multi_objective_dp_shift_atcp,0.85,0.83,0.85,0.8541666666666666,0.832,0.8955223880597015,0.06352238805970156,1.3645833333333333,1.0208333333333333,0.3645833333333333,1.7182002487562187,0.00015205399625813483,0.859375,0.844,0.8880597014925373,0.04405970149253735,1.4114583333333333,0.4114583333333333,1.1197916666666667
Pima,model_b_routine_clinical,LightGBM,fixed_recalibration_source_selected,beta,dp_shift_atcp,0.9,0.87,0.9,0.9010416666666666,0.864,0.9701492537313433,0.10614925373134332,1.6197916666666667,1.3802083333333333,0.6197916666666666,2.150369713930348,0.00015205399625813483,0.8880208333333334,0.876,0.9104477611940298,0.03444776119402981,1.5963541666666667,0.5963541666666666,1.4296875
Pima,model_b_routine_clinical,LightGBM,fixed_recalibration_source_selected,beta,multi_objective_dp_shift_atcp,0.9,0.87,0.9,0.9010416666666666,0.864,0.9701492537313433,0.10614925373134332,1.6197916666666667,1.3802083333333333,0.6197916666666666,2.150369713930348,0.00015205399625813483,0.8880208333333334,0.876,0.9104477611940298,0.03444776119402981,1.5963541666666667,0.5963541666666666,1.4296875
Pima,model_b_routine_clinical,LightGBM,fixed_recalibration_source_selected,beta,dp_shift_atcp,0.92,0.87,0.92,0.90625,0.864,0.9850746268656716,0.12107462686567161,1.6354166666666667,1.3854166666666667,0.6354166666666666,2.2514036069651744,0.00015205399625813483,0.8958333333333334,0.876,0.9328358208955224,0.056835820895522415,1.6536458333333333,0.6536458333333334,1.5052083333333333
Pima,model_b_routine_clinical,LightGBM,fixed_recalibration_source_selected,beta,multi_objective_dp_shift_atcp,0.92,0.87,0.92,0.90625,0.864,0.9850746268656716,0.12107462686567161,1.6354166666666667,1.3854166666666667,0.6354166666666666,2.2514036069651744,0.00015205399625813483,0.9557291666666666,1.0,0.8731343283582089,0.12686567164179108,1.5989583333333333,0.5989583333333334,1.4192708333333333
Pima,model_b_routine_clinical,LightGBM,fixed_recalibration_source_selected,beta,dp_shift_atcp,0.95,0.8999999999999999,0.95,0.9427083333333334,0.92,0.9850746268656716,0.06507462686567156,1.7239583333333333,1.5260416666666667,0.7239583333333334,2.27625777363184,0.00015205399625813483,0.9244791666666666,0.904,0.9626865671641791,0.05868656716417908,1.7395833333333333,0.7395833333333334,1.6067708333333333
Pima,model_b_routine_clinical,LightGBM,fixed_recalibration_source_selected,beta,multi_objective_dp_shift_atcp,0.95,0.8999999999999999,0.95,0.9427083333333334,0.92,0.9850746268656716,0.06507462686567156,1.7239583333333333,1.5260416666666667,0.7239583333333334,2.27625777363184,0.00015205399625813483,0.9661458333333334,1.0,0.9029850746268657,0.09701492537313428,1.7005208333333333,0.7005208333333334,1.5703125
Pima,model_b_routine_clinical,LightGBM,adaptive_calibration_target_selected,isotonic,dp_shift_atcp,0.8,0.75,0.8,0.859375,0.84,0.8955223880597015,0.055522388059701555,1.3697916666666667,1.0260416666666667,0.3697916666666667,1.989012748756219,0.00015205399625813483,0.8723958333333334,0.864,0.8880597014925373,0.024059701492537333,1.4453125,0.4453125,1.1744791666666667
Pima,model_b_routine_clinical,LightGBM,adaptive_calibration_target_selected,isotonic,multi_objective_dp_shift_atcp,0.8,0.75,0.8,0.859375,0.84,0.8955223880597015,0.055522388059701555,1.3697916666666667,1.0260416666666667,0.3697916666666667,1.989012748756219,0.00015205399625813483,0.8723958333333334,0.864,0.8880597014925373,0.024059701492537333,1.4453125,0.4453125,1.1744791666666667
Pima,model_b_routine_clinical,LightGBM,adaptive_calibration_target_selected,isotonic,dp_shift_atcp,0.85,0.7999999999999999,0.85,0.859375,0.84,0.8955223880597015,0.055522388059701555,1.3697916666666667,1.0260416666666667,0.3697916666666667,1.7390127487562195,0.00015205399625813483,0.8723958333333334,0.864,0.8880597014925373,0.024059701492537333,1.4453125,0.4453125,1.1744791666666667
Pima,model_b_routine_clinical,LightGBM,adaptive_calibration_target_selected,isotonic,multi_objective_dp_shift_atcp,0.85,0.7999999999999999,0.85,0.859375,0.84,0.8955223880597015,0.055522388059701555,1.3697916666666667,1.0260416666666667,0.3697916666666667,1.7390127487562195,0.00015205399625813483,0.8723958333333334,0.864,0.8880597014925373,0.024059701492537333,1.4453125,0.4453125,1.1744791666666667
Pima,model_b_routine_clinical,LightGBM,adaptive_calibration_target_selected,isotonic,dp_shift_atcp,0.9,0.85,0.9,0.9635416666666666,0.944,1.0,0.05600000000000005,1.8072916666666667,1.6510416666666667,0.8072916666666666,2.6730625,0.00015205399625813483,0.9114583333333334,0.864,1.0,0.136,1.7526041666666667,0.7526041666666666,1.59375
Pima,model_b_routine_clinical,LightGBM,adaptive_calibration_target_selected,isotonic,multi_objective_dp_shift_atcp,0.9,0.85,0.9,0.9635416666666666,0.944,1.0,0.05600000000000005,1.8072916666666667,1.6510416666666667,0.8072916666666666,2.6730625,0.00015205399625813483,0.9114583333333334,0.864,1.0,0.136,1.7526041666666667,0.7526041666666666,1.59375
Pima,model_b_routine_clinical,LightGBM,adaptive_calibration_target_selected,isotonic,dp_shift_atcp,0.92,0.87,0.92,0.9635416666666666,0.944,1.0,0.05600000000000005,1.8072916666666667,1.6510416666666667,0.8072916666666666,2.5730625,0.00015205399625813483,0.9427083333333334,0.912,1.0,0.08799999999999997,1.8333333333333333,0.8333333333333334,1.7239583333333333
Pima,model_b_routine_clinical,LightGBM,adaptive_calibration_target_selected,isotonic,multi_objective_dp_shift_atcp,0.92,0.87,0.92,0.9635416666666666,0.944,1.0,0.05600000000000005,1.8072916666666667,1.6510416666666667,0.8072916666666666,2.5730625,0.00015205399625813483,0.9427083333333334,0.912,1.0,0.08799999999999997,1.8333333333333333,0.8333333333333334,1.7239583333333333
Pima,model_b_routine_clinical,LightGBM,adaptive_calibration_target_selected,isotonic,dp_shift_atcp,0.95,0.8999999999999999,0.95,0.9635416666666666,0.944,1.0,0.05600000000000005,1.8072916666666667,1.6510416666666667,0.8072916666666666,2.4230625000000003,0.00015205399625813483,0.9427083333333334,0.912,1.0,0.08799999999999997,1.8333333333333333,0.8333333333333334,1.7239583333333333
Pima,model_b_routine_clinical,LightGBM,adaptive_calibration_target_selected,isotonic,multi_objective_dp_shift_atcp,0.95,0.8999999999999999,0.95,0.9635416666666666,0.944,1.0,0.05600000000000005,1.8072916666666667,1.6510416666666667,0.8072916666666666,2.4230625000000003,0.00015205399625813483,0.9427083333333334,0.912,1.0,0.08799999999999997,1.8333333333333333,0.8333333333333334,1.7239583333333333
NHANES,model_b_routine_clinical,CatBoost,naive_transfer,uncalibrated,dp_shift_atcp,0.8,0.75,0.8200000000000001,0.8010471204188482,0.7860169491525424,0.8712871287128713,0.0852701795603289,0.9389179755671903,0.3769633507853403,0.06108202443280977,1.0727569272811563,0.0002517826567650061,0.7626527050610821,0.7521186440677966,0.8118811881188119,0.05976254405101533,0.8804537521815009,0.11954624781849912,0.5532286212914486
NHANES,model_b_routine_clinical,CatBoost,naive_transfer,uncalibrated,multi_objective_dp_shift_atcp,0.8,0.75,0.8200000000000001,0.8010471204188482,0.7860169491525424,0.8712871287128713,0.0852701795603289,0.9389179755671903,0.3769633507853403,0.06108202443280977,1.0727569272811563,0.0002517826567650061,0.7626527050610821,0.7521186440677966,0.8118811881188119,0.05976254405101533,0.8804537521815009,0.11954624781849912,0.5532286212914486
NHANES,model_b_routine_clinical,CatBoost,naive_transfer,uncalibrated,dp_shift_atcp,0.85,0.82,0.85,0.8464223385689355,0.8326271186440678,0.9108910891089109,0.07826397046484312,1.0349040139616057,0.2862129144851658,0.034904013961605584,1.1063139312644548,0.0002517826567650061,0.8350785340314136,0.8326271186440678,0.8465346534653465,0.013907534821278711,0.9720767888307156,0.027923211169284468,0.3080279232111693
NHANES,model_b_routine_clinical,CatBoost,naive_transfer,uncalibrated,multi_objective_dp_shift_atcp,0.85,0.82,0.85,0.8464223385689355,0.8326271186440678,0.9108910891089109,0.07826397046484312,1.0349040139616057,0.2862129144851658,0.034904013961605584,1.1063139312644548,0.0002517826567650061,0.8507853403141361,0.9141949152542372,0.5544554455445545,0.35973946970968274,0.9083769633507853,0.09162303664921466,0.5
NHANES,model_b_routine_clinical,CatBoost,naive_transfer,uncalibrated,dp_shift_atcp,0.9,0.89,0.9,0.900523560209424,0.8919491525423728,0.9405940594059405,0.048644906863567705,1.2547993019197208,0.6509598603839442,0.2547993019197208,1.4049045330702206,0.0002517826567650061,0.9075043630017452,0.9088983050847458,0.900990099009901,0.00790820607484477,1.1841186736474694,0.18411867364746945,0.5305410122164049
NHANES,model_b_routine_clinical,CatBoost,naive_transfer,uncalibrated,multi_objective_dp_shift_atcp,0.9,0.89,0.9,0.900523560209424,0.8919491525423728,0.9405940594059405,0.048644906863567705,1.2547993019197208,0.6509598603839442,0.2547993019197208,1.4049045330702206,0.0002517826567650061,0.9075043630017452,0.9088983050847458,0.900990099009901,0.00790820607484477,1.1841186736474694,0.18411867364746945,0.5305410122164049
NHANES,model_b_routine_clinical,CatBoost,naive_transfer,uncalibrated,dp_shift_atcp,0.92,0.91,0.92,0.9144851657940664,0.9046610169491526,0.9603960396039604,0.055735022654807787,1.2949389179755673,0.7033158813263525,0.2949389179755672,1.4987857800555102,0.0002517826567650061,0.9197207678883071,0.9163135593220338,0.9356435643564357,0.019330005034401854,1.2757417102966842,0.2757417102966841,0.6771378708551483
NHANES,model_b_routine_clinical,CatBoost,naive_transfer,uncalibrated,multi_objective_dp_shift_atcp,0.92,0.91,0.92,0.9144851657940664,0.9046610169491526,0.9603960396039604,0.055735022654807787,1.2949389179755673,0.7033158813263525,0.2949389179755672,1.4987857800555102,0.0002517826567650061,0.9205933682373473,0.9809322033898306,0.6386138613861386,0.34231834200369193,1.0340314136125655,0.034031413612565446,0.40226876090750435
NHANES,model_b_routine_clinical,CatBoost,naive_transfer,uncalibrated,dp_shift_atcp,0.95,0.95,0.95,0.9546247818499127,0.9533898305084746,0.9603960396039604,0.007006209095485771,1.3979057591623036,0.8691099476439791,0.39790575916230364,1.586512804044625,0.0002517826567650061,0.9554973821989529,0.9544491525423728,0.9603960396039604,0.005946887061587525,1.3970331588132636,0.3970331588132635,0.8664921465968587
NHANES,model_b_routine_clinical,CatBoost,naive_transfer,uncalibrated,multi_objective_dp_shift_atcp,0.95,0.95,0.95,0.9546247818499127,0.9533898305084746,0.9603960396039604,0.007006209095485771,1.3979057591623036,0.8691099476439791,0.39790575916230364,1.586512804044625,0.0002517826567650061,0.9554973821989529,0.9544491525423728,0.9603960396039604,0.005946887061587525,1.3970331588132636,0.3970331588132635,0.8664921465968587
NHANES,model_b_routine_clinical,CatBoost,label_shift_adjusted,label_shift,dp_shift_atcp,0.8,0.75,0.8200000000000001,0.8010471204188482,0.7860169491525424,0.8712871287128713,0.0852701795603289,0.9389179755671903,0.3769633507853403,0.06108202443280977,1.0727569272811563,0.0002517826567650061,0.7626527050610821,0.7521186440677966,0.8118811881188119,0.05976254405101533,0.8804537521815009,0.11954624781849912,0.5532286212914486
NHANES,model_b_routine_clinical,CatBoost,label_shift_adjusted,label_shift,multi_objective_dp_shift_atcp,0.8,0.75,0.8200000000000001,0.8010471204188482,0.7860169491525424,0.8712871287128713,0.0852701795603289,0.9389179755671903,0.3769633507853403,0.06108202443280977,1.0727569272811563,0.0002517826567650061,0.7626527050610821,0.7521186440677966,0.8118811881188119,0.05976254405101533,0.8804537521815009,0.11954624781849912,0.5532286212914486
NHANES,model_b_routine_clinical,CatBoost,label_shift_adjusted,label_shift,dp_shift_atcp,0.85,0.82,0.85,0.8464223385689355,0.8326271186440678,0.9108910891089109,0.07826397046484312,1.0349040139616057,0.2862129144851658,0.034904013961605584,1.1063139312644548,0.0002517826567650061,0.8350785340314136,0.8326271186440678,0.8465346534653465,0.013907534821278711,0.9720767888307156,0.027923211169284468,0.3080279232111693
NHANES,model_b_routine_clinical,CatBoost,label_shift_adjusted,label_shift,multi_objective_dp_shift_atcp,0.85,0.82,0.85,0.8464223385689355,0.8326271186440678,0.9108910891089109,0.07826397046484312,1.0349040139616057,0.2862129144851658,0.034904013961605584,1.1063139312644548,0.0002517826567650061,0.8525305410122164,0.913135593220339,0.5693069306930693,0.34382866252726973,0.9101221640488656,0.08987783595113438,0.4912739965095986
NHANES,model_b_routine_clinical,CatBoost,label_shift_adjusted,label_shift,dp_shift_atcp,0.9,0.89,0.9,0.900523560209424,0.8919491525423728,0.9405940594059405,0.048644906863567705,1.2547993019197208,0.6509598603839442,0.2547993019197208,1.4049045330702206,0.0002517826567650061,0.9075043630017452,0.9088983050847458,0.900990099009901,0.00790820607484477,1.1841186736474694,0.18411867364746945,0.5305410122164049
NHANES,model_b_routine_clinical,CatBoost,label_shift_adjusted,label_shift,multi_objective_dp_shift_atcp,0.9,0.89,0.9,0.900523560209424,0.8919491525423728,0.9405940594059405,0.048644906863567705,1.2547993019197208,0.6509598603839442,0.2547993019197208,1.4049045330702206,0.0002517826567650061,0.9075043630017452,0.9088983050847458,0.900990099009901,0.00790820607484477,1.1841186736474694,0.18411867364746945,0.5305410122164049
NHANES,model_b_routine_clinical,CatBoost,label_shift_adjusted,label_shift,dp_shift_atcp,0.92,0.91,0.92,0.9144851657940664,0.9046610169491526,0.9603960396039604,0.055735022654807787,1.2949389179755673,0.7033158813263525,0.2949389179755672,1.4987857800555102,0.0002517826567650061,0.9197207678883071,0.9163135593220338,0.9356435643564357,0.019330005034401854,1.2757417102966842,0.2757417102966841,0.6771378708551483
NHANES,model_b_routine_clinical,CatBoost,label_shift_adjusted,label_shift,multi_objective_dp_shift_atcp,0.92,0.91,0.92,0.9144851657940664,0.9046610169491526,0.9603960396039604,0.055735022654807787,1.2949389179755673,0.7033158813263525,0.2949389179755672,1.4987857800555102,0.0002517826567650061,0.931064572425829,0.975635593220339,0.7227722772277227,0.25286331599261624,1.056719022687609,0.056719022687609075,0.37783595113438045
NHANES,model_b_routine_clinical,CatBoost,label_shift_adjusted,label_shift,dp_shift_atcp,0.95,0.95,0.95,0.9546247818499127,0.9533898305084746,0.9603960396039604,0.007006209095485771,1.3979057591623036,0.8691099476439791,0.39790575916230364,1.586512804044625,0.0002517826567650061,0.9554973821989529,0.9544491525423728,0.9603960396039604,0.005946887061587525,1.3970331588132636,0.3970331588132635,0.8664921465968587
NHANES,model_b_routine_clinical,CatBoost,label_shift_adjusted,label_shift,multi_objective_dp_shift_atcp,0.95,0.95,0.95,0.9546247818499127,0.9533898305084746,0.9603960396039604,0.007006209095485771,1.3979057591623036,0.8691099476439791,0.39790575916230364,1.586512804044625,0.0002517826567650061,0.9554973821989529,0.9544491525423728,0.9603960396039604,0.005946887061587525,1.3970331588132636,0.3970331588132635,0.8664921465968587
NHANES,model_b_routine_clinical,CatBoost,fixed_recalibration_source_selected,temperature,dp_shift_atcp,0.8,0.75,0.8200000000000001,0.8010471204188482,0.7860169491525424,0.8712871287128713,0.0852701795603289,0.9389179755671903,0.3769633507853403,0.06108202443280977,1.0727569272811563,0.0002517826567650061,0.7626527050610821,0.7521186440677966,0.8118811881188119,0.05976254405101533,0.8804537521815009,0.11954624781849912,0.5532286212914486
NHANES,model_b_routine_clinical,CatBoost,fixed_recalibration_source_selected,temperature,multi_objective_dp_shift_atcp,0.8,0.75,0.8200000000000001,0.8010471204188482,0.7860169491525424,0.8712871287128713,0.0852701795603289,0.9389179755671903,0.3769633507853403,0.06108202443280977,1.0727569272811563,0.0002517826567650061,0.7626527050610821,0.7521186440677966,0.8118811881188119,0.05976254405101533,0.8804537521815009,0.11954624781849912,0.5532286212914486
NHANES,model_b_routine_clinical,CatBoost,fixed_recalibration_source_selected,temperature,dp_shift_atcp,0.85,0.82,0.85,0.8464223385689355,0.8326271186440678,0.9108910891089109,0.07826397046484312,1.0349040139616057,0.2862129144851658,0.034904013961605584,1.1063139312644548,0.0002517826567650061,0.8350785340314136,0.8326271186440678,0.8465346534653465,0.013907534821278711,0.9720767888307156,0.027923211169284468,0.3080279232111693
NHANES,model_b_routine_clinical,CatBoost,fixed_recalibration_source_selected,temperature,multi_objective_dp_shift_atcp,0.85,0.82,0.85,0.8464223385689355,0.8326271186440678,0.9108910891089109,0.07826397046484312,1.0349040139616057,0.2862129144851658,0.034904013961605584,1.1063139312644548,0.0002517826567650061,0.8507853403141361,0.9141949152542372,0.5544554455445545,0.35973946970968274,0.9083769633507853,0.09162303664921466,0.5
NHANES,model_b_routine_clinical,CatBoost,fixed_recalibration_source_selected,temperature,dp_shift_atcp,0.9,0.89,0.9,0.900523560209424,0.8919491525423728,0.9405940594059405,0.048644906863567705,1.2547993019197208,0.6509598603839442,0.2547993019197208,1.4049045330702206,0.0002517826567650061,0.9075043630017452,0.9088983050847458,0.900990099009901,0.00790820607484477,1.1841186736474694,0.18411867364746945,0.5305410122164049
NHANES,model_b_routine_clinical,CatBoost,fixed_recalibration_source_selected,temperature,multi_objective_dp_shift_atcp,0.9,0.89,0.9,0.900523560209424,0.8919491525423728,0.9405940594059405,0.048644906863567705,1.2547993019197208,0.6509598603839442,0.2547993019197208,1.4049045330702206,0.0002517826567650061,0.9075043630017452,0.9088983050847458,0.900990099009901,0.00790820607484477,1.1841186736474694,0.18411867364746945,0.5305410122164049
NHANES,model_b_routine_clinical,CatBoost,fixed_recalibration_source_selected,temperature,dp_shift_atcp,0.92,0.91,0.92,0.9144851657940664,0.9046610169491526,0.9603960396039604,0.055735022654807787,1.2949389179755673,0.7033158813263525,0.2949389179755672,1.4987857800555102,0.0002517826567650061,0.9197207678883071,0.9163135593220338,0.9356435643564357,0.019330005034401854,1.2757417102966842,0.2757417102966841,0.6771378708551483
NHANES,model_b_routine_clinical,CatBoost,fixed_recalibration_source_selected,temperature,multi_objective_dp_shift_atcp,0.92,0.91,0.92,0.9144851657940664,0.9046610169491526,0.9603960396039604,0.055735022654807787,1.2949389179755673,0.7033158813263525,0.2949389179755672,1.4987857800555102,0.0002517826567650061,0.9205933682373473,0.9809322033898306,0.6386138613861386,0.34231834200369193,1.0340314136125655,0.034031413612565446,0.40226876090750435
NHANES,model_b_routine_clinical,CatBoost,fixed_recalibration_source_selected,temperature,dp_shift_atcp,0.95,0.95,0.95,0.9546247818499127,0.9533898305084746,0.9603960396039604,0.007006209095485771,1.3979057591623036,0.8691099476439791,0.39790575916230364,1.586512804044625,0.0002517826567650061,0.9554973821989529,0.9544491525423728,0.9603960396039604,0.005946887061587525,1.3970331588132636,0.3970331588132635,0.8664921465968587
NHANES,model_b_routine_clinical,CatBoost,fixed_recalibration_source_selected,temperature,multi_objective_dp_shift_atcp,0.95,0.95,0.95,0.9546247818499127,0.9533898305084746,0.9603960396039604,0.007006209095485771,1.3979057591623036,0.8691099476439791,0.39790575916230364,1.586512804044625,0.0002517826567650061,0.9554973821989529,0.9544491525423728,0.9603960396039604,0.005946887061587525,1.3970331588132636,0.3970331588132635,0.8664921465968587
NHANES,model_b_routine_clinical,CatBoost,adaptive_calibration_target_selected,platt,dp_shift_atcp,0.8,0.75,0.8200000000000001,0.8010471204188482,0.7860169491525424,0.8712871287128713,0.0852701795603289,0.9389179755671903,0.3769633507853403,0.06108202443280977,1.0727569272811563,0.0002517826567650061,0.7626527050610821,0.7521186440677966,0.8118811881188119,0.05976254405101533,0.8804537521815009,0.11954624781849912,0.5532286212914486
NHANES,model_b_routine_clinical,CatBoost,adaptive_calibration_target_selected,platt,multi_objective_dp_shift_atcp,0.8,0.75,0.8200000000000001,0.8010471204188482,0.7860169491525424,0.8712871287128713,0.0852701795603289,0.9389179755671903,0.3769633507853403,0.06108202443280977,1.0727569272811563,0.0002517826567650061,0.7626527050610821,0.7521186440677966,0.8118811881188119,0.05976254405101533,0.8804537521815009,0.11954624781849912,0.5532286212914486
NHANES,model_b_routine_clinical,CatBoost,adaptive_calibration_target_selected,platt,dp_shift_atcp,0.85,0.82,0.85,0.8464223385689355,0.8326271186440678,0.9108910891089109,0.07826397046484312,1.0349040139616057,0.2862129144851658,0.034904013961605584,1.1063139312644548,0.0002517826567650061,0.8350785340314136,0.8326271186440678,0.8465346534653465,0.013907534821278711,0.9720767888307156,0.027923211169284468,0.3080279232111693
NHANES,model_b_routine_clinical,CatBoost,adaptive_calibration_target_selected,platt,multi_objective_dp_shift_atcp,0.85,0.82,0.85,0.8464223385689355,0.8326271186440678,0.9108910891089109,0.07826397046484312,1.0349040139616057,0.2862129144851658,0.034904013961605584,1.1063139312644548,0.0002517826567650061,0.8472949389179756,0.9173728813559322,0.5198019801980198,0.3975709011579124,0.9031413612565445,0.0968586387434555,0.5174520069808028
NHANES,model_b_routine_clinical,CatBoost,adaptive_calibration_target_selected,platt,dp_shift_atcp,0.9,0.89,0.9,0.900523560209424,0.8919491525423728,0.9405940594059405,0.048644906863567705,1.2547993019197208,0.6509598603839442,0.2547993019197208,1.4049045330702206,0.0002517826567650061,0.9075043630017452,0.9088983050847458,0.900990099009901,0.00790820607484477,1.1841186736474694,0.18411867364746945,0.5305410122164049
NHANES,model_b_routine_clinical,CatBoost,adaptive_calibration_target_selected,platt,multi_objective_dp_shift_atcp,0.9,0.89,0.9,0.900523560209424,0.8919491525423728,0.9405940594059405,0.048644906863567705,1.2547993019197208,0.6509598603839442,0.2547993019197208,1.4049045330702206,0.0002517826567650061,0.9075043630017452,0.9088983050847458,0.900990099009901,0.00790820607484477,1.1841186736474694,0.18411867364746945,0.5305410122164049
NHANES,model_b_routine_clinical,CatBoost,adaptive_calibration_target_selected,platt,dp_shift_atcp,0.92,0.91,0.92,0.9144851657940664,0.9046610169491526,0.9603960396039604,0.055735022654807787,1.2949389179755673,0.7033158813263525,0.2949389179755672,1.4987857800555102,0.0002517826567650061,0.9197207678883071,0.9163135593220338,0.9356435643564357,0.019330005034401854,1.2757417102966842,0.2757417102966841,0.6771378708551483
NHANES,model_b_routine_clinical,CatBoost,adaptive_calibration_target_selected,platt,multi_objective_dp_shift_atcp,0.92,0.91,0.92,0.9144851657940664,0.9046610169491526,0.9603960396039604,0.055735022654807787,1.2949389179755673,0.7033158813263525,0.2949389179755672,1.4987857800555102,0.0002517826567650061,0.918848167539267,0.9830508474576272,0.6188118811881188,0.36423896626950836,1.030541012216405,0.030541012216404886,0.4109947643979058
NHANES,model_b_routine_clinical,CatBoost,adaptive_calibration_target_selected,platt,dp_shift_atcp,0.95,0.95,0.95,0.9546247818499127,0.9533898305084746,0.9603960396039604,0.007006209095485771,1.3979057591623036,0.8691099476439791,0.39790575916230364,1.586512804044625,0.0002517826567650061,0.9554973821989529,0.9544491525423728,0.9603960396039604,0.005946887061587525,1.3970331588132636,0.3970331588132635,0.8664921465968587
NHANES,model_b_routine_clinical,CatBoost,adaptive_calibration_target_selected,platt,multi_objective_dp_shift_atcp,0.95,0.95,0.95,0.9546247818499127,0.9533898305084746,0.9603960396039604,0.007006209095485771,1.3979057591623036,0.8691099476439791,0.39790575916230364,1.586512804044625,0.0002517826567650061,0.9554973821989529,0.9544491525423728,0.9603960396039604,0.005946887061587525,1.3970331588132636,0.3970331588132635,0.8664921465968587
Pima,model_b_routine_clinical,CatBoost,naive_transfer,uncalibrated,dp_shift_atcp,0.8,0.75,0.8,0.8020833333333334,0.744,0.9104477611940298,0.16644776119402982,1.2135416666666667,0.75,0.21354166666666666,1.6059216417910447,0.00015205399625813483,0.8072916666666666,0.768,0.8805970149253731,0.1125970149253731,1.2083333333333333,0.20833333333333334,0.7760416666666666
Pima,model_b_routine_clinical,CatBoost,naive_transfer,uncalibrated,multi_objective_dp_shift_atcp,0.8,0.75,0.8,0.8020833333333334,0.744,0.9104477611940298,0.16644776119402982,1.2135416666666667,0.75,0.21354166666666666,1.6059216417910447,0.00015205399625813483,0.8072916666666666,0.768,0.8805970149253731,0.1125970149253731,1.2083333333333333,0.20833333333333334,0.7760416666666666
Pima,model_b_routine_clinical,CatBoost,naive_transfer,uncalibrated,dp_shift_atcp,0.85,0.7999999999999999,0.85,0.859375,0.832,0.9104477611940298,0.07844776119402985,1.3125,0.890625,0.3125,1.6598591417910449,0.00015205399625813483,0.8411458333333334,0.808,0.9029850746268657,0.09498507462686567,1.296875,0.296875,0.8880208333333334
Pima,model_b_routine_clinical,CatBoost,naive_transfer,uncalibrated,multi_objective_dp_shift_atcp,0.85,0.7999999999999999,0.85,0.859375,0.832,0.9104477611940298,0.07844776119402985,1.3125,0.890625,0.3125,1.6598591417910449,0.00015205399625813483,0.8411458333333334,0.808,0.9029850746268657,0.09498507462686567,1.296875,0.296875,0.8880208333333334
Pima,model_b_routine_clinical,CatBoost,naive_transfer,uncalibrated,dp_shift_atcp,0.9,0.87,0.9,0.9010416666666666,0.888,0.9253731343283582,0.037373134328358204,1.421875,1.046875,0.421875,1.7222055348258702,0.00015205399625813483,0.875,0.844,0.9328358208955224,0.08883582089552244,1.4375,0.4375,1.09375
Pima,model_b_routine_clinical,CatBoost,naive_transfer,uncalibrated,multi_objective_dp_shift_atcp,0.9,0.87,0.9,0.9010416666666666,0.888,0.9253731343283582,0.037373134328358204,1.421875,1.046875,0.421875,1.7222055348258702,0.00015205399625813483,0.875,0.844,0.9328358208955224,0.08883582089552244,1.4375,0.4375,1.09375
Pima,model_b_routine_clinical,CatBoost,naive_transfer,uncalibrated,dp_shift_atcp,0.92,0.89,0.92,0.90625,0.896,0.9253731343283582,0.029373134328358197,1.4375,1.0729166666666667,0.4375,1.7992680348258712,0.00015205399625813483,0.8880208333333334,0.852,0.9552238805970149,0.10322388059701493,1.4895833333333333,0.4895833333333333,1.1536458333333333
Pima,model_b_routine_clinical,CatBoost,naive_transfer,uncalibrated,multi_objective_dp_shift_atcp,0.92,0.89,0.92,0.90625,0.896,0.9253731343283582,0.029373134328358197,1.4375,1.0729166666666667,0.4375,1.7992680348258712,0.00015205399625813483,0.953125,1.0,0.8656716417910447,0.13432835820895528,1.5807291666666667,0.5807291666666666,1.3958333333333333
Pima,model_b_routine_clinical,CatBoost,naive_transfer,uncalibrated,dp_shift_atcp,0.95,0.94,0.95,0.953125,0.952,0.9552238805970149,0.0032238805970149498,1.5729166666666667,1.2552083333333333,0.5729166666666666,1.9063983208955229,0.00015205399625813483,0.9296875,0.912,0.9626865671641791,0.050686567164179075,1.5807291666666667,0.5807291666666666,1.2838541666666667
Pima,model_b_routine_clinical,CatBoost,naive_transfer,uncalibrated,multi_objective_dp_shift_atcp,0.95,0.94,0.95,0.953125,0.952,0.9552238805970149,0.0032238805970149498,1.5729166666666667,1.2552083333333333,0.5729166666666666,1.9063983208955229,0.00015205399625813483,0.9296875,0.912,0.9626865671641791,0.050686567164179075,1.5807291666666667,0.5807291666666666,1.2838541666666667
Pima,model_b_routine_clinical,CatBoost,label_shift_adjusted,label_shift,dp_shift_atcp,0.8,0.75,0.8,0.8020833333333334,0.744,0.9104477611940298,0.16644776119402982,1.2135416666666667,0.75,0.21354166666666666,1.6059216417910447,0.00015205399625813483,0.8072916666666666,0.768,0.8805970149253731,0.1125970149253731,1.2083333333333333,0.20833333333333334,0.7760416666666666
Pima,model_b_routine_clinical,CatBoost,label_shift_adjusted,label_shift,multi_objective_dp_shift_atcp,0.8,0.75,0.8,0.8020833333333334,0.744,0.9104477611940298,0.16644776119402982,1.2135416666666667,0.75,0.21354166666666666,1.6059216417910447,0.00015205399625813483,0.8072916666666666,0.768,0.8805970149253731,0.1125970149253731,1.2083333333333333,0.20833333333333334,0.7760416666666666
Pima,model_b_routine_clinical,CatBoost,label_shift_adjusted,label_shift,dp_shift_atcp,0.85,0.7999999999999999,0.85,0.859375,0.832,0.9104477611940298,0.07844776119402985,1.3125,0.890625,0.3125,1.6598591417910449,0.00015205399625813483,0.8411458333333334,0.808,0.9029850746268657,0.09498507462686567,1.296875,0.296875,0.8880208333333334
Pima,model_b_routine_clinical,CatBoost,label_shift_adjusted,label_shift,multi_objective_dp_shift_atcp,0.85,0.7999999999999999,0.85,0.859375,0.832,0.9104477611940298,0.07844776119402985,1.3125,0.890625,0.3125,1.6598591417910449,0.00015205399625813483,0.8411458333333334,0.808,0.9029850746268657,0.09498507462686567,1.296875,0.296875,0.8880208333333334
Pima,model_b_routine_clinical,CatBoost,label_shift_adjusted,label_shift,dp_shift_atcp,0.9,0.87,0.9,0.9010416666666666,0.888,0.9253731343283582,0.037373134328358204,1.421875,1.046875,0.421875,1.7222055348258702,0.00015205399625813483,0.875,0.844,0.9328358208955224,0.08883582089552244,1.4375,0.4375,1.09375
Pima,model_b_routine_clinical,CatBoost,label_shift_adjusted,label_shift,multi_objective_dp_shift_atcp,0.9,0.87,0.9,0.9010416666666666,0.888,0.9253731343283582,0.037373134328358204,1.421875,1.046875,0.421875,1.7222055348258702,0.00015205399625813483,0.875,0.844,0.9328358208955224,0.08883582089552244,1.4375,0.4375,1.09375
Pima,model_b_routine_clinical,CatBoost,label_shift_adjusted,label_shift,dp_shift_atcp,0.92,0.89,0.92,0.90625,0.896,0.9253731343283582,0.029373134328358197,1.4375,1.0729166666666667,0.4375,1.7992680348258712,0.00015205399625813483,0.8880208333333334,0.852,0.9552238805970149,0.10322388059701493,1.4895833333333333,0.4895833333333333,1.1536458333333333
Pima,model_b_routine_clinical,CatBoost,label_shift_adjusted,label_shift,multi_objective_dp_shift_atcp,0.92,0.89,0.92,0.90625,0.896,0.9253731343283582,0.029373134328358197,1.4375,1.0729166666666667,0.4375,1.7992680348258712,0.00015205399625813483,0.953125,1.0,0.8656716417910447,0.13432835820895528,1.5807291666666667,0.5807291666666666,1.3958333333333333
Pima,model_b_routine_clinical,CatBoost,label_shift_adjusted,label_shift,dp_shift_atcp,0.95,0.94,0.95,0.953125,0.952,0.9552238805970149,0.0032238805970149498,1.5729166666666667,1.2552083333333333,0.5729166666666666,1.9063983208955229,0.00015205399625813483,0.9296875,0.912,0.9626865671641791,0.050686567164179075,1.5807291666666667,0.5807291666666666,1.2838541666666667
Pima,model_b_routine_clinical,CatBoost,label_shift_adjusted,label_shift,multi_objective_dp_shift_atcp,0.95,0.94,0.95,0.953125,0.952,0.9552238805970149,0.0032238805970149498,1.5729166666666667,1.2552083333333333,0.5729166666666666,1.9063983208955229,0.00015205399625813483,0.9296875,0.912,0.9626865671641791,0.050686567164179075,1.5807291666666667,0.5807291666666666,1.2838541666666667
Pima,model_b_routine_clinical,CatBoost,fixed_recalibration_source_selected,temperature,dp_shift_atcp,0.8,0.75,0.8,0.8020833333333334,0.744,0.9104477611940298,0.16644776119402982,1.2135416666666667,0.75,0.21354166666666666,1.6059216417910447,0.00015205399625813483,0.8072916666666666,0.768,0.8805970149253731,0.1125970149253731,1.2083333333333333,0.20833333333333334,0.7760416666666666
Pima,model_b_routine_clinical,CatBoost,fixed_recalibration_source_selected,temperature,multi_objective_dp_shift_atcp,0.8,0.75,0.8,0.8020833333333334,0.744,0.9104477611940298,0.16644776119402982,1.2135416666666667,0.75,0.21354166666666666,1.6059216417910447,0.00015205399625813483,0.8072916666666666,0.768,0.8805970149253731,0.1125970149253731,1.2083333333333333,0.20833333333333334,0.7760416666666666
Pima,model_b_routine_clinical,CatBoost,fixed_recalibration_source_selected,temperature,dp_shift_atcp,0.85,0.7999999999999999,0.85,0.859375,0.832,0.9104477611940298,0.07844776119402985,1.3125,0.890625,0.3125,1.6598591417910449,0.00015205399625813483,0.8411458333333334,0.808,0.9029850746268657,0.09498507462686567,1.296875,0.296875,0.8880208333333334
Pima,model_b_routine_clinical,CatBoost,fixed_recalibration_source_selected,temperature,multi_objective_dp_shift_atcp,0.85,0.7999999999999999,0.85,0.859375,0.832,0.9104477611940298,0.07844776119402985,1.3125,0.890625,0.3125,1.6598591417910449,0.00015205399625813483,0.8411458333333334,0.808,0.9029850746268657,0.09498507462686567,1.296875,0.296875,0.8880208333333334
Pima,model_b_routine_clinical,CatBoost,fixed_recalibration_source_selected,temperature,dp_shift_atcp,0.9,0.87,0.9,0.9010416666666666,0.888,0.9253731343283582,0.037373134328358204,1.421875,1.046875,0.421875,1.7222055348258702,0.00015205399625813483,0.875,0.844,0.9328358208955224,0.08883582089552244,1.4375,0.4375,1.09375
Pima,model_b_routine_clinical,CatBoost,fixed_recalibration_source_selected,temperature,multi_objective_dp_shift_atcp,0.9,0.87,0.9,0.9010416666666666,0.888,0.9253731343283582,0.037373134328358204,1.421875,1.046875,0.421875,1.7222055348258702,0.00015205399625813483,0.875,0.844,0.9328358208955224,0.08883582089552244,1.4375,0.4375,1.09375
Pima,model_b_routine_clinical,CatBoost,fixed_recalibration_source_selected,temperature,dp_shift_atcp,0.92,0.89,0.92,0.90625,0.896,0.9253731343283582,0.029373134328358197,1.4375,1.0729166666666667,0.4375,1.7992680348258712,0.00015205399625813483,0.8880208333333334,0.852,0.9552238805970149,0.10322388059701493,1.4895833333333333,0.4895833333333333,1.1536458333333333
Pima,model_b_routine_clinical,CatBoost,fixed_recalibration_source_selected,temperature,multi_objective_dp_shift_atcp,0.92,0.89,0.92,0.90625,0.896,0.9253731343283582,0.029373134328358197,1.4375,1.0729166666666667,0.4375,1.7992680348258712,0.00015205399625813483,0.953125,1.0,0.8656716417910447,0.13432835820895528,1.5807291666666667,0.5807291666666666,1.3958333333333333
Pima,model_b_routine_clinical,CatBoost,fixed_recalibration_source_selected,temperature,dp_shift_atcp,0.95,0.94,0.95,0.953125,0.952,0.9552238805970149,0.0032238805970149498,1.5729166666666667,1.2552083333333333,0.5729166666666666,1.9063983208955229,0.00015205399625813483,0.9296875,0.912,0.9626865671641791,0.050686567164179075,1.5807291666666667,0.5807291666666666,1.2838541666666667
Pima,model_b_routine_clinical,CatBoost,fixed_recalibration_source_selected,temperature,multi_objective_dp_shift_atcp,0.95,0.94,0.95,0.953125,0.952,0.9552238805970149,0.0032238805970149498,1.5729166666666667,1.2552083333333333,0.5729166666666666,1.9063983208955229,0.00015205399625813483,0.9296875,0.912,0.9626865671641791,0.050686567164179075,1.5807291666666667,0.5807291666666666,1.2838541666666667
Pima,model_b_routine_clinical,CatBoost,adaptive_calibration_target_selected,platt,dp_shift_atcp,0.8,0.75,0.8,0.8020833333333334,0.744,0.9104477611940298,0.16644776119402982,1.2135416666666667,0.75,0.21354166666666666,1.6059216417910447,0.00015205399625813483,0.8072916666666666,0.768,0.8805970149253731,0.1125970149253731,1.2083333333333333,0.20833333333333334,0.7760416666666666
Pima,model_b_routine_clinical,CatBoost,adaptive_calibration_target_selected,platt,multi_objective_dp_shift_atcp,0.8,0.75,0.8,0.8020833333333334,0.744,0.9104477611940298,0.16644776119402982,1.2135416666666667,0.75,0.21354166666666666,1.6059216417910447,0.00015205399625813483,0.8072916666666666,0.768,0.8805970149253731,0.1125970149253731,1.2083333333333333,0.20833333333333334,0.7760416666666666
Pima,model_b_routine_clinical,CatBoost,adaptive_calibration_target_selected,platt,dp_shift_atcp,0.85,0.7999999999999999,0.85,0.859375,0.832,0.9104477611940298,0.07844776119402985,1.3125,0.890625,0.3125,1.6598591417910449,0.00015205399625813483,0.8411458333333334,0.808,0.9029850746268657,0.09498507462686567,1.296875,0.296875,0.8880208333333334
Pima,model_b_routine_clinical,CatBoost,adaptive_calibration_target_selected,platt,multi_objective_dp_shift_atcp,0.85,0.7999999999999999,0.85,0.859375,0.832,0.9104477611940298,0.07844776119402985,1.3125,0.890625,0.3125,1.6598591417910449,0.00015205399625813483,0.8411458333333334,0.808,0.9029850746268657,0.09498507462686567,1.296875,0.296875,0.8880208333333334
Pima,model_b_routine_clinical,CatBoost,adaptive_calibration_target_selected,platt,dp_shift_atcp,0.9,0.87,0.9,0.9010416666666666,0.888,0.9253731343283582,0.037373134328358204,1.421875,1.046875,0.421875,1.7222055348258702,0.00015205399625813483,0.875,0.844,0.9328358208955224,0.08883582089552244,1.4375,0.4375,1.09375
Pima,model_b_routine_clinical,CatBoost,adaptive_calibration_target_selected,platt,multi_objective_dp_shift_atcp,0.9,0.87,0.9,0.9010416666666666,0.888,0.9253731343283582,0.037373134328358204,1.421875,1.046875,0.421875,1.7222055348258702,0.00015205399625813483,0.875,0.844,0.9328358208955224,0.08883582089552244,1.4375,0.4375,1.09375
Pima,model_b_routine_clinical,CatBoost,adaptive_calibration_target_selected,platt,dp_shift_atcp,0.92,0.89,0.92,0.90625,0.896,0.9253731343283582,0.029373134328358197,1.4375,1.0729166666666667,0.4375,1.7992680348258712,0.00015205399625813483,0.8880208333333334,0.852,0.9552238805970149,0.10322388059701493,1.4895833333333333,0.4895833333333333,1.1536458333333333
Pima,model_b_routine_clinical,CatBoost,adaptive_calibration_target_selected,platt,multi_objective_dp_shift_atcp,0.92,0.89,0.92,0.90625,0.896,0.9253731343283582,0.029373134328358197,1.4375,1.0729166666666667,0.4375,1.7992680348258712,0.00015205399625813483,0.9453125,0.984,0.8731343283582089,0.11086567164179106,1.5755208333333333,0.5755208333333334,1.3828125
Pima,model_b_routine_clinical,CatBoost,adaptive_calibration_target_selected,platt,dp_shift_atcp,0.95,0.94,0.95,0.953125,0.952,0.9552238805970149,0.0032238805970149498,1.5729166666666667,1.2552083333333333,0.5729166666666666,1.9063983208955229,0.00015205399625813483,0.9296875,0.912,0.9626865671641791,0.050686567164179075,1.5807291666666667,0.5807291666666666,1.2838541666666667
Pima,model_b_routine_clinical,CatBoost,adaptive_calibration_target_selected,platt,multi_objective_dp_shift_atcp,0.95,0.94,0.95,0.953125,0.952,0.9552238805970149,0.0032238805970149498,1.5729166666666667,1.2552083333333333,0.5729166666666666,1.9063983208955229,0.00015205399625813483,0.9296875,0.912,0.9626865671641791,0.050686567164179075,1.5807291666666667,0.5807291666666666,1.2838541666666667
NHANES,model_c_extended_transport,Logistic Regression,naive_transfer,uncalibrated,dp_shift_atcp,0.8,0.75,0.8,0.8027923211169284,0.788135593220339,0.8712871287128713,0.08315153549253229,0.8917975567190227,0.44851657940663175,0.1082024432809773,1.0763852439019745,0.0002517826567650061,0.7722513089005235,0.7627118644067796,0.8168316831683168,0.05411981876153715,0.8481675392670157,0.1518324607329843,0.5663176265270506
NHANES,model_c_extended_transport,Logistic Regression,naive_transfer,uncalibrated,multi_objective_dp_shift_atcp,0.8,0.75,0.8,0.8027923211169284,0.788135593220339,0.8712871287128713,0.08315153549253229,0.8917975567190227,0.44851657940663175,0.1082024432809773,1.0763852439019745,0.0002517826567650061,0.7722513089005235,0.7627118644067796,0.8168316831683168,0.05411981876153715,0.8481675392670157,0.1518324607329843,0.5663176265270506
NHANES,model_c_extended_transport,Logistic Regression,naive_transfer,uncalibrated,dp_shift_atcp,0.85,0.82,0.85,0.8516579406631762,0.8347457627118644,0.9306930693069307,0.09594730659506634,0.9598603839441536,0.26352530541012215,0.04013961605584642,1.0518616230688649,0.0002517826567650061,0.8315881326352531,0.8294491525423728,0.8415841584158416,0.012135005873468718,0.931064572425829,0.06893542757417102,0.36910994764397903
NHANES,model_c_extended_transport,Logistic Regression,naive_transfer,uncalibrated,multi_objective_dp_shift_atcp,0.85,0.82,0.85,0.8516579406631762,0.8347457627118644,0.9306930693069307,0.09594730659506634,0.9598603839441536,0.26352530541012215,0.04013961605584642,1.0518616230688649,0.0002517826567650061,0.8315881326352531,0.8294491525423728,0.8415841584158416,0.012135005873468718,0.931064572425829,0.06893542757417102,0.36910994764397903
NHANES,model_c_extended_transport,Logistic Regression,naive_transfer,uncalibrated,dp_shift_atcp,0.9,0.88,0.9,0.900523560209424,0.8898305084745762,0.9504950495049505,0.06066454103037422,1.1204188481675392,0.37521815008726006,0.12041884816753927,1.1775587661703428,0.0002517826567650061,0.8839441535776614,0.8877118644067796,0.8663366336633663,0.021375230743413298,1.0218150087260034,0.02181500872600349,0.25392670157068065
NHANES,model_c_extended_transport,Logistic Regression,naive_transfer,uncalibrated,multi_objective_dp_shift_atcp,0.9,0.88,0.9,0.900523560209424,0.8898305084745762,0.9504950495049505,0.06066454103037422,1.1204188481675392,0.37521815008726006,0.12041884816753927,1.1775587661703428,0.0002517826567650061,0.8839441535776614,0.8877118644067796,0.8663366336633663,0.021375230743413298,1.0218150087260034,0.02181500872600349,0.25392670157068065
NHANES,model_c_extended_transport,Logistic Regression,naive_transfer,uncalibrated,dp_shift_atcp,0.92,0.91,0.92,0.924956369982548,0.9152542372881356,0.9702970297029703,0.055042792414834674,1.2216404886561956,0.5392670157068062,0.22164048865619546,1.3542919373133517,0.0002517826567650061,0.9171029668411868,0.909957627118644,0.9504950495049505,0.04053742238630642,1.1343804537521816,0.1343804537521815,0.3865619546247818
NHANES,model_c_extended_transport,Logistic Regression,naive_transfer,uncalibrated,multi_objective_dp_shift_atcp,0.92,0.91,0.92,0.924956369982548,0.9152542372881356,0.9702970297029703,0.055042792414834674,1.2216404886561956,0.5392670157068062,0.22164048865619546,1.3542919373133517,0.0002517826567650061,0.9171029668411868,0.909957627118644,0.9504950495049505,0.04053742238630642,1.1343804537521816,0.1343804537521815,0.3865619546247818
NHANES,model_c_extended_transport,Logistic Regression,naive_transfer,uncalibrated,dp_shift_atcp,0.95,0.94,0.95,0.9511343804537522,0.9427966101694916,0.9900990099009901,0.04730239973149852,1.406631762652705,0.8691099476439791,0.40663176265270506,1.6364858858101625,0.0002517826567650061,0.9485165794066318,0.9438559322033898,0.9702970297029703,0.026441097499580457,1.2993019197207678,0.29930191972076786,0.6710296684118674
NHANES,model_c_extended_transport,Logistic Regression,naive_transfer,uncalibrated,multi_objective_dp_shift_atcp,0.95,0.94,0.95,0.9511343804537522,0.9427966101694916,0.9900990099009901,0.04730239973149852,1.406631762652705,0.8691099476439791,0.40663176265270506,1.6364858858101625,0.0002517826567650061,0.9485165794066318,0.9438559322033898,0.9702970297029703,0.026441097499580457,1.2993019197207678,0.29930191972076786,0.6710296684118674
NHANES,model_c_extended_transport,Logistic Regression,label_shift_adjusted,label_shift,dp_shift_atcp,0.8,0.75,0.8,0.8027923211169284,0.788135593220339,0.8712871287128713,0.08315153549253229,0.8917975567190227,0.44851657940663175,0.1082024432809773,1.0763852439019745,0.0002517826567650061,0.7722513089005235,0.7627118644067796,0.8168316831683168,0.05411981876153715,0.8481675392670157,0.1518324607329843,0.5663176265270506
NHANES,model_c_extended_transport,Logistic Regression,label_shift_adjusted,label_shift,multi_objective_dp_shift_atcp,0.8,0.75,0.8,0.8027923211169284,0.788135593220339,0.8712871287128713,0.08315153549253229,0.8917975567190227,0.44851657940663175,0.1082024432809773,1.0763852439019745,0.0002517826567650061,0.7722513089005235,0.7627118644067796,0.8168316831683168,0.05411981876153715,0.8481675392670157,0.1518324607329843,0.5663176265270506
NHANES,model_c_extended_transport,Logistic Regression,label_shift_adjusted,label_shift,dp_shift_atcp,0.85,0.82,0.85,0.8516579406631762,0.8347457627118644,0.9306930693069307,0.09594730659506634,0.9598603839441536,0.26352530541012215,0.04013961605584642,1.0518616230688649,0.0002517826567650061,0.8315881326352531,0.8294491525423728,0.8415841584158416,0.012135005873468718,0.931064572425829,0.06893542757417102,0.36910994764397903
NHANES,model_c_extended_transport,Logistic Regression,label_shift_adjusted,label_shift,multi_objective_dp_shift_atcp,0.85,0.82,0.85,0.8516579406631762,0.8347457627118644,0.9306930693069307,0.09594730659506634,0.9598603839441536,0.26352530541012215,0.04013961605584642,1.0518616230688649,0.0002517826567650061,0.8315881326352531,0.8294491525423728,0.8415841584158416,0.012135005873468718,0.931064572425829,0.06893542757417102,0.36910994764397903
NHANES,model_c_extended_transport,Logistic Regression,label_shift_adjusted,label_shift,dp_shift_atcp,0.9,0.88,0.9,0.900523560209424,0.8898305084745762,0.9504950495049505,0.06066454103037422,1.1204188481675392,0.37521815008726006,0.12041884816753927,1.1775587661703428,0.0002517826567650061,0.8839441535776614,0.8877118644067796,0.8663366336633663,0.021375230743413298,1.0218150087260034,0.02181500872600349,0.25392670157068065
NHANES,model_c_extended_transport,Logistic Regression,label_shift_adjusted,label_shift,multi_objective_dp_shift_atcp,0.9,0.88,0.9,0.900523560209424,0.8898305084745762,0.9504950495049505,0.06066454103037422,1.1204188481675392,0.37521815008726006,0.12041884816753927,1.1775587661703428,0.0002517826567650061,0.8839441535776614,0.8877118644067796,0.8663366336633663,0.021375230743413298,1.0218150087260034,0.02181500872600349,0.25392670157068065
NHANES,model_c_extended_transport,Logistic Regression,label_shift_adjusted,label_shift,dp_shift_atcp,0.92,0.91,0.92,0.924956369982548,0.9152542372881356,0.9702970297029703,0.055042792414834674,1.2216404886561956,0.5392670157068062,0.22164048865619546,1.3542919373133517,0.0002517826567650061,0.9171029668411868,0.909957627118644,0.9504950495049505,0.04053742238630642,1.1343804537521816,0.1343804537521815,0.3865619546247818
NHANES,model_c_extended_transport,Logistic Regression,label_shift_adjusted,label_shift,multi_objective_dp_shift_atcp,0.92,0.91,0.92,0.924956369982548,0.9152542372881356,0.9702970297029703,0.055042792414834674,1.2216404886561956,0.5392670157068062,0.22164048865619546,1.3542919373133517,0.0002517826567650061,0.9171029668411868,0.909957627118644,0.9504950495049505,0.04053742238630642,1.1343804537521816,0.1343804537521815,0.3865619546247818
NHANES,model_c_extended_transport,Logistic Regression,label_shift_adjusted,label_shift,dp_shift_atcp,0.95,0.94,0.95,0.9511343804537522,0.9427966101694916,0.9900990099009901,0.04730239973149852,1.406631762652705,0.8691099476439791,0.40663176265270506,1.6364858858101625,0.0002517826567650061,0.9485165794066318,0.9438559322033898,0.9702970297029703,0.026441097499580457,1.2993019197207678,0.29930191972076786,0.6710296684118674
NHANES,model_c_extended_transport,Logistic Regression,label_shift_adjusted,label_shift,multi_objective_dp_shift_atcp,0.95,0.94,0.95,0.9511343804537522,0.9427966101694916,0.9900990099009901,0.04730239973149852,1.406631762652705,0.8691099476439791,0.40663176265270506,1.6364858858101625,0.0002517826567650061,0.9485165794066318,0.9438559322033898,0.9702970297029703,0.026441097499580457,1.2993019197207678,0.29930191972076786,0.6710296684118674
NHANES,model_c_extended_transport,Logistic Regression,fixed_recalibration_source_selected,beta,dp_shift_atcp,0.8,0.75,0.8,0.8027923211169284,0.788135593220339,0.8712871287128713,0.08315153549253229,0.8917975567190227,0.44851657940663175,0.1082024432809773,1.0763852439019745,0.0002517826567650061,0.7722513089005235,0.7627118644067796,0.8168316831683168,0.05411981876153715,0.8481675392670157,0.1518324607329843,0.5663176265270506
NHANES,model_c_extended_transport,Logistic Regression,fixed_recalibration_source_selected,beta,multi_objective_dp_shift_atcp,0.8,0.75,0.8,0.8027923211169284,0.788135593220339,0.8712871287128713,0.08315153549253229,0.8917975567190227,0.44851657940663175,0.1082024432809773,1.0763852439019745,0.0002517826567650061,0.7722513089005235,0.7627118644067796,0.8168316831683168,0.05411981876153715,0.8481675392670157,0.1518324607329843,0.5663176265270506
NHANES,model_c_extended_transport,Logistic Regression,fixed_recalibration_source_selected,beta,dp_shift_atcp,0.85,0.82,0.85,0.8516579406631762,0.8347457627118644,0.9306930693069307,0.09594730659506634,0.9598603839441536,0.26352530541012215,0.04013961605584642,1.0518616230688649,0.0002517826567650061,0.8315881326352531,0.8294491525423728,0.8415841584158416,0.012135005873468718,0.931064572425829,0.06893542757417102,0.36910994764397903
NHANES,model_c_extended_transport,Logistic Regression,fixed_recalibration_source_selected,beta,multi_objective_dp_shift_atcp,0.85,0.82,0.85,0.8516579406631762,0.8347457627118644,0.9306930693069307,0.09594730659506634,0.9598603839441536,0.26352530541012215,0.04013961605584642,1.0518616230688649,0.0002517826567650061,0.8315881326352531,0.8294491525423728,0.8415841584158416,0.012135005873468718,0.931064572425829,0.06893542757417102,0.36910994764397903
NHANES,model_c_extended_transport,Logistic Regression,fixed_recalibration_source_selected,beta,dp_shift_atcp,0.9,0.88,0.9,0.900523560209424,0.8898305084745762,0.9504950495049505,0.06066454103037422,1.1204188481675392,0.37521815008726006,0.12041884816753927,1.1775587661703428,0.0002517826567650061,0.8839441535776614,0.8877118644067796,0.8663366336633663,0.021375230743413298,1.0218150087260034,0.02181500872600349,0.25392670157068065
NHANES,model_c_extended_transport,Logistic Regression,fixed_recalibration_source_selected,beta,multi_objective_dp_shift_atcp,0.9,0.88,0.9,0.900523560209424,0.8898305084745762,0.9504950495049505,0.06066454103037422,1.1204188481675392,0.37521815008726006,0.12041884816753927,1.1775587661703428,0.0002517826567650061,0.8839441535776614,0.8877118644067796,0.8663366336633663,0.021375230743413298,1.0218150087260034,0.02181500872600349,0.25392670157068065
NHANES,model_c_extended_transport,Logistic Regression,fixed_recalibration_source_selected,beta,dp_shift_atcp,0.92,0.91,0.92,0.924956369982548,0.9152542372881356,0.9702970297029703,0.055042792414834674,1.2216404886561956,0.5392670157068062,0.22164048865619546,1.3542919373133517,0.0002517826567650061,0.9171029668411868,0.909957627118644,0.9504950495049505,0.04053742238630642,1.1343804537521816,0.1343804537521815,0.3865619546247818
NHANES,model_c_extended_transport,Logistic Regression,fixed_recalibration_source_selected,beta,multi_objective_dp_shift_atcp,0.92,0.91,0.92,0.924956369982548,0.9152542372881356,0.9702970297029703,0.055042792414834674,1.2216404886561956,0.5392670157068062,0.22164048865619546,1.3542919373133517,0.0002517826567650061,0.9171029668411868,0.909957627118644,0.9504950495049505,0.04053742238630642,1.1343804537521816,0.1343804537521815,0.3865619546247818
NHANES,model_c_extended_transport,Logistic Regression,fixed_recalibration_source_selected,beta,dp_shift_atcp,0.95,0.94,0.95,0.9511343804537522,0.9427966101694916,0.9900990099009901,0.04730239973149852,1.406631762652705,0.8691099476439791,0.40663176265270506,1.6364858858101625,0.0002517826567650061,0.9485165794066318,0.9438559322033898,0.9702970297029703,0.026441097499580457,1.2993019197207678,0.29930191972076786,0.6710296684118674
NHANES,model_c_extended_transport,Logistic Regression,fixed_recalibration_source_selected,beta,multi_objective_dp_shift_atcp,0.95,0.94,0.95,0.9511343804537522,0.9427966101694916,0.9900990099009901,0.04730239973149852,1.406631762652705,0.8691099476439791,0.40663176265270506,1.6364858858101625,0.0002517826567650061,0.9485165794066318,0.9438559322033898,0.9702970297029703,0.026441097499580457,1.2993019197207678,0.29930191972076786,0.6710296684118674
NHANES,model_c_extended_transport,Logistic Regression,adaptive_calibration_target_selected,isotonic,dp_shift_atcp,0.8,0.75,0.8,0.8324607329842932,0.8220338983050848,0.8811881188118812,0.05915422050679642,0.9214659685863874,0.35951134380453753,0.07853403141361257,1.1679634424530394,0.0002517826567650061,0.8272251308900523,0.8241525423728814,0.8415841584158416,0.017431616042960174,0.9205933682373473,0.07940663176265271,0.387434554973822
NHANES,model_c_extended_transport,Logistic Regression,adaptive_calibration_target_selected,isotonic,multi_objective_dp_shift_atcp,0.8,0.75,0.8,0.8324607329842932,0.8220338983050848,0.8811881188118812,0.05915422050679642,0.9214659685863874,0.35951134380453753,0.07853403141361257,1.1679634424530394,0.0002517826567650061,0.8272251308900523,0.8241525423728814,0.8415841584158416,0.017431616042960174,0.9205933682373473,0.07940663176265271,0.387434554973822
NHANES,model_c_extended_transport,Logistic Regression,adaptive_calibration_target_selected,isotonic,dp_shift_atcp,0.85,0.7999999999999999,0.85,0.8411867364746946,0.8220338983050848,0.9306930693069307,0.10865917100184597,0.956369982547993,0.28097731239092494,0.04363001745200698,1.112639716363153,0.0002517826567650061,0.8307155322862129,0.8241525423728814,0.8613861386138614,0.037233596240979994,0.9493891797556719,0.0506108202443281,0.3263525305410122
NHANES,model_c_extended_transport,Logistic Regression,adaptive_calibration_target_selected,isotonic,multi_objective_dp_shift_atcp,0.85,0.7999999999999999,0.85,0.8411867364746946,0.8220338983050848,0.9306930693069307,0.10865917100184597,0.956369982547993,0.28097731239092494,0.04363001745200698,1.112639716363153,0.0002517826567650061,0.8516579406631762,0.9247881355932204,0.5099009900990099,0.41488714549421046,0.900523560209424,0.09947643979057591,0.4869109947643979
NHANES,model_c_extended_transport,Logistic Regression,adaptive_calibration_target_selected,isotonic,dp_shift_atcp,0.9,0.87,0.9,0.9075043630017452,0.8898305084745762,0.9900990099009901,0.10026850142641386,1.3944153577661431,0.8883071553228621,0.3944153577661431,1.747610431022692,0.0002517826567650061,0.8717277486910995,0.8728813559322034,0.8663366336633663,0.0065447222688370665,1.0087260034904013,0.008726003490401396,0.2399650959860384
NHANES,model_c_extended_transport,Logistic Regression,adaptive_calibration_target_selected,isotonic,multi_objective_dp_shift_atcp,0.9,0.87,0.9,0.9075043630017452,0.8898305084745762,0.9900990099009901,0.10026850142641386,1.3944153577661431,0.8883071553228621,0.3944153577661431,1.747610431022692,0.0002517826567650061,0.8717277486910995,0.8728813559322034,0.8663366336633663,0.0065447222688370665,1.0087260034904013,0.008726003490401396,0.2399650959860384
NHANES,model_c_extended_transport,Logistic Regression,adaptive_calibration_target_selected,isotonic,dp_shift_atcp,0.92,0.89,0.92,0.9144851657940664,0.8983050847457628,0.9900990099009901,0.09179392515522733,1.4031413612565444,0.8987783595113438,0.4031413612565445,1.737167327523417,0.0002517826567650061,0.9118673647469459,0.9014830508474576,0.9603960396039604,0.05891298875650275,1.1797556719022688,0.17975567190226877,0.4755671902268761
NHANES,model_c_extended_transport,Logistic Regression,adaptive_calibration_target_selected,isotonic,multi_objective_dp_shift_atcp,0.92,0.89,0.92,0.9144851657940664,0.8983050847457628,0.9900990099009901,0.09179392515522733,1.4031413612565444,0.8987783595113438,0.4031413612565445,1.737167327523417,0.0002517826567650061,0.9205933682373473,0.9682203389830508,0.698019801980198,0.27020053700285285,1.0218150087260034,0.02181500872600349,0.33595113438045376
NHANES,model_c_extended_transport,Logistic Regression,adaptive_calibration_target_selected,isotonic,dp_shift_atcp,0.95,0.8999999999999999,0.95,0.9581151832460733,0.951271186440678,0.9900990099009901,0.038827823460312105,1.4764397905759161,1.0017452006980803,0.47643979057591623,1.7808420842306076,0.0002517826567650061,0.9162303664921466,0.9014830508474576,0.9851485148514851,0.08366546400402752,1.4031413612565444,0.4031413612565445,0.900523560209424
NHANES,model_c_extended_transport,Logistic Regression,adaptive_calibration_target_selected,isotonic,multi_objective_dp_shift_atcp,0.95,0.8999999999999999,0.95,0.9581151832460733,0.951271186440678,0.9900990099009901,0.038827823460312105,1.4764397905759161,1.0017452006980803,0.47643979057591623,1.7808420842306076,0.0002517826567650061,0.9162303664921466,0.9014830508474576,0.9851485148514851,0.08366546400402752,1.4031413612565444,0.4031413612565445,0.900523560209424
Pima,model_c_extended_transport,Logistic Regression,naive_transfer,uncalibrated,dp_shift_atcp,0.8,0.75,0.8,0.828125,0.808,0.8656716417910447,0.05767164179104467,1.1770833333333333,0.7135416666666666,0.17708333333333334,1.5255699626865666,0.00015205399625813483,0.75,0.716,0.8134328358208955,0.09743283582089557,1.0520833333333333,0.052083333333333336,0.6145833333333334
Pima,model_c_extended_transport,Logistic Regression,naive_transfer,uncalibrated,multi_objective_dp_shift_atcp,0.8,0.75,0.8,0.828125,0.808,0.8656716417910447,0.05767164179104467,1.1770833333333333,0.7135416666666666,0.17708333333333334,1.5255699626865666,0.00015205399625813483,0.75,0.716,0.8134328358208955,0.09743283582089557,1.0520833333333333,0.052083333333333336,0.6145833333333334
Pima,model_c_extended_transport,Logistic Regression,naive_transfer,uncalibrated,dp_shift_atcp,0.85,0.7999999999999999,0.85,0.859375,0.824,0.9253731343283582,0.10137313432835826,1.25,0.7447916666666666,0.25,1.5713305348258708,0.00015205399625813483,0.8072916666666666,0.756,0.9029850746268657,0.14698507462686572,1.2291666666666667,0.22916666666666666,0.7864583333333334
Pima,model_c_extended_transport,Logistic Regression,naive_transfer,uncalibrated,multi_objective_dp_shift_atcp,0.85,0.7999999999999999,0.85,0.859375,0.824,0.9253731343283582,0.10137313432835826,1.25,0.7447916666666666,0.25,1.5713305348258708,0.00015205399625813483,0.8072916666666666,0.756,0.9029850746268657,0.14698507462686572,1.2291666666666667,0.22916666666666666,0.7864583333333334
Pima,model_c_extended_transport,Logistic Regression,naive_transfer,uncalibrated,dp_shift_atcp,0.9,0.85,0.9,0.90625,0.888,0.9402985074626866,0.052298507462686605,1.359375,0.8958333333333334,0.359375,1.6451144278606966,0.00015205399625813483,0.8411458333333334,0.792,0.9328358208955224,0.14083582089552238,1.3072916666666667,0.3072916666666667,0.8671875
Pima,model_c_extended_transport,Logistic Regression,naive_transfer,uncalibrated,multi_objective_dp_shift_atcp,0.9,0.85,0.9,0.90625,0.888,0.9402985074626866,0.052298507462686605,1.359375,0.8958333333333334,0.359375,1.6451144278606966,0.00015205399625813483,0.8411458333333334,0.792,0.9328358208955224,0.14083582089552238,1.3072916666666667,0.3072916666666667,0.8671875
Pima,model_c_extended_transport,Logistic Regression,naive_transfer,uncalibrated,dp_shift_atcp,0.92,0.87,0.92,0.9166666666666666,0.904,0.9402985074626866,0.03629850746268659,1.375,0.9166666666666666,0.375,1.6294477611940303,0.00015205399625813483,0.8723958333333334,0.824,0.9626865671641791,0.13868656716417915,1.3854166666666667,0.3854166666666667,0.9505208333333334
Pima,model_c_extended_transport,Logistic Regression,naive_transfer,uncalibrated,multi_objective_dp_shift_atcp,0.92,0.87,0.92,0.9166666666666666,0.904,0.9402985074626866,0.03629850746268659,1.375,0.9166666666666666,0.375,1.6294477611940303,0.00015205399625813483,0.9192708333333334,0.984,0.7985074626865671,0.18549253731343285,1.4348958333333333,0.4348958333333333,1.2317708333333333
Pima,model_c_extended_transport,Logistic Regression,naive_transfer,uncalibrated,dp_shift_atcp,0.95,0.9199999999999999,0.95,0.9479166666666666,0.944,0.9552238805970149,0.011223880597014957,1.46875,1.0520833333333333,0.46875,1.728294154228856,0.00015205399625813483,0.9166666666666666,0.884,0.9776119402985075,0.0936119402985075,1.5,0.5,1.1145833333333333
Pima,model_c_extended_transport,Logistic Regression,naive_transfer,uncalibrated,multi_objective_dp_shift_atcp,0.95,0.9199999999999999,0.95,0.9479166666666666,0.944,0.9552238805970149,0.011223880597014957,1.46875,1.0520833333333333,0.46875,1.728294154228856,0.00015205399625813483,0.9609375,0.988,0.9104477611940298,0.07755223880597018,1.6197916666666667,0.6197916666666666,1.4036458333333333
Pima,model_c_extended_transport,Logistic Regression,label_shift_adjusted,label_shift,dp_shift_atcp,0.8,0.75,0.8,0.828125,0.808,0.8656716417910447,0.05767164179104467,1.1770833333333333,0.7135416666666666,0.17708333333333334,1.5255699626865666,0.00015205399625813483,0.75,0.716,0.8134328358208955,0.09743283582089557,1.0520833333333333,0.052083333333333336,0.6145833333333334
Pima,model_c_extended_transport,Logistic Regression,label_shift_adjusted,label_shift,multi_objective_dp_shift_atcp,0.8,0.75,0.8,0.828125,0.808,0.8656716417910447,0.05767164179104467,1.1770833333333333,0.7135416666666666,0.17708333333333334,1.5255699626865666,0.00015205399625813483,0.75,0.716,0.8134328358208955,0.09743283582089557,1.0520833333333333,0.052083333333333336,0.6145833333333334
Pima,model_c_extended_transport,Logistic Regression,label_shift_adjusted,label_shift,dp_shift_atcp,0.85,0.7999999999999999,0.85,0.859375,0.824,0.9253731343283582,0.10137313432835826,1.25,0.7447916666666666,0.25,1.5713305348258708,0.00015205399625813483,0.8072916666666666,0.756,0.9029850746268657,0.14698507462686572,1.2291666666666667,0.22916666666666666,0.7864583333333334
Pima,model_c_extended_transport,Logistic Regression,label_shift_adjusted,label_shift,multi_objective_dp_shift_atcp,0.85,0.7999999999999999,0.85,0.859375,0.824,0.9253731343283582,0.10137313432835826,1.25,0.7447916666666666,0.25,1.5713305348258708,0.00015205399625813483,0.8072916666666666,0.756,0.9029850746268657,0.14698507462686572,1.2291666666666667,0.22916666666666666,0.7864583333333334
Pima,model_c_extended_transport,Logistic Regression,label_shift_adjusted,label_shift,dp_shift_atcp,0.9,0.85,0.9,0.90625,0.888,0.9402985074626866,0.052298507462686605,1.359375,0.8958333333333334,0.359375,1.6451144278606966,0.00015205399625813483,0.8411458333333334,0.792,0.9328358208955224,0.14083582089552238,1.3072916666666667,0.3072916666666667,0.8671875
Pima,model_c_extended_transport,Logistic Regression,label_shift_adjusted,label_shift,multi_objective_dp_shift_atcp,0.9,0.85,0.9,0.90625,0.888,0.9402985074626866,0.052298507462686605,1.359375,0.8958333333333334,0.359375,1.6451144278606966,0.00015205399625813483,0.8411458333333334,0.792,0.9328358208955224,0.14083582089552238,1.3072916666666667,0.3072916666666667,0.8671875
Pima,model_c_extended_transport,Logistic Regression,label_shift_adjusted,label_shift,dp_shift_atcp,0.92,0.87,0.92,0.9166666666666666,0.904,0.9402985074626866,0.03629850746268659,1.375,0.9166666666666666,0.375,1.6294477611940303,0.00015205399625813483,0.8723958333333334,0.824,0.9626865671641791,0.13868656716417915,1.3854166666666667,0.3854166666666667,0.9505208333333334
Pima,model_c_extended_transport,Logistic Regression,label_shift_adjusted,label_shift,multi_objective_dp_shift_atcp,0.92,0.87,0.92,0.9166666666666666,0.904,0.9402985074626866,0.03629850746268659,1.375,0.9166666666666666,0.375,1.6294477611940303,0.00015205399625813483,0.8958333333333334,0.848,0.9850746268656716,0.13707462686567162,1.5364583333333333,0.5364583333333334,1.1979166666666667
Pima,model_c_extended_transport,Logistic Regression,label_shift_adjusted,label_shift,dp_shift_atcp,0.95,0.9199999999999999,0.95,0.9479166666666666,0.944,0.9552238805970149,0.011223880597014957,1.46875,1.0520833333333333,0.46875,1.728294154228856,0.00015205399625813483,0.9166666666666666,0.884,0.9776119402985075,0.0936119402985075,1.5,0.5,1.1145833333333333
Pima,model_c_extended_transport,Logistic Regression,label_shift_adjusted,label_shift,multi_objective_dp_shift_atcp,0.95,0.9199999999999999,0.95,0.9479166666666666,0.944,0.9552238805970149,0.011223880597014957,1.46875,1.0520833333333333,0.46875,1.728294154228856,0.00015205399625813483,0.9244791666666666,0.884,1.0,0.11599999999999999,1.6822916666666667,0.6822916666666666,1.4401041666666667
Pima,model_c_extended_transport,Logistic Regression,fixed_recalibration_source_selected,beta,dp_shift_atcp,0.8,0.75,0.8,0.828125,0.808,0.8656716417910447,0.05767164179104467,1.1770833333333333,0.7135416666666666,0.17708333333333334,1.5255699626865666,0.00015205399625813483,0.75,0.716,0.8134328358208955,0.09743283582089557,1.0520833333333333,0.052083333333333336,0.6145833333333334
Pima,model_c_extended_transport,Logistic Regression,fixed_recalibration_source_selected,beta,multi_objective_dp_shift_atcp,0.8,0.75,0.8,0.828125,0.808,0.8656716417910447,0.05767164179104467,1.1770833333333333,0.7135416666666666,0.17708333333333334,1.5255699626865666,0.00015205399625813483,0.75,0.716,0.8134328358208955,0.09743283582089557,1.0520833333333333,0.052083333333333336,0.6145833333333334
Pima,model_c_extended_transport,Logistic Regression,fixed_recalibration_source_selected,beta,dp_shift_atcp,0.85,0.7999999999999999,0.85,0.859375,0.824,0.9253731343283582,0.10137313432835826,1.25,0.7447916666666666,0.25,1.5713305348258708,0.00015205399625813483,0.8072916666666666,0.756,0.9029850746268657,0.14698507462686572,1.2291666666666667,0.22916666666666666,0.7864583333333334
Pima,model_c_extended_transport,Logistic Regression,fixed_recalibration_source_selected,beta,multi_objective_dp_shift_atcp,0.85,0.7999999999999999,0.85,0.859375,0.824,0.9253731343283582,0.10137313432835826,1.25,0.7447916666666666,0.25,1.5713305348258708,0.00015205399625813483,0.8072916666666666,0.756,0.9029850746268657,0.14698507462686572,1.2291666666666667,0.22916666666666666,0.7864583333333334
Pima,model_c_extended_transport,Logistic Regression,fixed_recalibration_source_selected,beta,dp_shift_atcp,0.9,0.85,0.9,0.90625,0.888,0.9402985074626866,0.052298507462686605,1.359375,0.8958333333333334,0.359375,1.6451144278606966,0.00015205399625813483,0.8411458333333334,0.792,0.9328358208955224,0.14083582089552238,1.3072916666666667,0.3072916666666667,0.8671875
Pima,model_c_extended_transport,Logistic Regression,fixed_recalibration_source_selected,beta,multi_objective_dp_shift_atcp,0.9,0.85,0.9,0.90625,0.888,0.9402985074626866,0.052298507462686605,1.359375,0.8958333333333334,0.359375,1.6451144278606966,0.00015205399625813483,0.8411458333333334,0.792,0.9328358208955224,0.14083582089552238,1.3072916666666667,0.3072916666666667,0.8671875
Pima,model_c_extended_transport,Logistic Regression,fixed_recalibration_source_selected,beta,dp_shift_atcp,0.92,0.87,0.92,0.9166666666666666,0.904,0.9402985074626866,0.03629850746268659,1.375,0.9166666666666666,0.375,1.6294477611940303,0.00015205399625813483,0.8723958333333334,0.824,0.9626865671641791,0.13868656716417915,1.3854166666666667,0.3854166666666667,0.9505208333333334
Pima,model_c_extended_transport,Logistic Regression,fixed_recalibration_source_selected,beta,multi_objective_dp_shift_atcp,0.92,0.87,0.92,0.9166666666666666,0.904,0.9402985074626866,0.03629850746268659,1.375,0.9166666666666666,0.375,1.6294477611940303,0.00015205399625813483,0.9453125,0.968,0.9029850746268657,0.06501492537313425,1.5026041666666667,0.5026041666666666,1.1953125
Pima,model_c_extended_transport,Logistic Regression,fixed_recalibration_source_selected,beta,dp_shift_atcp,0.95,0.9199999999999999,0.95,0.9479166666666666,0.944,0.9552238805970149,0.011223880597014957,1.46875,1.0520833333333333,0.46875,1.728294154228856,0.00015205399625813483,0.9166666666666666,0.884,0.9776119402985075,0.0936119402985075,1.5,0.5,1.1145833333333333
Pima,model_c_extended_transport,Logistic Regression,fixed_recalibration_source_selected,beta,multi_objective_dp_shift_atcp,0.95,0.9199999999999999,0.95,0.9479166666666666,0.944,0.9552238805970149,0.011223880597014957,1.46875,1.0520833333333333,0.46875,1.728294154228856,0.00015205399625813483,0.9583333333333334,0.984,0.9104477611940298,0.07355223880597017,1.5859375,0.5859375,1.3385416666666667
Pima,model_c_extended_transport,Logistic Regression,adaptive_calibration_target_selected,platt,dp_shift_atcp,0.8,0.75,0.8,0.828125,0.808,0.8656716417910447,0.05767164179104467,1.1770833333333333,0.7135416666666666,0.17708333333333334,1.5255699626865666,0.00015205399625813483,0.75,0.716,0.8134328358208955,0.09743283582089557,1.0520833333333333,0.052083333333333336,0.6145833333333334
Pima,model_c_extended_transport,Logistic Regression,adaptive_calibration_target_selected,platt,multi_objective_dp_shift_atcp,0.8,0.75,0.8,0.828125,0.808,0.8656716417910447,0.05767164179104467,1.1770833333333333,0.7135416666666666,0.17708333333333334,1.5255699626865666,0.00015205399625813483,0.75,0.716,0.8134328358208955,0.09743283582089557,1.0520833333333333,0.052083333333333336,0.6145833333333334
Pima,model_c_extended_transport,Logistic Regression,adaptive_calibration_target_selected,platt,dp_shift_atcp,0.85,0.7999999999999999,0.85,0.859375,0.824,0.9253731343283582,0.10137313432835826,1.25,0.7447916666666666,0.25,1.5713305348258708,0.00015205399625813483,0.8072916666666666,0.756,0.9029850746268657,0.14698507462686572,1.2291666666666667,0.22916666666666666,0.7864583333333334
Pima,model_c_extended_transport,Logistic Regression,adaptive_calibration_target_selected,platt,multi_objective_dp_shift_atcp,0.85,0.7999999999999999,0.85,0.859375,0.824,0.9253731343283582,0.10137313432835826,1.25,0.7447916666666666,0.25,1.5713305348258708,0.00015205399625813483,0.8072916666666666,0.756,0.9029850746268657,0.14698507462686572,1.2291666666666667,0.22916666666666666,0.7864583333333334
Pima,model_c_extended_transport,Logistic Regression,adaptive_calibration_target_selected,platt,dp_shift_atcp,0.9,0.85,0.9,0.90625,0.888,0.9402985074626866,0.052298507462686605,1.359375,0.8958333333333334,0.359375,1.6451144278606966,0.00015205399625813483,0.8411458333333334,0.792,0.9328358208955224,0.14083582089552238,1.3072916666666667,0.3072916666666667,0.8671875
Pima,model_c_extended_transport,Logistic Regression,adaptive_calibration_target_selected,platt,multi_objective_dp_shift_atcp,0.9,0.85,0.9,0.90625,0.888,0.9402985074626866,0.052298507462686605,1.359375,0.8958333333333334,0.359375,1.6451144278606966,0.00015205399625813483,0.8411458333333334,0.792,0.9328358208955224,0.14083582089552238,1.3072916666666667,0.3072916666666667,0.8671875
Pima,model_c_extended_transport,Logistic Regression,adaptive_calibration_target_selected,platt,dp_shift_atcp,0.92,0.87,0.92,0.9166666666666666,0.904,0.9402985074626866,0.03629850746268659,1.375,0.9166666666666666,0.375,1.6294477611940303,0.00015205399625813483,0.8723958333333334,0.824,0.9626865671641791,0.13868656716417915,1.3854166666666667,0.3854166666666667,0.9505208333333334
Pima,model_c_extended_transport,Logistic Regression,adaptive_calibration_target_selected,platt,multi_objective_dp_shift_atcp,0.92,0.87,0.92,0.9166666666666666,0.904,0.9402985074626866,0.03629850746268659,1.375,0.9166666666666666,0.375,1.6294477611940303,0.00015205399625813483,0.9375,0.956,0.9029850746268657,0.053014925373134236,1.4895833333333333,0.4895833333333333,1.1770833333333333
Pima,model_c_extended_transport,Logistic Regression,adaptive_calibration_target_selected,platt,dp_shift_atcp,0.95,0.9199999999999999,0.95,0.9479166666666666,0.944,0.9552238805970149,0.011223880597014957,1.46875,1.0520833333333333,0.46875,1.728294154228856,0.00015205399625813483,0.9166666666666666,0.884,0.9776119402985075,0.0936119402985075,1.5,0.5,1.1145833333333333
Pima,model_c_extended_transport,Logistic Regression,adaptive_calibration_target_selected,platt,multi_objective_dp_shift_atcp,0.95,0.9199999999999999,0.95,0.9479166666666666,0.944,0.9552238805970149,0.011223880597014957,1.46875,1.0520833333333333,0.46875,1.728294154228856,0.00015205399625813483,0.9583333333333334,0.98,0.917910447761194,0.06208955223880597,1.5859375,0.5859375,1.328125
NHANES,model_c_extended_transport,Random Forest,naive_transfer,uncalibrated,dp_shift_atcp,0.8,0.8,0.8,0.7993019197207679,0.7838983050847458,0.8712871287128713,0.0873888236281255,0.9319371727748691,0.39267015706806285,0.06806282722513089,1.0764584535922757,0.0002517826567650061,0.8158813263525305,0.823093220338983,0.7821782178217822,0.040915002517200816,0.9223385689354275,0.07766143106457242,0.42670157068062825
NHANES,model_c_extended_transport,Random Forest,naive_transfer,uncalibrated,multi_objective_dp_shift_atcp,0.8,0.8,0.8,0.7993019197207679,0.7838983050847458,0.8712871287128713,0.0873888236281255,0.9319371727748691,0.39267015706806285,0.06806282722513089,1.0764584535922757,0.0002517826567650061,0.8036649214659686,0.8591101694915254,0.5445544554455446,0.3145557140459808,0.8438045375218151,0.156195462478185,0.6134380453752182
NHANES,model_c_extended_transport,Random Forest,naive_transfer,uncalibrated,dp_shift_atcp,0.85,0.85,0.85,0.8586387434554974,0.8495762711864406,0.900990099009901,0.05141382782346038,1.036649214659686,0.2844677137870855,0.03664921465968586,1.0918676876339692,0.0002517826567650061,0.8647469458987783,0.8675847457627118,0.8514851485148515,0.016099597247860364,1.013089005235602,0.013089005235602094,0.2661431064572426
NHANES,model_c_extended_transport,Random Forest,naive_transfer,uncalibrated,multi_objective_dp_shift_atcp,0.85,0.85,0.85,0.8586387434554974,0.8495762711864406,0.900990099009901,0.05141382782346038,1.036649214659686,0.2844677137870855,0.03664921465968586,1.0918676876339692,0.0002517826567650061,0.8647469458987783,0.8675847457627118,0.8514851485148515,0.016099597247860364,1.013089005235602,0.013089005235602094,0.2661431064572426
NHANES,model_c_extended_transport,Random Forest,naive_transfer,uncalibrated,dp_shift_atcp,0.9,0.88,0.9,0.8917975567190227,0.875,0.9702970297029703,0.09529702970297027,1.2233856893542758,0.5759162303664922,0.22338568935427575,1.4506244276260087,0.0002517826567650061,0.9031413612565445,0.8951271186440678,0.9405940594059405,0.04546694076187274,1.175392670157068,0.17539267015706805,0.4895287958115183
NHANES,model_c_extended_transport,Random Forest,naive_transfer,uncalibrated,multi_objective_dp_shift_atcp,0.9,0.88,0.9,0.8917975567190227,0.875,0.9702970297029703,0.09529702970297027,1.2233856893542758,0.5759162303664922,0.22338568935427575,1.4506244276260087,0.0002517826567650061,0.9092495636998255,0.9247881355932204,0.8366336633663366,0.08815447222688377,1.0636998254799301,0.0636998254799302,0.3333333333333333
NHANES,model_c_extended_transport,Random Forest,naive_transfer,uncalibrated,dp_shift_atcp,0.92,0.9,0.92,0.9197207678883071,0.9088983050847458,0.9702970297029703,0.06139872461822449,1.2705061082024434,0.6422338568935427,0.2705061082024433,1.4310160624945274,0.0002517826567650061,0.918848167539267,0.913135593220339,0.9455445544554455,0.032408961235106504,1.243455497382199,0.24345549738219896,0.606457242582897
NHANES,model_c_extended_transport,Random Forest,naive_transfer,uncalibrated,multi_objective_dp_shift_atcp,0.92,0.9,0.92,0.9197207678883071,0.9088983050847458,0.9702970297029703,0.06139872461822449,1.2705061082024434,0.6422338568935427,0.2705061082024433,1.4310160624945274,0.0002517826567650061,0.9232111692844677,0.940677966101695,0.8415841584158416,0.09909380768585341,1.0907504363001745,0.09075043630017451,0.3699825479930192
NHANES,model_c_extended_transport,Random Forest,naive_transfer,uncalibrated,dp_shift_atcp,0.95,0.94,0.95,0.9493891797556719,0.9427966101694916,0.9801980198019802,0.037401409632488614,1.3525305410122164,0.7696335078534031,0.3525305410122164,1.525997402406848,0.0002517826567650061,0.9458987783595113,0.940677966101695,0.9702970297029703,0.02961906360127531,1.3324607329842932,0.3324607329842932,0.7399650959860384
NHANES,model_c_extended_transport,Random Forest,naive_transfer,uncalibrated,multi_objective_dp_shift_atcp,0.95,0.94,0.95,0.9493891797556719,0.9427966101694916,0.9801980198019802,0.037401409632488614,1.3525305410122164,0.7696335078534031,0.3525305410122164,1.525997402406848,0.0002517826567650061,0.9598603839441536,0.9830508474576272,0.8514851485148515,0.1315656989427757,1.156195462478185,0.156195462478185,0.4572425828970332
NHANES,model_c_extended_transport,Random Forest,label_shift_adjusted,label_shift,dp_shift_atcp,0.8,0.8,0.8,0.7993019197207679,0.7838983050847458,0.8712871287128713,0.0873888236281255,0.9319371727748691,0.39267015706806285,0.06806282722513089,1.0764584535922757,0.0002517826567650061,0.8158813263525305,0.823093220338983,0.7821782178217822,0.040915002517200816,0.9223385689354275,0.07766143106457242,0.42670157068062825
NHANES,model_c_extended_transport,Random Forest,label_shift_adjusted,label_shift,multi_objective_dp_shift_atcp,0.8,0.8,0.8,0.7993019197207679,0.7838983050847458,0.8712871287128713,0.0873888236281255,0.9319371727748691,0.39267015706806285,0.06806282722513089,1.0764584535922757,0.0002517826567650061,0.8150087260034904,0.826271186440678,0.7623762376237624,0.0638949488169156,0.9179755671902269,0.08202443280977312,0.4363001745200698
NHANES,model_c_extended_transport,Random Forest,label_shift_adjusted,label_shift,dp_shift_atcp,0.85,0.85,0.85,0.8586387434554974,0.8495762711864406,0.900990099009901,0.05141382782346038,1.036649214659686,0.2844677137870855,0.03664921465968586,1.0918676876339692,0.0002517826567650061,0.8647469458987783,0.8675847457627118,0.8514851485148515,0.016099597247860364,1.013089005235602,0.013089005235602094,0.2661431064572426
NHANES,model_c_extended_transport,Random Forest,label_shift_adjusted,label_shift,multi_objective_dp_shift_atcp,0.85,0.85,0.85,0.8586387434554974,0.8495762711864406,0.900990099009901,0.05141382782346038,1.036649214659686,0.2844677137870855,0.03664921465968586,1.0918676876339692,0.0002517826567650061,0.8647469458987783,0.8675847457627118,0.8514851485148515,0.016099597247860364,1.013089005235602,0.013089005235602094,0.2661431064572426
NHANES,model_c_extended_transport,Random Forest,label_shift_adjusted,label_shift,dp_shift_atcp,0.9,0.88,0.9,0.8917975567190227,0.875,0.9702970297029703,0.09529702970297027,1.2233856893542758,0.5759162303664922,0.22338568935427575,1.4506244276260087,0.0002517826567650061,0.9031413612565445,0.8951271186440678,0.9405940594059405,0.04546694076187274,1.175392670157068,0.17539267015706805,0.4895287958115183
NHANES,model_c_extended_transport,Random Forest,label_shift_adjusted,label_shift,multi_objective_dp_shift_atcp,0.9,0.88,0.9,0.8917975567190227,0.875,0.9702970297029703,0.09529702970297027,1.2233856893542758,0.5759162303664922,0.22338568935427575,1.4506244276260087,0.0002517826567650061,0.918848167539267,0.913135593220339,0.9455445544554455,0.032408961235106504,1.2390924956369982,0.23909249563699825,0.5977312390924956
NHANES,model_c_extended_transport,Random Forest,label_shift_adjusted,label_shift,dp_shift_atcp,0.92,0.9,0.92,0.9197207678883071,0.9088983050847458,0.9702970297029703,0.06139872461822449,1.2705061082024434,0.6422338568935427,0.2705061082024433,1.4310160624945274,0.0002517826567650061,0.918848167539267,0.913135593220339,0.9455445544554455,0.032408961235106504,1.243455497382199,0.24345549738219896,0.606457242582897
NHANES,model_c_extended_transport,Random Forest,label_shift_adjusted,label_shift,multi_objective_dp_shift_atcp,0.92,0.9,0.92,0.9197207678883071,0.9088983050847458,0.9702970297029703,0.06139872461822449,1.2705061082024434,0.6422338568935427,0.2705061082024433,1.4310160624945274,0.0002517826567650061,0.9328097731239092,0.923728813559322,0.9752475247524752,0.05151871119315321,1.3455497382198953,0.34554973821989526,0.7757417102966842
NHANES,model_c_extended_transport,Random Forest,label_shift_adjusted,label_shift,dp_shift_atcp,0.95,0.94,0.95,0.9493891797556719,0.9427966101694916,0.9801980198019802,0.037401409632488614,1.3525305410122164,0.7696335078534031,0.3525305410122164,1.525997402406848,0.0002517826567650061,0.9458987783595113,0.940677966101695,0.9702970297029703,0.02961906360127531,1.3324607329842932,0.3324607329842932,0.7399650959860384
NHANES,model_c_extended_transport,Random Forest,label_shift_adjusted,label_shift,multi_objective_dp_shift_atcp,0.95,0.94,0.95,0.9493891797556719,0.9427966101694916,0.9801980198019802,0.037401409632488614,1.3525305410122164,0.7696335078534031,0.3525305410122164,1.525997402406848,0.0002517826567650061,0.9502617801047121,0.9427966101694916,0.9851485148514851,0.04235190468199357,1.4712041884816753,0.4712041884816754,1.0026178010471205
NHANES,model_c_extended_transport,Random Forest,fixed_recalibration_source_selected,isotonic,dp_shift_atcp,0.8,0.75,0.8,0.8184991273996509,0.8072033898305084,0.8712871287128713,0.06408373888236285,0.9546247818499127,0.34205933682373474,0.04537521815008726,1.1233507392135962,0.0002517826567650061,0.8184991273996509,0.8146186440677966,0.8366336633663366,0.022015019298539995,0.9415357766143106,0.05846422338568935,0.37521815008726006
NHANES,model_c_extended_transport,Random Forest,fixed_recalibration_source_selected,isotonic,multi_objective_dp_shift_atcp,0.8,0.75,0.8,0.8184991273996509,0.8072033898305084,0.8712871287128713,0.06408373888236285,0.9546247818499127,0.34205933682373474,0.04537521815008726,1.1233507392135962,0.0002517826567650061,0.8184991273996509,0.8146186440677966,0.8366336633663366,0.022015019298539995,0.9415357766143106,0.05846422338568935,0.37521815008726006
NHANES,model_c_extended_transport,Random Forest,fixed_recalibration_source_selected,isotonic,dp_shift_atcp,0.85,0.85,0.85,0.8621291448516579,0.8538135593220338,0.900990099009901,0.04717653968786717,1.0418848167539267,0.2914485165794066,0.041884816753926704,1.1106426454829352,0.0002517826567650061,0.8699825479930192,0.8728813559322034,0.8564356435643564,0.016445712367846976,1.0296684118673647,0.029668411867364748,0.2905759162303665
NHANES,model_c_extended_transport,Random Forest,fixed_recalibration_source_selected,isotonic,multi_objective_dp_shift_atcp,0.85,0.85,0.85,0.8621291448516579,0.8538135593220338,0.900990099009901,0.04717653968786717,1.0418848167539267,0.2914485165794066,0.041884816753926704,1.1106426454829352,0.0002517826567650061,0.8699825479930192,0.8728813559322034,0.8564356435643564,0.016445712367846976,1.0296684118673647,0.029668411867364748,0.2905759162303665
NHANES,model_c_extended_transport,Random Forest,fixed_recalibration_source_selected,isotonic,dp_shift_atcp,0.9,0.85,0.9,0.8760907504363001,0.8538135593220338,0.9801980198019802,0.12638446047994634,1.2460732984293195,0.6300174520069808,0.24607329842931938,1.620990303285365,0.0002517826567650061,0.8900523560209425,0.8728813559322034,0.9702970297029703,0.09741567377076688,1.268760907504363,0.268760907504363,0.6684118673647469
NHANES,model_c_extended_transport,Random Forest,fixed_recalibration_source_selected,isotonic,multi_objective_dp_shift_atcp,0.9,0.85,0.9,0.8760907504363001,0.8538135593220338,0.9801980198019802,0.12638446047994634,1.2460732984293195,0.6300174520069808,0.24607329842931938,1.620990303285365,0.0002517826567650061,0.900523560209424,0.9809322033898306,0.5247524752475248,0.4561797281423058,0.993891797556719,0.006108202443280977,0.4328097731239092
NHANES,model_c_extended_transport,Random Forest,fixed_recalibration_source_selected,isotonic,dp_shift_atcp,0.92,0.87,0.92,0.9424083769633508,0.934322033898305,0.9801980198019802,0.04587598590367514,1.343804537521815,0.7591623036649214,0.343804537521815,1.6354806455221793,0.0002517826567650061,0.9109947643979057,0.8983050847457628,0.9702970297029703,0.07199194495720751,1.301047120418848,0.3010471204188482,0.7120418848167539
NHANES,model_c_extended_transport,Random Forest,fixed_recalibration_source_selected,isotonic,multi_objective_dp_shift_atcp,0.92,0.87,0.92,0.9424083769633508,0.934322033898305,0.9801980198019802,0.04587598590367514,1.343804537521815,0.7591623036649214,0.343804537521815,1.6354806455221793,0.0002517826567650061,0.9109947643979057,0.8983050847457628,0.9702970297029703,0.07199194495720751,1.301047120418848,0.3010471204188482,0.7120418848167539
NHANES,model_c_extended_transport,Random Forest,fixed_recalibration_source_selected,isotonic,dp_shift_atcp,0.95,0.8999999999999999,0.95,0.9424083769633508,0.934322033898305,0.9801980198019802,0.04587598590367514,1.343804537521815,0.7591623036649214,0.343804537521815,1.5613968758886716,0.0002517826567650061,0.9380453752181501,0.9311440677966102,0.9702970297029703,0.039152961906360084,1.3403141361256545,0.3403141361256545,0.7635253054101222
NHANES,model_c_extended_transport,Random Forest,fixed_recalibration_source_selected,isotonic,multi_objective_dp_shift_atcp,0.95,0.8999999999999999,0.95,0.9424083769633508,0.934322033898305,0.9801980198019802,0.04587598590367514,1.343804537521815,0.7591623036649214,0.343804537521815,1.5613968758886716,0.0002517826567650061,0.9476439790575916,0.9851694915254238,0.7722772277227723,0.21289226380265147,1.1230366492146597,0.12303664921465969,0.45898778359511344
NHANES,model_c_extended_transport,Random Forest,adaptive_calibration_target_selected,isotonic,dp_shift_atcp,0.8,0.75,0.8,0.8184991273996509,0.8072033898305084,0.8712871287128713,0.06408373888236285,0.9546247818499127,0.34205933682373474,0.04537521815008726,1.1233507392135962,0.0002517826567650061,0.8184991273996509,0.8146186440677966,0.8366336633663366,0.022015019298539995,0.9415357766143106,0.05846422338568935,0.37521815008726006
NHANES,model_c_extended_transport,Random Forest,adaptive_calibration_target_selected,isotonic,multi_objective_dp_shift_atcp,0.8,0.75,0.8,0.8184991273996509,0.8072033898305084,0.8712871287128713,0.06408373888236285,0.9546247818499127,0.34205933682373474,0.04537521815008726,1.1233507392135962,0.0002517826567650061,0.8184991273996509,0.8146186440677966,0.8366336633663366,0.022015019298539995,0.9415357766143106,0.05846422338568935,0.37521815008726006
NHANES,model_c_extended_transport,Random Forest,adaptive_calibration_target_selected,isotonic,dp_shift_atcp,0.85,0.85,0.85,0.8621291448516579,0.8538135593220338,0.900990099009901,0.04717653968786717,1.0418848167539267,0.2914485165794066,0.041884816753926704,1.1106426454829352,0.0002517826567650061,0.8699825479930192,0.8728813559322034,0.8564356435643564,0.016445712367846976,1.0296684118673647,0.029668411867364748,0.2905759162303665
NHANES,model_c_extended_transport,Random Forest,adaptive_calibration_target_selected,isotonic,multi_objective_dp_shift_atcp,0.85,0.85,0.85,0.8621291448516579,0.8538135593220338,0.900990099009901,0.04717653968786717,1.0418848167539267,0.2914485165794066,0.041884816753926704,1.1106426454829352,0.0002517826567650061,0.8699825479930192,0.8728813559322034,0.8564356435643564,0.016445712367846976,1.0296684118673647,0.029668411867364748,0.2905759162303665
NHANES,model_c_extended_transport,Random Forest,adaptive_calibration_target_selected,isotonic,dp_shift_atcp,0.9,0.85,0.9,0.8760907504363001,0.8538135593220338,0.9801980198019802,0.12638446047994634,1.2460732984293195,0.6300174520069808,0.24607329842931938,1.620990303285365,0.0002517826567650061,0.8900523560209425,0.8728813559322034,0.9702970297029703,0.09741567377076688,1.268760907504363,0.268760907504363,0.6684118673647469
NHANES,model_c_extended_transport,Random Forest,adaptive_calibration_target_selected,isotonic,multi_objective_dp_shift_atcp,0.9,0.85,0.9,0.8760907504363001,0.8538135593220338,0.9801980198019802,0.12638446047994634,1.2460732984293195,0.6300174520069808,0.24607329842931938,1.620990303285365,0.0002517826567650061,0.900523560209424,0.9809322033898306,0.5247524752475248,0.4561797281423058,0.993891797556719,0.006108202443280977,0.4328097731239092
NHANES,model_c_extended_transport,Random Forest,adaptive_calibration_target_selected,isotonic,dp_shift_atcp,0.92,0.87,0.92,0.9424083769633508,0.934322033898305,0.9801980198019802,0.04587598590367514,1.343804537521815,0.7591623036649214,0.343804537521815,1.6354806455221793,0.0002517826567650061,0.9109947643979057,0.8983050847457628,0.9702970297029703,0.07199194495720751,1.301047120418848,0.3010471204188482,0.7120418848167539
NHANES,model_c_extended_transport,Random Forest,adaptive_calibration_target_selected,isotonic,multi_objective_dp_shift_atcp,0.92,0.87,0.92,0.9424083769633508,0.934322033898305,0.9801980198019802,0.04587598590367514,1.343804537521815,0.7591623036649214,0.343804537521815,1.6354806455221793,0.0002517826567650061,0.9109947643979057,0.8983050847457628,0.9702970297029703,0.07199194495720751,1.301047120418848,0.3010471204188482,0.7120418848167539
NHANES,model_c_extended_transport,Random Forest,adaptive_calibration_target_selected,isotonic,dp_shift_atcp,0.95,0.8999999999999999,0.95,0.9424083769633508,0.934322033898305,0.9801980198019802,0.04587598590367514,1.343804537521815,0.7591623036649214,0.343804537521815,1.5613968758886716,0.0002517826567650061,0.9380453752181501,0.9311440677966102,0.9702970297029703,0.039152961906360084,1.3403141361256545,0.3403141361256545,0.7635253054101222
NHANES,model_c_extended_transport,Random Forest,adaptive_calibration_target_selected,isotonic,multi_objective_dp_shift_atcp,0.95,0.8999999999999999,0.95,0.9424083769633508,0.934322033898305,0.9801980198019802,0.04587598590367514,1.343804537521815,0.7591623036649214,0.343804537521815,1.5613968758886716,0.0002517826567650061,0.9476439790575916,0.9851694915254238,0.7722772277227723,0.21289226380265147,1.1230366492146597,0.12303664921465969,0.45898778359511344
Pima,model_c_extended_transport,Random Forest,naive_transfer,uncalibrated,dp_shift_atcp,0.8,0.75,0.8,0.7864583333333334,0.736,0.8805970149253731,0.14459701492537314,1.1666666666666667,0.7135416666666666,0.16666666666666666,1.5747080223880598,0.00015205399625813483,0.7942708333333334,0.756,0.8656716417910447,0.10967164179104472,1.1432291666666667,0.14322916666666666,0.6796875
Pima,model_c_extended_transport,Random Forest,naive_transfer,uncalibrated,multi_objective_dp_shift_atcp,0.8,0.75,0.8,0.7864583333333334,0.736,0.8805970149253731,0.14459701492537314,1.1666666666666667,0.7135416666666666,0.16666666666666666,1.5747080223880598,0.00015205399625813483,0.7916666666666666,0.96,0.47761194029850745,0.4823880597014925,1.2109375,0.2109375,1.359375
Pima,model_c_extended_transport,Random Forest,naive_transfer,uncalibrated,dp_shift_atcp,0.85,0.7999999999999999,0.85,0.859375,0.84,0.8955223880597015,0.055522388059701555,1.2916666666666667,0.8697916666666666,0.2916666666666667,1.5983877487562193,0.00015205399625813483,0.8359375,0.792,0.917910447761194,0.12591044776119398,1.2630208333333333,0.2630208333333333,0.8046875
Pima,model_c_extended_transport,Random Forest,naive_transfer,uncalibrated,multi_objective_dp_shift_atcp,0.85,0.7999999999999999,0.85,0.859375,0.84,0.8955223880597015,0.055522388059701555,1.2916666666666667,0.8697916666666666,0.2916666666666667,1.5983877487562193,0.00015205399625813483,0.8359375,0.792,0.917910447761194,0.12591044776119398,1.2630208333333333,0.2630208333333333,0.8046875
Pima,model_c_extended_transport,Random Forest,naive_transfer,uncalibrated,dp_shift_atcp,0.9,0.85,0.9,0.8958333333333334,0.864,0.9552238805970149,0.09122388059701492,1.4583333333333333,1.0833333333333333,0.4583333333333333,1.8660024875621888,0.00015205399625813483,0.8776041666666666,0.844,0.9402985074626866,0.09629850746268664,1.4479166666666667,0.4479166666666667,1.1015625
Pima,model_c_extended_transport,Random Forest,naive_transfer,uncalibrated,multi_objective_dp_shift_atcp,0.9,0.85,0.9,0.8958333333333334,0.864,0.9552238805970149,0.09122388059701492,1.4583333333333333,1.0833333333333333,0.4583333333333333,1.8660024875621888,0.00015205399625813483,0.9322916666666666,1.0,0.8059701492537313,0.19402985074626866,1.4869791666666667,0.4869791666666667,1.3125
Pima,model_c_extended_transport,Random Forest,naive_transfer,uncalibrated,dp_shift_atcp,0.92,0.87,0.92,0.9114583333333334,0.888,0.9552238805970149,0.0672238805970149,1.5,1.1510416666666667,0.5,1.9190649875621895,0.00015205399625813483,0.9036458333333334,0.876,0.9552238805970149,0.0792238805970149,1.5286458333333333,0.5286458333333334,1.2161458333333333
Pima,model_c_extended_transport,Random Forest,naive_transfer,uncalibrated,multi_objective_dp_shift_atcp,0.92,0.87,0.92,0.9114583333333334,0.888,0.9552238805970149,0.0672238805970149,1.5,1.1510416666666667,0.5,1.9190649875621895,0.00015205399625813483,0.9505208333333334,1.0,0.8582089552238806,0.14179104477611937,1.5364583333333333,0.5364583333333334,1.3203125
Pima,model_c_extended_transport,Random Forest,naive_transfer,uncalibrated,dp_shift_atcp,0.95,0.9299999999999999,0.95,0.9479166666666666,0.928,0.9850746268656716,0.05707462686567155,1.6145833333333333,1.3020833333333333,0.6145833333333334,2.038736940298507,0.00015205399625813483,0.9505208333333334,0.936,0.9776119402985075,0.041611940298507455,1.6770833333333333,0.6770833333333334,1.4348958333333333
Pima,model_c_extended_transport,Random Forest,naive_transfer,uncalibrated,multi_objective_dp_shift_atcp,0.95,0.9299999999999999,0.95,0.9479166666666666,0.928,0.9850746268656716,0.05707462686567155,1.6145833333333333,1.3020833333333333,0.6145833333333334,2.038736940298507,0.00015205399625813483,0.9713541666666666,1.0,0.917910447761194,0.08208955223880599,1.6276041666666667,0.6276041666666666,1.3984375
Pima,model_c_extended_transport,Random Forest,label_shift_adjusted,label_shift,dp_shift_atcp,0.8,0.75,0.8,0.7864583333333334,0.736,0.8805970149253731,0.14459701492537314,1.1666666666666667,0.7135416666666666,0.16666666666666666,1.5747080223880598,0.00015205399625813483,0.7942708333333334,0.756,0.8656716417910447,0.10967164179104472,1.1432291666666667,0.14322916666666666,0.6796875
Pima,model_c_extended_transport,Random Forest,label_shift_adjusted,label_shift,multi_objective_dp_shift_atcp,0.8,0.75,0.8,0.7864583333333334,0.736,0.8805970149253731,0.14459701492537314,1.1666666666666667,0.7135416666666666,0.16666666666666666,1.5747080223880598,0.00015205399625813483,0.8255208333333334,0.772,0.9253731343283582,0.1533731343283582,1.3046875,0.3046875,0.8880208333333334
Pima,model_c_extended_transport,Random Forest,label_shift_adjusted,label_shift,dp_shift_atcp,0.85,0.7999999999999999,0.85,0.859375,0.84,0.8955223880597015,0.055522388059701555,1.2916666666666667,0.8697916666666666,0.2916666666666667,1.5983877487562193,0.00015205399625813483,0.8359375,0.792,0.917910447761194,0.12591044776119398,1.2630208333333333,0.2630208333333333,0.8046875
Pima,model_c_extended_transport,Random Forest,label_shift_adjusted,label_shift,multi_objective_dp_shift_atcp,0.85,0.7999999999999999,0.85,0.859375,0.84,0.8955223880597015,0.055522388059701555,1.2916666666666667,0.8697916666666666,0.2916666666666667,1.5983877487562193,0.00015205399625813483,0.8359375,0.792,0.917910447761194,0.12591044776119398,1.2630208333333333,0.2630208333333333,0.8046875
Pima,model_c_extended_transport,Random Forest,label_shift_adjusted,label_shift,dp_shift_atcp,0.9,0.85,0.9,0.8958333333333334,0.864,0.9552238805970149,0.09122388059701492,1.4583333333333333,1.0833333333333333,0.4583333333333333,1.8660024875621888,0.00015205399625813483,0.8776041666666666,0.844,0.9402985074626866,0.09629850746268664,1.4479166666666667,0.4479166666666667,1.1015625
Pima,model_c_extended_transport,Random Forest,label_shift_adjusted,label_shift,multi_objective_dp_shift_atcp,0.9,0.85,0.9,0.8958333333333334,0.864,0.9552238805970149,0.09122388059701492,1.4583333333333333,1.0833333333333333,0.4583333333333333,1.8660024875621888,0.00015205399625813483,0.9010416666666666,0.852,0.9925373134328358,0.14053731343283582,1.5755208333333333,0.5755208333333334,1.2604166666666667
Pima,model_c_extended_transport,Random Forest,label_shift_adjusted,label_shift,dp_shift_atcp,0.92,0.87,0.92,0.9114583333333334,0.888,0.9552238805970149,0.0672238805970149,1.5,1.1510416666666667,0.5,1.9190649875621895,0.00015205399625813483,0.9036458333333334,0.876,0.9552238805970149,0.0792238805970149,1.5286458333333333,0.5286458333333334,1.2161458333333333
Pima,model_c_extended_transport,Random Forest,label_shift_adjusted,label_shift,multi_objective_dp_shift_atcp,0.92,0.87,0.92,0.9114583333333334,0.888,0.9552238805970149,0.0672238805970149,1.5,1.1510416666666667,0.5,1.9190649875621895,0.00015205399625813483,0.9270833333333334,0.888,1.0,0.11199999999999999,1.6927083333333333,0.6927083333333334,1.4583333333333333
Pima,model_c_extended_transport,Random Forest,label_shift_adjusted,label_shift,dp_shift_atcp,0.95,0.9299999999999999,0.95,0.9479166666666666,0.928,0.9850746268656716,0.05707462686567155,1.6145833333333333,1.3020833333333333,0.6145833333333334,2.038736940298507,0.00015205399625813483,0.9505208333333334,0.936,0.9776119402985075,0.041611940298507455,1.6770833333333333,0.6770833333333334,1.4348958333333333
Pima,model_c_extended_transport,Random Forest,label_shift_adjusted,label_shift,multi_objective_dp_shift_atcp,0.95,0.9299999999999999,0.95,0.9479166666666666,0.928,0.9850746268656716,0.05707462686567155,1.6145833333333333,1.3020833333333333,0.6145833333333334,2.038736940298507,0.00015205399625813483,0.953125,0.928,1.0,0.07199999999999995,1.8697916666666667,0.8697916666666666,1.7864583333333333
Pima,model_c_extended_transport,Random Forest,fixed_recalibration_source_selected,isotonic,dp_shift_atcp,0.8,0.75,0.8,0.859375,0.84,0.8955223880597015,0.055522388059701555,1.2916666666666667,0.8697916666666666,0.2916666666666667,1.8483877487562188,0.00015205399625813483,0.84375,0.804,0.917910447761194,0.11391044776119397,1.3151041666666667,0.3151041666666667,0.9010416666666666
Pima,model_c_extended_transport,Random Forest,fixed_recalibration_source_selected,isotonic,multi_objective_dp_shift_atcp,0.8,0.75,0.8,0.859375,0.84,0.8955223880597015,0.055522388059701555,1.2916666666666667,0.8697916666666666,0.2916666666666667,1.8483877487562188,0.00015205399625813483,0.84375,0.804,0.917910447761194,0.11391044776119397,1.3151041666666667,0.3151041666666667,0.9010416666666666
Pima,model_c_extended_transport,Random Forest,fixed_recalibration_source_selected,isotonic,dp_shift_atcp,0.85,0.7999999999999999,0.85,0.859375,0.84,0.8955223880597015,0.055522388059701555,1.2916666666666667,0.8697916666666666,0.2916666666666667,1.5983877487562193,0.00015205399625813483,0.84375,0.804,0.917910447761194,0.11391044776119397,1.3151041666666667,0.3151041666666667,0.9010416666666666
Pima,model_c_extended_transport,Random Forest,fixed_recalibration_source_selected,isotonic,multi_objective_dp_shift_atcp,0.85,0.7999999999999999,0.85,0.859375,0.84,0.8955223880597015,0.055522388059701555,1.2916666666666667,0.8697916666666666,0.2916666666666667,1.5983877487562193,0.00015205399625813483,0.84375,0.804,0.917910447761194,0.11391044776119397,1.3151041666666667,0.3151041666666667,0.9010416666666666
Pima,model_c_extended_transport,Random Forest,fixed_recalibration_source_selected,isotonic,dp_shift_atcp,0.9,0.85,0.9,0.9479166666666666,0.928,0.9850746268656716,0.05707462686567155,1.6458333333333333,1.3645833333333333,0.6458333333333334,2.3241536069651736,0.00015205399625813483,0.9505208333333334,0.936,0.9776119402985075,0.041611940298507455,1.6796875,0.6796875,1.4401041666666667
Pima,model_c_extended_transport,Random Forest,fixed_recalibration_source_selected,isotonic,multi_objective_dp_shift_atcp,0.9,0.85,0.9,0.9479166666666666,0.928,0.9850746268656716,0.05707462686567155,1.6458333333333333,1.3645833333333333,0.6458333333333334,2.3241536069651736,0.00015205399625813483,0.9505208333333334,0.936,0.9776119402985075,0.041611940298507455,1.6796875,0.6796875,1.4401041666666667
Pima,model_c_extended_transport,Random Forest,fixed_recalibration_source_selected,isotonic,dp_shift_atcp,0.92,0.87,0.92,0.9479166666666666,0.928,0.9850746268656716,0.05707462686567155,1.6458333333333333,1.3645833333333333,0.6458333333333334,2.2241536069651735,0.00015205399625813483,0.9505208333333334,0.936,0.9776119402985075,0.041611940298507455,1.6796875,0.6796875,1.4401041666666667
Pima,model_c_extended_transport,Random Forest,fixed_recalibration_source_selected,isotonic,multi_objective_dp_shift_atcp,0.92,0.87,0.92,0.9479166666666666,0.928,0.9850746268656716,0.05707462686567155,1.6458333333333333,1.3645833333333333,0.6458333333333334,2.2241536069651735,0.00015205399625813483,0.9505208333333334,0.936,0.9776119402985075,0.041611940298507455,1.6796875,0.6796875,1.4401041666666667
Pima,model_c_extended_transport,Random Forest,fixed_recalibration_source_selected,isotonic,dp_shift_atcp,0.95,0.8999999999999999,0.95,0.9479166666666666,0.928,0.9850746268656716,0.05707462686567155,1.6458333333333333,1.3645833333333333,0.6458333333333334,2.094986940298507,0.00015205399625813483,0.9505208333333334,0.936,0.9776119402985075,0.041611940298507455,1.6796875,0.6796875,1.4401041666666667
Pima,model_c_extended_transport,Random Forest,fixed_recalibration_source_selected,isotonic,multi_objective_dp_shift_atcp,0.95,0.8999999999999999,0.95,0.9479166666666666,0.928,0.9850746268656716,0.05707462686567155,1.6458333333333333,1.3645833333333333,0.6458333333333334,2.094986940298507,0.00015205399625813483,0.9557291666666666,0.976,0.917910447761194,0.058089552238805964,1.5963541666666667,0.5963541666666666,1.3515625
Pima,model_c_extended_transport,Random Forest,adaptive_calibration_target_selected,platt,dp_shift_atcp,0.8,0.75,0.8,0.7864583333333334,0.736,0.8805970149253731,0.14459701492537314,1.1666666666666667,0.7135416666666666,0.16666666666666666,1.5747080223880598,0.00015205399625813483,0.7942708333333334,0.756,0.8656716417910447,0.10967164179104472,1.1432291666666667,0.14322916666666666,0.6796875
Pima,model_c_extended_transport,Random Forest,adaptive_calibration_target_selected,platt,multi_objective_dp_shift_atcp,0.8,0.75,0.8,0.7864583333333334,0.736,0.8805970149253731,0.14459701492537314,1.1666666666666667,0.7135416666666666,0.16666666666666666,1.5747080223880598,0.00015205399625813483,0.84375,0.92,0.7014925373134329,0.21850746268656718,1.2447916666666667,0.24479166666666666,1.0625
Pima,model_c_extended_transport,Random Forest,adaptive_calibration_target_selected,platt,dp_shift_atcp,0.85,0.7999999999999999,0.85,0.859375,0.84,0.8955223880597015,0.055522388059701555,1.2916666666666667,0.8697916666666666,0.2916666666666667,1.5983877487562193,0.00015205399625813483,0.8359375,0.792,0.917910447761194,0.12591044776119398,1.2630208333333333,0.2630208333333333,0.8046875
Pima,model_c_extended_transport,Random Forest,adaptive_calibration_target_selected,platt,multi_objective_dp_shift_atcp,0.85,0.7999999999999999,0.85,0.859375,0.84,0.8955223880597015,0.055522388059701555,1.2916666666666667,0.8697916666666666,0.2916666666666667,1.5983877487562193,0.00015205399625813483,0.8359375,0.792,0.917910447761194,0.12591044776119398,1.2630208333333333,0.2630208333333333,0.8046875
Pima,model_c_extended_transport,Random Forest,adaptive_calibration_target_selected,platt,dp_shift_atcp,0.9,0.85,0.9,0.8958333333333334,0.864,0.9552238805970149,0.09122388059701492,1.4583333333333333,1.0833333333333333,0.4583333333333333,1.8660024875621888,0.00015205399625813483,0.8776041666666666,0.844,0.9402985074626866,0.09629850746268664,1.4479166666666667,0.4479166666666667,1.1015625
Pima,model_c_extended_transport,Random Forest,adaptive_calibration_target_selected,platt,multi_objective_dp_shift_atcp,0.9,0.85,0.9,0.8958333333333334,0.864,0.9552238805970149,0.09122388059701492,1.4583333333333333,1.0833333333333333,0.4583333333333333,1.8660024875621888,0.00015205399625813483,0.9244791666666666,0.96,0.8582089552238806,0.10179104477611933,1.4765625,0.4765625,1.2265625
Pima,model_c_extended_transport,Random Forest,adaptive_calibration_target_selected,platt,dp_shift_atcp,0.92,0.87,0.92,0.9114583333333334,0.888,0.9552238805970149,0.0672238805970149,1.5,1.1510416666666667,0.5,1.9190649875621895,0.00015205399625813483,0.9036458333333334,0.876,0.9552238805970149,0.0792238805970149,1.5286458333333333,0.5286458333333334,1.2161458333333333
Pima,model_c_extended_transport,Random Forest,adaptive_calibration_target_selected,platt,multi_objective_dp_shift_atcp,0.92,0.87,0.92,0.9114583333333334,0.888,0.9552238805970149,0.0672238805970149,1.5,1.1510416666666667,0.5,1.9190649875621895,0.00015205399625813483,0.9401041666666666,0.964,0.8955223880597015,0.06847761194029844,1.5208333333333333,0.5208333333333334,1.2473958333333333
Pima,model_c_extended_transport,Random Forest,adaptive_calibration_target_selected,platt,dp_shift_atcp,0.95,0.9299999999999999,0.95,0.9479166666666666,0.928,0.9850746268656716,0.05707462686567155,1.6145833333333333,1.3020833333333333,0.6145833333333334,2.038736940298507,0.00015205399625813483,0.9505208333333334,0.936,0.9776119402985075,0.041611940298507455,1.6770833333333333,0.6770833333333334,1.4348958333333333
Pima,model_c_extended_transport,Random Forest,adaptive_calibration_target_selected,platt,multi_objective_dp_shift_atcp,0.95,0.9299999999999999,0.95,0.9479166666666666,0.928,0.9850746268656716,0.05707462686567155,1.6145833333333333,1.3020833333333333,0.6145833333333334,2.038736940298507,0.00015205399625813483,0.9557291666666666,0.976,0.917910447761194,0.058089552238805964,1.5963541666666667,0.5963541666666666,1.3515625
NHANES,model_c_extended_transport,XGBoost,naive_transfer,uncalibrated,dp_shift_atcp,0.8,0.78,0.8,0.8010471204188482,0.7966101694915254,0.8217821782178217,0.025172008726296324,0.881326352530541,0.49214659685863876,0.11867364746945899,0.9941279956374374,0.0002517826567650061,0.7888307155322862,0.7870762711864406,0.7970297029702971,0.009953431783856437,0.8787085514834206,0.1212914485165794,0.5165794066317626
NHANES,model_c_extended_transport,XGBoost,naive_transfer,uncalibrated,multi_objective_dp_shift_atcp,0.8,0.78,0.8,0.8010471204188482,0.7966101694915254,0.8217821782178217,0.025172008726296324,0.881326352530541,0.49214659685863876,0.11867364746945899,0.9941279956374374,0.0002517826567650061,0.7888307155322862,0.7870762711864406,0.7970297029702971,0.009953431783856437,0.8787085514834206,0.1212914485165794,0.5165794066317626
NHANES,model_c_extended_transport,XGBoost,naive_transfer,uncalibrated,dp_shift_atcp,0.85,0.83,0.85,0.8464223385689355,0.8305084745762712,0.9207920792079208,0.09028360463164964,1.0,0.2094240837696335,0.0,1.058025755987614,0.0002517826567650061,0.8211169284467714,0.8199152542372882,0.8267326732673267,0.0068174190300385185,0.9415357766143106,0.05846422338568935,0.3726003490401396
NHANES,model_c_extended_transport,XGBoost,naive_transfer,uncalibrated,multi_objective_dp_shift_atcp,0.85,0.83,0.85,0.8464223385689355,0.8305084745762712,0.9207920792079208,0.09028360463164964,1.0,0.2094240837696335,0.0,1.058025755987614,0.0002517826567650061,0.8429319371727748,0.9427966101694916,0.37623762376237624,0.5665589864071153,0.8961605584642234,0.10383944153577661,0.5392670157068062
NHANES,model_c_extended_transport,XGBoost,naive_transfer,uncalibrated,dp_shift_atcp,0.9,0.87,0.9,0.8900523560209425,0.875,0.9603960396039604,0.08539603960396036,1.1657940663176265,0.4694589877835951,0.16579406631762653,1.3451970262471271,0.0002517826567650061,0.8743455497382199,0.8654661016949152,0.9158415841584159,0.050375482463500654,1.0828970331588132,0.08289703315881326,0.3507853403141361
NHANES,model_c_extended_transport,XGBoost,naive_transfer,uncalibrated,multi_objective_dp_shift_atcp,0.9,0.87,0.9,0.8900523560209425,0.875,0.9603960396039604,0.08539603960396036,1.1657940663176265,0.4694589877835951,0.16579406631762653,1.3451970262471271,0.0002517826567650061,0.8865619546247818,0.9671610169491526,0.5099009900990099,0.45726002685014266,0.9633507853403142,0.03664921465968586,0.44153577661431065
NHANES,model_c_extended_transport,XGBoost,naive_transfer,uncalibrated,dp_shift_atcp,0.92,0.9,0.92,0.9214659685863874,0.913135593220339,0.9603960396039604,0.04726044638362137,1.2216404886561956,0.5497382198952879,0.22164048865619546,1.3304020133799692,0.0002517826567650061,0.9040139616055847,0.8972457627118644,0.9356435643564357,0.038397801644571294,1.1361256544502618,0.13612565445026178,0.41361256544502617
NHANES,model_c_extended_transport,XGBoost,naive_transfer,uncalibrated,multi_objective_dp_shift_atcp,0.92,0.9,0.92,0.9214659685863874,0.913135593220339,0.9603960396039604,0.04726044638362137,1.2216404886561956,0.5497382198952879,0.22164048865619546,1.3304020133799692,0.0002517826567650061,0.9040139616055847,0.8972457627118644,0.9356435643564357,0.038397801644571294,1.1361256544502618,0.13612565445026178,0.41361256544502617
NHANES,model_c_extended_transport,XGBoost,naive_transfer,uncalibrated,dp_shift_atcp,0.95,0.95,0.95,0.9511343804537522,0.9470338983050848,0.9702970297029703,0.023263131397885495,1.3664921465968587,0.8027923211169284,0.36649214659685864,1.5351564772015407,0.0002517826567650061,0.9476439790575916,0.9459745762711864,0.9554455445544554,0.009470968283268988,1.2574171029668413,0.25741710296684117,0.5986038394415357
NHANES,model_c_extended_transport,XGBoost,naive_transfer,uncalibrated,multi_objective_dp_shift_atcp,0.95,0.95,0.95,0.9511343804537522,0.9470338983050848,0.9702970297029703,0.023263131397885495,1.3664921465968587,0.8027923211169284,0.36649214659685864,1.5351564772015407,0.0002517826567650061,0.9476439790575916,0.9459745762711864,0.9554455445544554,0.009470968283268988,1.2574171029668413,0.25741710296684117,0.5986038394415357
NHANES,model_c_extended_transport,XGBoost,label_shift_adjusted,label_shift,dp_shift_atcp,0.8,0.78,0.8,0.8010471204188482,0.7966101694915254,0.8217821782178217,0.025172008726296324,0.881326352530541,0.49214659685863876,0.11867364746945899,0.9941279956374374,0.0002517826567650061,0.7888307155322862,0.7870762711864406,0.7970297029702971,0.009953431783856437,0.8787085514834206,0.1212914485165794,0.5165794066317626
NHANES,model_c_extended_transport,XGBoost,label_shift_adjusted,label_shift,multi_objective_dp_shift_atcp,0.8,0.78,0.8,0.8010471204188482,0.7966101694915254,0.8217821782178217,0.025172008726296324,0.881326352530541,0.49214659685863876,0.11867364746945899,0.9941279956374374,0.0002517826567650061,0.7888307155322862,0.7870762711864406,0.7970297029702971,0.009953431783856437,0.8787085514834206,0.1212914485165794,0.5165794066317626
NHANES,model_c_extended_transport,XGBoost,label_shift_adjusted,label_shift,dp_shift_atcp,0.85,0.83,0.85,0.8464223385689355,0.8305084745762712,0.9207920792079208,0.09028360463164964,1.0,0.2094240837696335,0.0,1.058025755987614,0.0002517826567650061,0.8211169284467714,0.8199152542372882,0.8267326732673267,0.0068174190300385185,0.9415357766143106,0.05846422338568935,0.3726003490401396
NHANES,model_c_extended_transport,XGBoost,label_shift_adjusted,label_shift,multi_objective_dp_shift_atcp,0.85,0.83,0.85,0.8464223385689355,0.8305084745762712,0.9207920792079208,0.09028360463164964,1.0,0.2094240837696335,0.0,1.058025755987614,0.0002517826567650061,0.8263525305410122,0.902542372881356,0.47029702970297027,0.4322453431783857,0.8743455497382199,0.1256544502617801,0.5680628272251309
NHANES,model_c_extended_transport,XGBoost,label_shift_adjusted,label_shift,dp_shift_atcp,0.9,0.87,0.9,0.8900523560209425,0.875,0.9603960396039604,0.08539603960396036,1.1657940663176265,0.4694589877835951,0.16579406631762653,1.3451970262471271,0.0002517826567650061,0.8743455497382199,0.8654661016949152,0.9158415841584159,0.050375482463500654,1.0828970331588132,0.08289703315881326,0.3507853403141361
NHANES,model_c_extended_transport,XGBoost,label_shift_adjusted,label_shift,multi_objective_dp_shift_atcp,0.9,0.87,0.9,0.8900523560209425,0.875,0.9603960396039604,0.08539603960396036,1.1657940663176265,0.4694589877835951,0.16579406631762653,1.3451970262471271,0.0002517826567650061,0.8891797556719022,0.9586864406779662,0.5643564356435643,0.39433000503440185,0.9581151832460733,0.041884816753926704,0.4075043630017452
NHANES,model_c_extended_transport,XGBoost,label_shift_adjusted,label_shift,dp_shift_atcp,0.92,0.9,0.92,0.9214659685863874,0.913135593220339,0.9603960396039604,0.04726044638362137,1.2216404886561956,0.5497382198952879,0.22164048865619546,1.3304020133799692,0.0002517826567650061,0.9040139616055847,0.8972457627118644,0.9356435643564357,0.038397801644571294,1.1361256544502618,0.13612565445026178,0.41361256544502617
NHANES,model_c_extended_transport,XGBoost,label_shift_adjusted,label_shift,multi_objective_dp_shift_atcp,0.92,0.9,0.92,0.9214659685863874,0.913135593220339,0.9603960396039604,0.04726044638362137,1.2216404886561956,0.5497382198952879,0.22164048865619546,1.3304020133799692,0.0002517826567650061,0.9040139616055847,0.8972457627118644,0.9356435643564357,0.038397801644571294,1.1361256544502618,0.13612565445026178,0.41361256544502617
NHANES,model_c_extended_transport,XGBoost,label_shift_adjusted,label_shift,dp_shift_atcp,0.95,0.95,0.95,0.9511343804537522,0.9470338983050848,0.9702970297029703,0.023263131397885495,1.3664921465968587,0.8027923211169284,0.36649214659685864,1.5351564772015407,0.0002517826567650061,0.9476439790575916,0.9459745762711864,0.9554455445544554,0.009470968283268988,1.2574171029668413,0.25741710296684117,0.5986038394415357
NHANES,model_c_extended_transport,XGBoost,label_shift_adjusted,label_shift,multi_objective_dp_shift_atcp,0.95,0.95,0.95,0.9511343804537522,0.9470338983050848,0.9702970297029703,0.023263131397885495,1.3664921465968587,0.8027923211169284,0.36649214659685864,1.5351564772015407,0.0002517826567650061,0.9476439790575916,0.9459745762711864,0.9554455445544554,0.009470968283268988,1.2574171029668413,0.25741710296684117,0.5986038394415357
NHANES,model_c_extended_transport,XGBoost,fixed_recalibration_source_selected,uncalibrated,dp_shift_atcp,0.8,0.78,0.8,0.8010471204188482,0.7966101694915254,0.8217821782178217,0.025172008726296324,0.881326352530541,0.49214659685863876,0.11867364746945899,0.9941279956374374,0.0002517826567650061,0.7888307155322862,0.7870762711864406,0.7970297029702971,0.009953431783856437,0.8787085514834206,0.1212914485165794,0.5165794066317626
NHANES,model_c_extended_transport,XGBoost,fixed_recalibration_source_selected,uncalibrated,multi_objective_dp_shift_atcp,0.8,0.78,0.8,0.8010471204188482,0.7966101694915254,0.8217821782178217,0.025172008726296324,0.881326352530541,0.49214659685863876,0.11867364746945899,0.9941279956374374,0.0002517826567650061,0.7888307155322862,0.7870762711864406,0.7970297029702971,0.009953431783856437,0.8787085514834206,0.1212914485165794,0.5165794066317626
NHANES,model_c_extended_transport,XGBoost,fixed_recalibration_source_selected,uncalibrated,dp_shift_atcp,0.85,0.83,0.85,0.8464223385689355,0.8305084745762712,0.9207920792079208,0.09028360463164964,1.0,0.2094240837696335,0.0,1.058025755987614,0.0002517826567650061,0.8211169284467714,0.8199152542372882,0.8267326732673267,0.0068174190300385185,0.9415357766143106,0.05846422338568935,0.3726003490401396
NHANES,model_c_extended_transport,XGBoost,fixed_recalibration_source_selected,uncalibrated,multi_objective_dp_shift_atcp,0.85,0.83,0.85,0.8464223385689355,0.8305084745762712,0.9207920792079208,0.09028360463164964,1.0,0.2094240837696335,0.0,1.058025755987614,0.0002517826567650061,0.8429319371727748,0.9427966101694916,0.37623762376237624,0.5665589864071153,0.8961605584642234,0.10383944153577661,0.5392670157068062
NHANES,model_c_extended_transport,XGBoost,fixed_recalibration_source_selected,uncalibrated,dp_shift_atcp,0.9,0.87,0.9,0.8900523560209425,0.875,0.9603960396039604,0.08539603960396036,1.1657940663176265,0.4694589877835951,0.16579406631762653,1.3451970262471271,0.0002517826567650061,0.8743455497382199,0.8654661016949152,0.9158415841584159,0.050375482463500654,1.0828970331588132,0.08289703315881326,0.3507853403141361
NHANES,model_c_extended_transport,XGBoost,fixed_recalibration_source_selected,uncalibrated,multi_objective_dp_shift_atcp,0.9,0.87,0.9,0.8900523560209425,0.875,0.9603960396039604,0.08539603960396036,1.1657940663176265,0.4694589877835951,0.16579406631762653,1.3451970262471271,0.0002517826567650061,0.8865619546247818,0.9671610169491526,0.5099009900990099,0.45726002685014266,0.9633507853403142,0.03664921465968586,0.44153577661431065
NHANES,model_c_extended_transport,XGBoost,fixed_recalibration_source_selected,uncalibrated,dp_shift_atcp,0.92,0.9,0.92,0.9214659685863874,0.913135593220339,0.9603960396039604,0.04726044638362137,1.2216404886561956,0.5497382198952879,0.22164048865619546,1.3304020133799692,0.0002517826567650061,0.9040139616055847,0.8972457627118644,0.9356435643564357,0.038397801644571294,1.1361256544502618,0.13612565445026178,0.41361256544502617
NHANES,model_c_extended_transport,XGBoost,fixed_recalibration_source_selected,uncalibrated,multi_objective_dp_shift_atcp,0.92,0.9,0.92,0.9214659685863874,0.913135593220339,0.9603960396039604,0.04726044638362137,1.2216404886561956,0.5497382198952879,0.22164048865619546,1.3304020133799692,0.0002517826567650061,0.9040139616055847,0.8972457627118644,0.9356435643564357,0.038397801644571294,1.1361256544502618,0.13612565445026178,0.41361256544502617
NHANES,model_c_extended_transport,XGBoost,fixed_recalibration_source_selected,uncalibrated,dp_shift_atcp,0.95,0.95,0.95,0.9511343804537522,0.9470338983050848,0.9702970297029703,0.023263131397885495,1.3664921465968587,0.8027923211169284,0.36649214659685864,1.5351564772015407,0.0002517826567650061,0.9476439790575916,0.9459745762711864,0.9554455445544554,0.009470968283268988,1.2574171029668413,0.25741710296684117,0.5986038394415357
NHANES,model_c_extended_transport,XGBoost,fixed_recalibration_source_selected,uncalibrated,multi_objective_dp_shift_atcp,0.95,0.95,0.95,0.9511343804537522,0.9470338983050848,0.9702970297029703,0.023263131397885495,1.3664921465968587,0.8027923211169284,0.36649214659685864,1.5351564772015407,0.0002517826567650061,0.9476439790575916,0.9459745762711864,0.9554455445544554,0.009470968283268988,1.2574171029668413,0.25741710296684117,0.5986038394415357
NHANES,model_c_extended_transport,XGBoost,adaptive_calibration_target_selected,isotonic,dp_shift_atcp,0.8,0.75,0.8,0.8534031413612565,0.8601694915254238,0.8217821782178217,0.03838731330760203,0.944153577661431,0.33507853403141363,0.055846422338568937,1.2474588059125369,0.0002517826567650061,0.8158813263525305,0.8199152542372882,0.7970297029702971,0.0228855512669911,0.9144851657940664,0.08551483420593368,0.4319371727748691
NHANES,model_c_extended_transport,XGBoost,adaptive_calibration_target_selected,isotonic,multi_objective_dp_shift_atcp,0.8,0.75,0.8,0.8534031413612565,0.8601694915254238,0.8217821782178217,0.03838731330760203,0.944153577661431,0.33507853403141363,0.055846422338568937,1.2474588059125369,0.0002517826567650061,0.8158813263525305,0.8199152542372882,0.7970297029702971,0.0228855512669911,0.9144851657940664,0.08551483420593368,0.4319371727748691
NHANES,model_c_extended_transport,XGBoost,adaptive_calibration_target_selected,isotonic,dp_shift_atcp,0.85,0.7999999999999999,0.85,0.8795811518324608,0.8601694915254238,0.9702970297029703,0.1101275381775465,1.1675392670157068,0.47643979057591623,0.16753926701570682,1.4853483753291474,0.0002517826567650061,0.8237347294938918,0.8199152542372882,0.8415841584158416,0.021668904178553383,0.9537521815008726,0.0462478184991274,0.34554973821989526
NHANES,model_c_extended_transport,XGBoost,adaptive_calibration_target_selected,isotonic,multi_objective_dp_shift_atcp,0.85,0.7999999999999999,0.85,0.8795811518324608,0.8601694915254238,0.9702970297029703,0.1101275381775465,1.1675392670157068,0.47643979057591623,0.16753926701570682,1.4853483753291474,0.0002517826567650061,0.8237347294938918,0.8199152542372882,0.8415841584158416,0.021668904178553383,0.9537521815008726,0.0462478184991274,0.34554973821989526
NHANES,model_c_extended_transport,XGBoost,adaptive_calibration_target_selected,isotonic,dp_shift_atcp,0.9,0.85,0.9,0.8795811518324608,0.8601694915254238,0.9702970297029703,0.1101275381775465,1.1675392670157068,0.47643979057591623,0.16753926701570682,1.4395368570045397,0.0002517826567650061,0.87521815008726,0.8622881355932204,0.9356435643564357,0.07335542876321532,1.100349040139616,0.10034904013961606,0.37085514834205935
NHANES,model_c_extended_transport,XGBoost,adaptive_calibration_target_selected,isotonic,multi_objective_dp_shift_atcp,0.9,0.85,0.9,0.8795811518324608,0.8601694915254238,0.9702970297029703,0.1101275381775465,1.1675392670157068,0.47643979057591623,0.16753926701570682,1.4395368570045397,0.0002517826567650061,0.8891797556719022,0.9586864406779662,0.5643564356435643,0.39433000503440185,0.9581151832460733,0.041884816753926704,0.4075043630017452
NHANES,model_c_extended_transport,XGBoost,adaptive_calibration_target_selected,isotonic,dp_shift_atcp,0.92,0.87,0.92,0.9232111692844677,0.913135593220339,0.9702970297029703,0.05716143648263128,1.2233856893542758,0.5445026178010471,0.22338568935427575,1.3527578615302294,0.0002517826567650061,0.8778359511343804,0.8654661016949152,0.9356435643564357,0.07017746266152047,1.1029668411867364,0.10296684118673648,0.37347294938917974
NHANES,model_c_extended_transport,XGBoost,adaptive_calibration_target_selected,isotonic,multi_objective_dp_shift_atcp,0.92,0.87,0.92,0.9232111692844677,0.913135593220339,0.9702970297029703,0.05716143648263128,1.2233856893542758,0.5445026178010471,0.22338568935427575,1.3527578615302294,0.0002517826567650061,0.8778359511343804,0.8654661016949152,0.9356435643564357,0.07017746266152047,1.1029668411867364,0.10296684118673648,0.37347294938917974
NHANES,model_c_extended_transport,XGBoost,adaptive_calibration_target_selected,isotonic,dp_shift_atcp,0.95,0.9199999999999999,0.95,0.9458987783595113,0.934322033898305,1.0,0.06567796610169496,1.6038394415357766,1.2617801047120418,0.6038394415357766,2.032984662939628,0.0002517826567650061,0.931064572425829,0.9258474576271186,0.9554455445544554,0.029598086927336786,1.2382198952879582,0.23821989528795812,0.5767888307155323
NHANES,model_c_extended_transport,XGBoost,adaptive_calibration_target_selected,isotonic,multi_objective_dp_shift_atcp,0.95,0.9199999999999999,0.95,0.9458987783595113,0.934322033898305,1.0,0.06567796610169496,1.6038394415357766,1.2617801047120418,0.6038394415357766,2.032984662939628,0.0002517826567650061,0.956369982547993,0.9809322033898306,0.8415841584158416,0.139348044973989,1.149214659685864,0.14921465968586387,0.4537521815008726
Pima,model_c_extended_transport,XGBoost,naive_transfer,uncalibrated,dp_shift_atcp,0.8,0.75,0.8,0.8489583333333334,0.832,0.8805970149253731,0.04859701492537316,1.21875,0.7552083333333334,0.21875,1.6702913557213932,0.00015205399625813483,0.7317708333333334,0.696,0.7985074626865671,0.10250746268656719,1.1067708333333333,0.10677083333333333,0.7630208333333334
Pima,model_c_extended_transport,XGBoost,naive_transfer,uncalibrated,multi_objective_dp_shift_atcp,0.8,0.75,0.8,0.8489583333333334,0.832,0.8805970149253731,0.04859701492537316,1.21875,0.7552083333333334,0.21875,1.6702913557213932,0.00015205399625813483,0.7317708333333334,0.696,0.7985074626865671,0.10250746268656719,1.1067708333333333,0.10677083333333333,0.7630208333333334
Pima,model_c_extended_transport,XGBoost,naive_transfer,uncalibrated,dp_shift_atcp,0.85,0.7999999999999999,0.85,0.8958333333333334,0.872,0.9402985074626866,0.06829850746268662,1.3385416666666667,0.8645833333333334,0.3385416666666667,1.8347394278606972,0.00015205399625813483,0.8020833333333334,0.76,0.8805970149253731,0.12059701492537311,1.2473958333333333,0.24739583333333334,0.859375
Pima,model_c_extended_transport,XGBoost,naive_transfer,uncalibrated,multi_objective_dp_shift_atcp,0.85,0.7999999999999999,0.85,0.8958333333333334,0.872,0.9402985074626866,0.06829850746268662,1.3385416666666667,0.8645833333333334,0.3385416666666667,1.8347394278606972,0.00015205399625813483,0.8020833333333334,0.76,0.8805970149253731,0.12059701492537311,1.2473958333333333,0.24739583333333334,0.859375
Pima,model_c_extended_transport,XGBoost,naive_transfer,uncalibrated,dp_shift_atcp,0.9,0.85,0.9,0.9479166666666666,0.928,0.9850746268656716,0.05707462686567155,1.5260416666666667,1.125,0.5260416666666666,2.108528606965174,0.00015205399625813483,0.8645833333333334,0.832,0.9253731343283582,0.09337313432835825,1.4140625,0.4140625,1.0677083333333333
Pima,model_c_extended_transport,XGBoost,naive_transfer,uncalibrated,multi_objective_dp_shift_atcp,0.9,0.85,0.9,0.9479166666666666,0.928,0.9850746268656716,0.05707462686567155,1.5260416666666667,1.125,0.5260416666666666,2.108528606965174,0.00015205399625813483,0.8645833333333334,0.832,0.9253731343283582,0.09337313432835825,1.4140625,0.4140625,1.0677083333333333
Pima,model_c_extended_transport,XGBoost,naive_transfer,uncalibrated,dp_shift_atcp,0.92,0.87,0.92,0.9479166666666666,0.928,0.9850746268656716,0.05707462686567155,1.5260416666666667,1.125,0.5260416666666666,2.0085286069651738,0.00015205399625813483,0.8802083333333334,0.844,0.9477611940298507,0.10376119402985073,1.453125,0.453125,1.0989583333333333
Pima,model_c_extended_transport,XGBoost,naive_transfer,uncalibrated,multi_objective_dp_shift_atcp,0.92,0.87,0.92,0.9479166666666666,0.928,0.9850746268656716,0.05707462686567155,1.5260416666666667,1.125,0.5260416666666666,2.0085286069651738,0.00015205399625813483,0.8802083333333334,0.844,0.9477611940298507,0.10376119402985073,1.453125,0.453125,1.0989583333333333
Pima,model_c_extended_transport,XGBoost,naive_transfer,uncalibrated,dp_shift_atcp,0.95,0.8999999999999999,0.95,0.9583333333333334,0.944,0.9850746268656716,0.04107462686567165,1.6197916666666667,1.3020833333333333,0.6197916666666666,2.0501536069651745,0.00015205399625813483,0.9114583333333334,0.88,0.9701492537313433,0.0901492537313433,1.5494791666666667,0.5494791666666666,1.2291666666666667
Pima,model_c_extended_transport,XGBoost,naive_transfer,uncalibrated,multi_objective_dp_shift_atcp,0.95,0.8999999999999999,0.95,0.9583333333333334,0.944,0.9850746268656716,0.04107462686567165,1.6197916666666667,1.3020833333333333,0.6197916666666666,2.0501536069651745,0.00015205399625813483,0.9114583333333334,0.88,0.9701492537313433,0.0901492537313433,1.5494791666666667,0.5494791666666666,1.2291666666666667
Pima,model_c_extended_transport,XGBoost,label_shift_adjusted,label_shift,dp_shift_atcp,0.8,0.75,0.8,0.8489583333333334,0.832,0.8805970149253731,0.04859701492537316,1.21875,0.7552083333333334,0.21875,1.6702913557213932,0.00015205399625813483,0.7317708333333334,0.696,0.7985074626865671,0.10250746268656719,1.1067708333333333,0.10677083333333333,0.7630208333333334
Pima,model_c_extended_transport,XGBoost,label_shift_adjusted,label_shift,multi_objective_dp_shift_atcp,0.8,0.75,0.8,0.8489583333333334,0.832,0.8805970149253731,0.04859701492537316,1.21875,0.7552083333333334,0.21875,1.6702913557213932,0.00015205399625813483,0.7317708333333334,0.696,0.7985074626865671,0.10250746268656719,1.1067708333333333,0.10677083333333333,0.7630208333333334
Pima,model_c_extended_transport,XGBoost,label_shift_adjusted,label_shift,dp_shift_atcp,0.85,0.7999999999999999,0.85,0.8958333333333334,0.872,0.9402985074626866,0.06829850746268662,1.3385416666666667,0.8645833333333334,0.3385416666666667,1.8347394278606972,0.00015205399625813483,0.8020833333333334,0.76,0.8805970149253731,0.12059701492537311,1.2473958333333333,0.24739583333333334,0.859375
Pima,model_c_extended_transport,XGBoost,label_shift_adjusted,label_shift,multi_objective_dp_shift_atcp,0.85,0.7999999999999999,0.85,0.8958333333333334,0.872,0.9402985074626866,0.06829850746268662,1.3385416666666667,0.8645833333333334,0.3385416666666667,1.8347394278606972,0.00015205399625813483,0.8020833333333334,0.76,0.8805970149253731,0.12059701492537311,1.2473958333333333,0.24739583333333334,0.859375
Pima,model_c_extended_transport,XGBoost,label_shift_adjusted,label_shift,dp_shift_atcp,0.9,0.85,0.9,0.9479166666666666,0.928,0.9850746268656716,0.05707462686567155,1.5260416666666667,1.125,0.5260416666666666,2.108528606965174,0.00015205399625813483,0.8645833333333334,0.832,0.9253731343283582,0.09337313432835825,1.4140625,0.4140625,1.0677083333333333
Pima,model_c_extended_transport,XGBoost,label_shift_adjusted,label_shift,multi_objective_dp_shift_atcp,0.9,0.85,0.9,0.9479166666666666,0.928,0.9850746268656716,0.05707462686567155,1.5260416666666667,1.125,0.5260416666666666,2.108528606965174,0.00015205399625813483,0.8645833333333334,0.832,0.9253731343283582,0.09337313432835825,1.4140625,0.4140625,1.0677083333333333
Pima,model_c_extended_transport,XGBoost,label_shift_adjusted,label_shift,dp_shift_atcp,0.92,0.87,0.92,0.9479166666666666,0.928,0.9850746268656716,0.05707462686567155,1.5260416666666667,1.125,0.5260416666666666,2.0085286069651738,0.00015205399625813483,0.8802083333333334,0.844,0.9477611940298507,0.10376119402985073,1.453125,0.453125,1.0989583333333333
Pima,model_c_extended_transport,XGBoost,label_shift_adjusted,label_shift,multi_objective_dp_shift_atcp,0.92,0.87,0.92,0.9479166666666666,0.928,0.9850746268656716,0.05707462686567155,1.5260416666666667,1.125,0.5260416666666666,2.0085286069651738,0.00015205399625813483,0.8802083333333334,0.844,0.9477611940298507,0.10376119402985073,1.453125,0.453125,1.0989583333333333
Pima,model_c_extended_transport,XGBoost,label_shift_adjusted,label_shift,dp_shift_atcp,0.95,0.8999999999999999,0.95,0.9583333333333334,0.944,0.9850746268656716,0.04107462686567165,1.6197916666666667,1.3020833333333333,0.6197916666666666,2.0501536069651745,0.00015205399625813483,0.9114583333333334,0.88,0.9701492537313433,0.0901492537313433,1.5494791666666667,0.5494791666666666,1.2291666666666667
Pima,model_c_extended_transport,XGBoost,label_shift_adjusted,label_shift,multi_objective_dp_shift_atcp,0.95,0.8999999999999999,0.95,0.9583333333333334,0.944,0.9850746268656716,0.04107462686567165,1.6197916666666667,1.3020833333333333,0.6197916666666666,2.0501536069651745,0.00015205399625813483,0.9114583333333334,0.88,0.9701492537313433,0.0901492537313433,1.5494791666666667,0.5494791666666666,1.2291666666666667
Pima,model_c_extended_transport,XGBoost,fixed_recalibration_source_selected,uncalibrated,dp_shift_atcp,0.8,0.75,0.8,0.8489583333333334,0.832,0.8805970149253731,0.04859701492537316,1.21875,0.7552083333333334,0.21875,1.6702913557213932,0.00015205399625813483,0.7317708333333334,0.696,0.7985074626865671,0.10250746268656719,1.1067708333333333,0.10677083333333333,0.7630208333333334
Pima,model_c_extended_transport,XGBoost,fixed_recalibration_source_selected,uncalibrated,multi_objective_dp_shift_atcp,0.8,0.75,0.8,0.8489583333333334,0.832,0.8805970149253731,0.04859701492537316,1.21875,0.7552083333333334,0.21875,1.6702913557213932,0.00015205399625813483,0.7317708333333334,0.696,0.7985074626865671,0.10250746268656719,1.1067708333333333,0.10677083333333333,0.7630208333333334
Pima,model_c_extended_transport,XGBoost,fixed_recalibration_source_selected,uncalibrated,dp_shift_atcp,0.85,0.7999999999999999,0.85,0.8958333333333334,0.872,0.9402985074626866,0.06829850746268662,1.3385416666666667,0.8645833333333334,0.3385416666666667,1.8347394278606972,0.00015205399625813483,0.8020833333333334,0.76,0.8805970149253731,0.12059701492537311,1.2473958333333333,0.24739583333333334,0.859375
Pima,model_c_extended_transport,XGBoost,fixed_recalibration_source_selected,uncalibrated,multi_objective_dp_shift_atcp,0.85,0.7999999999999999,0.85,0.8958333333333334,0.872,0.9402985074626866,0.06829850746268662,1.3385416666666667,0.8645833333333334,0.3385416666666667,1.8347394278606972,0.00015205399625813483,0.8020833333333334,0.76,0.8805970149253731,0.12059701492537311,1.2473958333333333,0.24739583333333334,0.859375
Pima,model_c_extended_transport,XGBoost,fixed_recalibration_source_selected,uncalibrated,dp_shift_atcp,0.9,0.85,0.9,0.9479166666666666,0.928,0.9850746268656716,0.05707462686567155,1.5260416666666667,1.125,0.5260416666666666,2.108528606965174,0.00015205399625813483,0.8645833333333334,0.832,0.9253731343283582,0.09337313432835825,1.4140625,0.4140625,1.0677083333333333
Pima,model_c_extended_transport,XGBoost,fixed_recalibration_source_selected,uncalibrated,multi_objective_dp_shift_atcp,0.9,0.85,0.9,0.9479166666666666,0.928,0.9850746268656716,0.05707462686567155,1.5260416666666667,1.125,0.5260416666666666,2.108528606965174,0.00015205399625813483,0.8645833333333334,0.832,0.9253731343283582,0.09337313432835825,1.4140625,0.4140625,1.0677083333333333
Pima,model_c_extended_transport,XGBoost,fixed_recalibration_source_selected,uncalibrated,dp_shift_atcp,0.92,0.87,0.92,0.9479166666666666,0.928,0.9850746268656716,0.05707462686567155,1.5260416666666667,1.125,0.5260416666666666,2.0085286069651738,0.00015205399625813483,0.8802083333333334,0.844,0.9477611940298507,0.10376119402985073,1.453125,0.453125,1.0989583333333333
Pima,model_c_extended_transport,XGBoost,fixed_recalibration_source_selected,uncalibrated,multi_objective_dp_shift_atcp,0.92,0.87,0.92,0.9479166666666666,0.928,0.9850746268656716,0.05707462686567155,1.5260416666666667,1.125,0.5260416666666666,2.0085286069651738,0.00015205399625813483,0.8802083333333334,0.844,0.9477611940298507,0.10376119402985073,1.453125,0.453125,1.0989583333333333
Pima,model_c_extended_transport,XGBoost,fixed_recalibration_source_selected,uncalibrated,dp_shift_atcp,0.95,0.8999999999999999,0.95,0.9583333333333334,0.944,0.9850746268656716,0.04107462686567165,1.6197916666666667,1.3020833333333333,0.6197916666666666,2.0501536069651745,0.00015205399625813483,0.9114583333333334,0.88,0.9701492537313433,0.0901492537313433,1.5494791666666667,0.5494791666666666,1.2291666666666667
Pima,model_c_extended_transport,XGBoost,fixed_recalibration_source_selected,uncalibrated,multi_objective_dp_shift_atcp,0.95,0.8999999999999999,0.95,0.9583333333333334,0.944,0.9850746268656716,0.04107462686567165,1.6197916666666667,1.3020833333333333,0.6197916666666666,2.0501536069651745,0.00015205399625813483,0.9114583333333334,0.88,0.9701492537313433,0.0901492537313433,1.5494791666666667,0.5494791666666666,1.2291666666666667
Pima,model_c_extended_transport,XGBoost,adaptive_calibration_target_selected,isotonic,dp_shift_atcp,0.8,0.75,0.8,0.890625,0.84,0.9850746268656716,0.14507462686567163,1.4583333333333333,1.046875,0.4583333333333333,2.3608411069651742,0.00015205399625813483,0.8333333333333334,0.772,0.9477611940298507,0.1757611940298507,1.3489583333333333,0.3489583333333333,0.9375
Pima,model_c_extended_transport,XGBoost,adaptive_calibration_target_selected,isotonic,multi_objective_dp_shift_atcp,0.8,0.75,0.8,0.890625,0.84,0.9850746268656716,0.14507462686567163,1.4583333333333333,1.046875,0.4583333333333333,2.3608411069651742,0.00015205399625813483,0.8333333333333334,0.772,0.9477611940298507,0.1757611940298507,1.3489583333333333,0.3489583333333333,0.9375
Pima,model_c_extended_transport,XGBoost,adaptive_calibration_target_selected,isotonic,dp_shift_atcp,0.85,0.7999999999999999,0.85,0.9479166666666666,0.928,0.9850746268656716,0.05707462686567155,1.609375,1.2916666666666667,0.609375,2.508528606965174,0.00015205399625813483,0.8333333333333334,0.772,0.9477611940298507,0.1757611940298507,1.3489583333333333,0.3489583333333333,0.9375
Pima,model_c_extended_transport,XGBoost,adaptive_calibration_target_selected,isotonic,multi_objective_dp_shift_atcp,0.85,0.7999999999999999,0.85,0.9479166666666666,0.928,0.9850746268656716,0.05707462686567155,1.609375,1.2916666666666667,0.609375,2.508528606965174,0.00015205399625813483,0.8333333333333334,0.772,0.9477611940298507,0.1757611940298507,1.3489583333333333,0.3489583333333333,0.9375
Pima,model_c_extended_transport,XGBoost,adaptive_calibration_target_selected,isotonic,dp_shift_atcp,0.9,0.85,0.9,0.9479166666666666,0.928,0.9850746268656716,0.05707462686567155,1.609375,1.2916666666666667,0.609375,2.2585286069651738,0.00015205399625813483,0.8984375,0.872,0.9477611940298507,0.07576119402985071,1.5052083333333333,0.5052083333333334,1.1848958333333333
Pima,model_c_extended_transport,XGBoost,adaptive_calibration_target_selected,isotonic,multi_objective_dp_shift_atcp,0.9,0.85,0.9,0.9479166666666666,0.928,0.9850746268656716,0.05707462686567155,1.609375,1.2916666666666667,0.609375,2.2585286069651738,0.00015205399625813483,0.8984375,0.872,0.9477611940298507,0.07576119402985071,1.5052083333333333,0.5052083333333334,1.1848958333333333
Pima,model_c_extended_transport,XGBoost,adaptive_calibration_target_selected,isotonic,dp_shift_atcp,0.92,0.87,0.92,0.9479166666666666,0.928,0.9850746268656716,0.05707462686567155,1.609375,1.2916666666666667,0.609375,2.1585286069651737,0.00015205399625813483,0.8984375,0.872,0.9477611940298507,0.07576119402985071,1.5052083333333333,0.5052083333333334,1.1848958333333333
Pima,model_c_extended_transport,XGBoost,adaptive_calibration_target_selected,isotonic,multi_objective_dp_shift_atcp,0.92,0.87,0.92,0.9479166666666666,0.928,0.9850746268656716,0.05707462686567155,1.609375,1.2916666666666667,0.609375,2.1585286069651737,0.00015205399625813483,0.8984375,0.872,0.9477611940298507,0.07576119402985071,1.5052083333333333,0.5052083333333334,1.1848958333333333
Pima,model_c_extended_transport,XGBoost,adaptive_calibration_target_selected,isotonic,dp_shift_atcp,0.95,0.8999999999999999,0.95,0.9739583333333334,0.968,0.9850746268656716,0.017074626865671627,1.6875,1.421875,0.6875,2.2063411069651746,0.00015205399625813483,0.9479166666666666,0.928,0.9850746268656716,0.05707462686567155,1.6848958333333333,0.6848958333333334,1.4427083333333333
Pima,model_c_extended_transport,XGBoost,adaptive_calibration_target_selected,isotonic,multi_objective_dp_shift_atcp,0.95,0.8999999999999999,0.95,0.9739583333333334,0.968,0.9850746268656716,0.017074626865671627,1.6875,1.421875,0.6875,2.2063411069651746,0.00015205399625813483,0.9479166666666666,0.928,0.9850746268656716,0.05707462686567155,1.6848958333333333,0.6848958333333334,1.4427083333333333
NHANES,model_c_extended_transport,LightGBM,naive_transfer,uncalibrated,dp_shift_atcp,0.8,0.78,0.8,0.7993019197207679,0.7838983050847458,0.8712871287128713,0.0873888236281255,0.9406631762652705,0.3961605584642234,0.059336823734729496,1.085184457082677,0.0002517826567650061,0.7993019197207679,0.8040254237288136,0.7772277227722773,0.02679770095653633,0.9048865619546248,0.09511343804537521,0.4816753926701571
NHANES,model_c_extended_transport,LightGBM,naive_transfer,uncalibrated,multi_objective_dp_shift_atcp,0.8,0.78,0.8,0.7993019197207679,0.7838983050847458,0.8712871287128713,0.0873888236281255,0.9406631762652705,0.3961605584642234,0.059336823734729496,1.085184457082677,0.0002517826567650061,0.8045375218150087,0.8569915254237288,0.5594059405940595,0.29758558482966935,0.8446771378708552,0.15532286212914484,0.6108202443280978
NHANES,model_c_extended_transport,LightGBM,naive_transfer,uncalibrated,dp_shift_atcp,0.85,0.85,0.85,0.8516579406631762,0.8432203389830508,0.8910891089108911,0.04786876992784028,1.0558464223385688,0.3368237347294939,0.055846422338568937,1.0931818634432438,0.0002517826567650061,0.8708551483420593,0.8728813559322034,0.8613861386138614,0.011495217318342021,1.031413612565445,0.031413612565445025,0.28970331588132636
NHANES,model_c_extended_transport,LightGBM,naive_transfer,uncalibrated,multi_objective_dp_shift_atcp,0.85,0.85,0.85,0.8516579406631762,0.8432203389830508,0.8910891089108911,0.04786876992784028,1.0558464223385688,0.3368237347294939,0.055846422338568937,1.0931818634432438,0.0002517826567650061,0.8708551483420593,0.8728813559322034,0.8613861386138614,0.011495217318342021,1.031413612565445,0.031413612565445025,0.28970331588132636
NHANES,model_c_extended_transport,LightGBM,naive_transfer,uncalibrated,dp_shift_atcp,0.9,0.9,0.9,0.9075043630017452,0.9004237288135594,0.9405940594059405,0.040170330592381176,1.1919720767888307,0.518324607329843,0.19197207678883071,1.3105172759932837,0.0002517826567650061,0.9066317626527051,0.913135593220339,0.8762376237623762,0.036897969457962754,1.149214659685864,0.14921465968586387,0.4790575916230366
NHANES,model_c_extended_transport,LightGBM,naive_transfer,uncalibrated,multi_objective_dp_shift_atcp,0.9,0.9,0.9,0.9075043630017452,0.9004237288135594,0.9405940594059405,0.040170330592381176,1.1919720767888307,0.518324607329843,0.19197207678883071,1.3105172759932837,0.0002517826567650061,0.9066317626527051,0.913135593220339,0.8762376237623762,0.036897969457962754,1.149214659685864,0.14921465968586387,0.4790575916230366
NHANES,model_c_extended_transport,LightGBM,naive_transfer,uncalibrated,dp_shift_atcp,0.92,0.91,0.92,0.9214659685863874,0.913135593220339,0.9603960396039604,0.04726044638362137,1.2321116928446771,0.5706806282722513,0.23211169284467714,1.3492501809192363,0.0002517826567650061,0.9153577661431065,0.9205508474576272,0.8910891089108911,0.02946173854673606,1.2006980802792322,0.2006980802792321,0.56282722513089
NHANES,model_c_extended_transport,LightGBM,naive_transfer,uncalibrated,multi_objective_dp_shift_atcp,0.92,0.91,0.92,0.9214659685863874,0.913135593220339,0.9603960396039604,0.04726044638362137,1.2321116928446771,0.5706806282722513,0.23211169284467714,1.3492501809192363,0.0002517826567650061,0.9153577661431065,0.9205508474576272,0.8910891089108911,0.02946173854673606,1.2006980802792322,0.2006980802792321,0.56282722513089
NHANES,model_c_extended_transport,LightGBM,naive_transfer,uncalibrated,dp_shift_atcp,0.95,0.94,0.95,0.9511343804537522,0.9449152542372882,0.9801980198019802,0.03528276556469201,1.3525305410122164,0.7678883071553229,0.3525305410122164,1.524564637003234,0.0002517826567650061,0.93717277486911,0.9427966101694916,0.9108910891089109,0.031905521060580644,1.2731239092495636,0.2731239092495637,0.6719022687609075
NHANES,model_c_extended_transport,LightGBM,naive_transfer,uncalibrated,multi_objective_dp_shift_atcp,0.95,0.94,0.95,0.9511343804537522,0.9449152542372882,0.9801980198019802,0.03528276556469201,1.3525305410122164,0.7678883071553229,0.3525305410122164,1.524564637003234,0.0002517826567650061,0.93717277486911,0.9427966101694916,0.9108910891089109,0.031905521060580644,1.2731239092495636,0.2731239092495637,0.6719022687609075
NHANES,model_c_extended_transport,LightGBM,label_shift_adjusted,label_shift,dp_shift_atcp,0.8,0.78,0.8,0.7993019197207679,0.7838983050847458,0.8712871287128713,0.0873888236281255,0.9406631762652705,0.3961605584642234,0.059336823734729496,1.085184457082677,0.0002517826567650061,0.7993019197207679,0.8040254237288136,0.7772277227722773,0.02679770095653633,0.9048865619546248,0.09511343804537521,0.4816753926701571
NHANES,model_c_extended_transport,LightGBM,label_shift_adjusted,label_shift,multi_objective_dp_shift_atcp,0.8,0.78,0.8,0.7993019197207679,0.7838983050847458,0.8712871287128713,0.0873888236281255,0.9406631762652705,0.3961605584642234,0.059336823734729496,1.085184457082677,0.0002517826567650061,0.8019197207678883,0.8527542372881356,0.5643564356435643,0.2883978016445713,0.8429319371727748,0.15706806282722513,0.6134380453752182
NHANES,model_c_extended_transport,LightGBM,label_shift_adjusted,label_shift,dp_shift_atcp,0.85,0.85,0.85,0.8516579406631762,0.8432203389830508,0.8910891089108911,0.04786876992784028,1.0558464223385688,0.3368237347294939,0.055846422338568937,1.0931818634432438,0.0002517826567650061,0.8708551483420593,0.8728813559322034,0.8613861386138614,0.011495217318342021,1.031413612565445,0.031413612565445025,0.28970331588132636
NHANES,model_c_extended_transport,LightGBM,label_shift_adjusted,label_shift,multi_objective_dp_shift_atcp,0.85,0.85,0.85,0.8516579406631762,0.8432203389830508,0.8910891089108911,0.04786876992784028,1.0558464223385688,0.3368237347294939,0.055846422338568937,1.0931818634432438,0.0002517826567650061,0.8708551483420593,0.8728813559322034,0.8613861386138614,0.011495217318342021,1.031413612565445,0.031413612565445025,0.28970331588132636
NHANES,model_c_extended_transport,LightGBM,label_shift_adjusted,label_shift,dp_shift_atcp,0.9,0.9,0.9,0.9075043630017452,0.9004237288135594,0.9405940594059405,0.040170330592381176,1.1919720767888307,0.518324607329843,0.19197207678883071,1.3105172759932837,0.0002517826567650061,0.9066317626527051,0.913135593220339,0.8762376237623762,0.036897969457962754,1.149214659685864,0.14921465968586387,0.4790575916230366
NHANES,model_c_extended_transport,LightGBM,label_shift_adjusted,label_shift,multi_objective_dp_shift_atcp,0.9,0.9,0.9,0.9075043630017452,0.9004237288135594,0.9405940594059405,0.040170330592381176,1.1919720767888307,0.518324607329843,0.19197207678883071,1.3105172759932837,0.0002517826567650061,0.9066317626527051,0.913135593220339,0.8762376237623762,0.036897969457962754,1.149214659685864,0.14921465968586387,0.4790575916230366
NHANES,model_c_extended_transport,LightGBM,label_shift_adjusted,label_shift,dp_shift_atcp,0.92,0.91,0.92,0.9214659685863874,0.913135593220339,0.9603960396039604,0.04726044638362137,1.2321116928446771,0.5706806282722513,0.23211169284467714,1.3492501809192363,0.0002517826567650061,0.9153577661431065,0.9205508474576272,0.8910891089108911,0.02946173854673606,1.2006980802792322,0.2006980802792321,0.56282722513089
NHANES,model_c_extended_transport,LightGBM,label_shift_adjusted,label_shift,multi_objective_dp_shift_atcp,0.92,0.91,0.92,0.9214659685863874,0.913135593220339,0.9603960396039604,0.04726044638362137,1.2321116928446771,0.5706806282722513,0.23211169284467714,1.3492501809192363,0.0002517826567650061,0.9153577661431065,0.9205508474576272,0.8910891089108911,0.02946173854673606,1.2006980802792322,0.2006980802792321,0.56282722513089
NHANES,model_c_extended_transport,LightGBM,label_shift_adjusted,label_shift,dp_shift_atcp,0.95,0.94,0.95,0.9511343804537522,0.9449152542372882,0.9801980198019802,0.03528276556469201,1.3525305410122164,0.7678883071553229,0.3525305410122164,1.524564637003234,0.0002517826567650061,0.93717277486911,0.9427966101694916,0.9108910891089109,0.031905521060580644,1.2731239092495636,0.2731239092495637,0.6719022687609075
NHANES,model_c_extended_transport,LightGBM,label_shift_adjusted,label_shift,multi_objective_dp_shift_atcp,0.95,0.94,0.95,0.9511343804537522,0.9449152542372882,0.9801980198019802,0.03528276556469201,1.3525305410122164,0.7678883071553229,0.3525305410122164,1.524564637003234,0.0002517826567650061,0.93717277486911,0.9427966101694916,0.9108910891089109,0.031905521060580644,1.2731239092495636,0.2731239092495637,0.6719022687609075
NHANES,model_c_extended_transport,LightGBM,fixed_recalibration_source_selected,beta,dp_shift_atcp,0.8,0.78,0.8,0.7993019197207679,0.7838983050847458,0.8712871287128713,0.0873888236281255,0.9406631762652705,0.3961605584642234,0.059336823734729496,1.085184457082677,0.0002517826567650061,0.7993019197207679,0.8040254237288136,0.7772277227722773,0.02679770095653633,0.9048865619546248,0.09511343804537521,0.4816753926701571
NHANES,model_c_extended_transport,LightGBM,fixed_recalibration_source_selected,beta,multi_objective_dp_shift_atcp,0.8,0.78,0.8,0.7993019197207679,0.7838983050847458,0.8712871287128713,0.0873888236281255,0.9406631762652705,0.3961605584642234,0.059336823734729496,1.085184457082677,0.0002517826567650061,0.8115183246073299,0.8760593220338984,0.5099009900990099,0.36615833193488845,0.8551483420593369,0.14485165794066318,0.5968586387434555
NHANES,model_c_extended_transport,LightGBM,fixed_recalibration_source_selected,beta,dp_shift_atcp,0.85,0.85,0.85,0.8516579406631762,0.8432203389830508,0.8910891089108911,0.04786876992784028,1.0558464223385688,0.3368237347294939,0.055846422338568937,1.0931818634432438,0.0002517826567650061,0.8708551483420593,0.8728813559322034,0.8613861386138614,0.011495217318342021,1.031413612565445,0.031413612565445025,0.28970331588132636
NHANES,model_c_extended_transport,LightGBM,fixed_recalibration_source_selected,beta,multi_objective_dp_shift_atcp,0.85,0.85,0.85,0.8516579406631762,0.8432203389830508,0.8910891089108911,0.04786876992784028,1.0558464223385688,0.3368237347294939,0.055846422338568937,1.0931818634432438,0.0002517826567650061,0.8708551483420593,0.8728813559322034,0.8613861386138614,0.011495217318342021,1.031413612565445,0.031413612565445025,0.28970331588132636
NHANES,model_c_extended_transport,LightGBM,fixed_recalibration_source_selected,beta,dp_shift_atcp,0.9,0.89,0.9,0.8917975567190227,0.8813559322033898,0.9405940594059405,0.05923812720255073,1.1675392670157068,0.4851657940663176,0.16753926701570682,1.3064837178544368,0.0002517826567650061,0.8944153577661431,0.8983050847457628,0.8762376237623762,0.022067460983386522,1.1352530541012216,0.13525305410122165,0.46335078534031415
NHANES,model_c_extended_transport,LightGBM,fixed_recalibration_source_selected,beta,multi_objective_dp_shift_atcp,0.9,0.89,0.9,0.8917975567190227,0.8813559322033898,0.9405940594059405,0.05923812720255073,1.1675392670157068,0.4851657940663176,0.16753926701570682,1.3064837178544368,0.0002517826567650061,0.9031413612565445,0.975635593220339,0.5643564356435643,0.4112791575767747,0.9912739965095986,0.008726003490401396,0.4040139616055846
NHANES,model_c_extended_transport,LightGBM,fixed_recalibration_source_selected,beta,dp_shift_atcp,0.92,0.91,0.92,0.9214659685863874,0.913135593220339,0.9603960396039604,0.04726044638362137,1.2321116928446771,0.5706806282722513,0.23211169284467714,1.3492501809192363,0.0002517826567650061,0.9153577661431065,0.9205508474576272,0.8910891089108911,0.02946173854673606,1.2006980802792322,0.2006980802792321,0.56282722513089
NHANES,model_c_extended_transport,LightGBM,fixed_recalibration_source_selected,beta,multi_objective_dp_shift_atcp,0.92,0.91,0.92,0.9214659685863874,0.913135593220339,0.9603960396039604,0.04726044638362137,1.2321116928446771,0.5706806282722513,0.23211169284467714,1.3492501809192363,0.0002517826567650061,0.9153577661431065,0.9205508474576272,0.8910891089108911,0.02946173854673606,1.2006980802792322,0.2006980802792321,0.56282722513089
NHANES,model_c_extended_transport,LightGBM,fixed_recalibration_source_selected,beta,dp_shift_atcp,0.95,0.94,0.95,0.9511343804537522,0.9449152542372882,0.9801980198019802,0.03528276556469201,1.3525305410122164,0.7678883071553229,0.3525305410122164,1.524564637003234,0.0002517826567650061,0.93717277486911,0.9427966101694916,0.9108910891089109,0.031905521060580644,1.2731239092495636,0.2731239092495637,0.6719022687609075
NHANES,model_c_extended_transport,LightGBM,fixed_recalibration_source_selected,beta,multi_objective_dp_shift_atcp,0.95,0.94,0.95,0.9511343804537522,0.9449152542372882,0.9801980198019802,0.03528276556469201,1.3525305410122164,0.7678883071553229,0.3525305410122164,1.524564637003234,0.0002517826567650061,0.93717277486911,0.9427966101694916,0.9108910891089109,0.031905521060580644,1.2731239092495636,0.2731239092495637,0.6719022687609075
NHANES,model_c_extended_transport,LightGBM,adaptive_calibration_target_selected,platt,dp_shift_atcp,0.8,0.78,0.8,0.7993019197207679,0.7838983050847458,0.8712871287128713,0.0873888236281255,0.9406631762652705,0.3961605584642234,0.059336823734729496,1.085184457082677,0.0002517826567650061,0.7993019197207679,0.8040254237288136,0.7772277227722773,0.02679770095653633,0.9048865619546248,0.09511343804537521,0.4816753926701571
NHANES,model_c_extended_transport,LightGBM,adaptive_calibration_target_selected,platt,multi_objective_dp_shift_atcp,0.8,0.78,0.8,0.7993019197207679,0.7838983050847458,0.8712871287128713,0.0873888236281255,0.9406631762652705,0.3961605584642234,0.059336823734729496,1.085184457082677,0.0002517826567650061,0.8097731239092496,0.8739406779661016,0.5099009900990099,0.36403968786709173,0.8525305410122164,0.1474694589877836,0.6003490401396161
NHANES,model_c_extended_transport,LightGBM,adaptive_calibration_target_selected,platt,dp_shift_atcp,0.85,0.85,0.85,0.8516579406631762,0.8432203389830508,0.8910891089108911,0.04786876992784028,1.0558464223385688,0.3368237347294939,0.055846422338568937,1.0931818634432438,0.0002517826567650061,0.8708551483420593,0.8728813559322034,0.8613861386138614,0.011495217318342021,1.031413612565445,0.031413612565445025,0.28970331588132636
NHANES,model_c_extended_transport,LightGBM,adaptive_calibration_target_selected,platt,multi_objective_dp_shift_atcp,0.85,0.85,0.85,0.8516579406631762,0.8432203389830508,0.8910891089108911,0.04786876992784028,1.0558464223385688,0.3368237347294939,0.055846422338568937,1.0931818634432438,0.0002517826567650061,0.8708551483420593,0.8728813559322034,0.8613861386138614,0.011495217318342021,1.031413612565445,0.031413612565445025,0.28970331588132636
NHANES,model_c_extended_transport,LightGBM,adaptive_calibration_target_selected,platt,dp_shift_atcp,0.9,0.9,0.9,0.9075043630017452,0.9004237288135594,0.9405940594059405,0.040170330592381176,1.1919720767888307,0.518324607329843,0.19197207678883071,1.3105172759932837,0.0002517826567650061,0.9066317626527051,0.913135593220339,0.8762376237623762,0.036897969457962754,1.149214659685864,0.14921465968586387,0.4790575916230366
NHANES,model_c_extended_transport,LightGBM,adaptive_calibration_target_selected,platt,multi_objective_dp_shift_atcp,0.9,0.9,0.9,0.9075043630017452,0.9004237288135594,0.9405940594059405,0.040170330592381176,1.1919720767888307,0.518324607329843,0.19197207678883071,1.3105172759932837,0.0002517826567650061,0.9066317626527051,0.913135593220339,0.8762376237623762,0.036897969457962754,1.149214659685864,0.14921465968586387,0.4790575916230366
NHANES,model_c_extended_transport,LightGBM,adaptive_calibration_target_selected,platt,dp_shift_atcp,0.92,0.91,0.92,0.9214659685863874,0.913135593220339,0.9603960396039604,0.04726044638362137,1.2321116928446771,0.5706806282722513,0.23211169284467714,1.3492501809192363,0.0002517826567650061,0.9153577661431065,0.9205508474576272,0.8910891089108911,0.02946173854673606,1.2006980802792322,0.2006980802792321,0.56282722513089
NHANES,model_c_extended_transport,LightGBM,adaptive_calibration_target_selected,platt,multi_objective_dp_shift_atcp,0.92,0.91,0.92,0.9214659685863874,0.913135593220339,0.9603960396039604,0.04726044638362137,1.2321116928446771,0.5706806282722513,0.23211169284467714,1.3492501809192363,0.0002517826567650061,0.9153577661431065,0.9205508474576272,0.8910891089108911,0.02946173854673606,1.2006980802792322,0.2006980802792321,0.56282722513089
NHANES,model_c_extended_transport,LightGBM,adaptive_calibration_target_selected,platt,dp_shift_atcp,0.95,0.94,0.95,0.9511343804537522,0.9449152542372882,0.9801980198019802,0.03528276556469201,1.3525305410122164,0.7678883071553229,0.3525305410122164,1.524564637003234,0.0002517826567650061,0.93717277486911,0.9427966101694916,0.9108910891089109,0.031905521060580644,1.2731239092495636,0.2731239092495637,0.6719022687609075
NHANES,model_c_extended_transport,LightGBM,adaptive_calibration_target_selected,platt,multi_objective_dp_shift_atcp,0.95,0.94,0.95,0.9511343804537522,0.9449152542372882,0.9801980198019802,0.03528276556469201,1.3525305410122164,0.7678883071553229,0.3525305410122164,1.524564637003234,0.0002517826567650061,0.93717277486911,0.9427966101694916,0.9108910891089109,0.031905521060580644,1.2731239092495636,0.2731239092495637,0.6719022687609075
Pima,model_c_extended_transport,LightGBM,naive_transfer,uncalibrated,dp_shift_atcp,0.8,0.75,0.8,0.8020833333333334,0.76,0.8805970149253731,0.12059701492537311,1.265625,0.8958333333333334,0.265625,1.651728855721393,0.00015205399625813483,0.8229166666666666,0.792,0.8805970149253731,0.08859701492537309,1.2890625,0.2890625,0.921875
Pima,model_c_extended_transport,LightGBM,naive_transfer,uncalibrated,multi_objective_dp_shift_atcp,0.8,0.75,0.8,0.8020833333333334,0.76,0.8805970149253731,0.12059701492537311,1.265625,0.8958333333333334,0.265625,1.651728855721393,0.00015205399625813483,0.8229166666666666,0.792,0.8805970149253731,0.08859701492537309,1.2890625,0.2890625,0.921875
Pima,model_c_extended_transport,LightGBM,naive_transfer,uncalibrated,dp_shift_atcp,0.85,0.83,0.85,0.8541666666666666,0.832,0.8955223880597015,0.06352238805970156,1.3645833333333333,1.0208333333333333,0.3645833333333333,1.7182002487562187,0.00015205399625813483,0.859375,0.844,0.8880597014925373,0.04405970149253735,1.4114583333333333,0.4114583333333333,1.1197916666666667
Pima,model_c_extended_transport,LightGBM,naive_transfer,uncalibrated,multi_objective_dp_shift_atcp,0.85,0.83,0.85,0.8541666666666666,0.832,0.8955223880597015,0.06352238805970156,1.3645833333333333,1.0208333333333333,0.3645833333333333,1.7182002487562187,0.00015205399625813483,0.859375,0.844,0.8880597014925373,0.04405970149253735,1.4114583333333333,0.4114583333333333,1.1197916666666667
Pima,model_c_extended_transport,LightGBM,naive_transfer,uncalibrated,dp_shift_atcp,0.9,0.87,0.9,0.9010416666666666,0.864,0.9701492537313433,0.10614925373134332,1.6197916666666667,1.3802083333333333,0.6197916666666666,2.150369713930348,0.00015205399625813483,0.8880208333333334,0.876,0.9104477611940298,0.03444776119402981,1.5963541666666667,0.5963541666666666,1.4296875
Pima,model_c_extended_transport,LightGBM,naive_transfer,uncalibrated,multi_objective_dp_shift_atcp,0.9,0.87,0.9,0.9010416666666666,0.864,0.9701492537313433,0.10614925373134332,1.6197916666666667,1.3802083333333333,0.6197916666666666,2.150369713930348,0.00015205399625813483,0.8880208333333334,0.876,0.9104477611940298,0.03444776119402981,1.5963541666666667,0.5963541666666666,1.4296875
Pima,model_c_extended_transport,LightGBM,naive_transfer,uncalibrated,dp_shift_atcp,0.92,0.87,0.92,0.90625,0.864,0.9850746268656716,0.12107462686567161,1.6354166666666667,1.3854166666666667,0.6354166666666666,2.2514036069651744,0.00015205399625813483,0.8958333333333334,0.876,0.9328358208955224,0.056835820895522415,1.6536458333333333,0.6536458333333334,1.5052083333333333
Pima,model_c_extended_transport,LightGBM,naive_transfer,uncalibrated,multi_objective_dp_shift_atcp,0.92,0.87,0.92,0.90625,0.864,0.9850746268656716,0.12107462686567161,1.6354166666666667,1.3854166666666667,0.6354166666666666,2.2514036069651744,0.00015205399625813483,0.9557291666666666,1.0,0.8731343283582089,0.12686567164179108,1.5989583333333333,0.5989583333333334,1.4192708333333333
Pima,model_c_extended_transport,LightGBM,naive_transfer,uncalibrated,dp_shift_atcp,0.95,0.8999999999999999,0.95,0.9427083333333334,0.92,0.9850746268656716,0.06507462686567156,1.7239583333333333,1.5260416666666667,0.7239583333333334,2.27625777363184,0.00015205399625813483,0.9244791666666666,0.904,0.9626865671641791,0.05868656716417908,1.7395833333333333,0.7395833333333334,1.6067708333333333
Pima,model_c_extended_transport,LightGBM,naive_transfer,uncalibrated,multi_objective_dp_shift_atcp,0.95,0.8999999999999999,0.95,0.9427083333333334,0.92,0.9850746268656716,0.06507462686567156,1.7239583333333333,1.5260416666666667,0.7239583333333334,2.27625777363184,0.00015205399625813483,0.9661458333333334,1.0,0.9029850746268657,0.09701492537313428,1.7005208333333333,0.7005208333333334,1.5703125
Pima,model_c_extended_transport,LightGBM,label_shift_adjusted,label_shift,dp_shift_atcp,0.8,0.75,0.8,0.8020833333333334,0.76,0.8805970149253731,0.12059701492537311,1.265625,0.8958333333333334,0.265625,1.651728855721393,0.00015205399625813483,0.8229166666666666,0.792,0.8805970149253731,0.08859701492537309,1.2890625,0.2890625,0.921875
Pima,model_c_extended_transport,LightGBM,label_shift_adjusted,label_shift,multi_objective_dp_shift_atcp,0.8,0.75,0.8,0.8020833333333334,0.76,0.8805970149253731,0.12059701492537311,1.265625,0.8958333333333334,0.265625,1.651728855721393,0.00015205399625813483,0.8229166666666666,0.792,0.8805970149253731,0.08859701492537309,1.2890625,0.2890625,0.921875
Pima,model_c_extended_transport,LightGBM,label_shift_adjusted,label_shift,dp_shift_atcp,0.85,0.83,0.85,0.8541666666666666,0.832,0.8955223880597015,0.06352238805970156,1.3645833333333333,1.0208333333333333,0.3645833333333333,1.7182002487562187,0.00015205399625813483,0.859375,0.844,0.8880597014925373,0.04405970149253735,1.4114583333333333,0.4114583333333333,1.1197916666666667
Pima,model_c_extended_transport,LightGBM,label_shift_adjusted,label_shift,multi_objective_dp_shift_atcp,0.85,0.83,0.85,0.8541666666666666,0.832,0.8955223880597015,0.06352238805970156,1.3645833333333333,1.0208333333333333,0.3645833333333333,1.7182002487562187,0.00015205399625813483,0.859375,0.844,0.8880597014925373,0.04405970149253735,1.4114583333333333,0.4114583333333333,1.1197916666666667
Pima,model_c_extended_transport,LightGBM,label_shift_adjusted,label_shift,dp_shift_atcp,0.9,0.87,0.9,0.9010416666666666,0.864,0.9701492537313433,0.10614925373134332,1.6197916666666667,1.3802083333333333,0.6197916666666666,2.150369713930348,0.00015205399625813483,0.8880208333333334,0.876,0.9104477611940298,0.03444776119402981,1.5963541666666667,0.5963541666666666,1.4296875
Pima,model_c_extended_transport,LightGBM,label_shift_adjusted,label_shift,multi_objective_dp_shift_atcp,0.9,0.87,0.9,0.9010416666666666,0.864,0.9701492537313433,0.10614925373134332,1.6197916666666667,1.3802083333333333,0.6197916666666666,2.150369713930348,0.00015205399625813483,0.8880208333333334,0.876,0.9104477611940298,0.03444776119402981,1.5963541666666667,0.5963541666666666,1.4296875
Pima,model_c_extended_transport,LightGBM,label_shift_adjusted,label_shift,dp_shift_atcp,0.92,0.87,0.92,0.90625,0.864,0.9850746268656716,0.12107462686567161,1.6354166666666667,1.3854166666666667,0.6354166666666666,2.2514036069651744,0.00015205399625813483,0.8958333333333334,0.876,0.9328358208955224,0.056835820895522415,1.6536458333333333,0.6536458333333334,1.5052083333333333
Pima,model_c_extended_transport,LightGBM,label_shift_adjusted,label_shift,multi_objective_dp_shift_atcp,0.92,0.87,0.92,0.90625,0.864,0.9850746268656716,0.12107462686567161,1.6354166666666667,1.3854166666666667,0.6354166666666666,2.2514036069651744,0.00015205399625813483,0.9557291666666666,1.0,0.8731343283582089,0.12686567164179108,1.5989583333333333,0.5989583333333334,1.4192708333333333
Pima,model_c_extended_transport,LightGBM,label_shift_adjusted,label_shift,dp_shift_atcp,0.95,0.8999999999999999,0.95,0.9427083333333334,0.92,0.9850746268656716,0.06507462686567156,1.7239583333333333,1.5260416666666667,0.7239583333333334,2.27625777363184,0.00015205399625813483,0.9244791666666666,0.904,0.9626865671641791,0.05868656716417908,1.7395833333333333,0.7395833333333334,1.6067708333333333
Pima,model_c_extended_transport,LightGBM,label_shift_adjusted,label_shift,multi_objective_dp_shift_atcp,0.95,0.8999999999999999,0.95,0.9427083333333334,0.92,0.9850746268656716,0.06507462686567156,1.7239583333333333,1.5260416666666667,0.7239583333333334,2.27625777363184,0.00015205399625813483,0.9661458333333334,1.0,0.9029850746268657,0.09701492537313428,1.7005208333333333,0.7005208333333334,1.5703125
Pima,model_c_extended_transport,LightGBM,fixed_recalibration_source_selected,beta,dp_shift_atcp,0.8,0.75,0.8,0.8020833333333334,0.76,0.8805970149253731,0.12059701492537311,1.265625,0.8958333333333334,0.265625,1.651728855721393,0.00015205399625813483,0.8229166666666666,0.792,0.8805970149253731,0.08859701492537309,1.2890625,0.2890625,0.921875
Pima,model_c_extended_transport,LightGBM,fixed_recalibration_source_selected,beta,multi_objective_dp_shift_atcp,0.8,0.75,0.8,0.8020833333333334,0.76,0.8805970149253731,0.12059701492537311,1.265625,0.8958333333333334,0.265625,1.651728855721393,0.00015205399625813483,0.8229166666666666,0.792,0.8805970149253731,0.08859701492537309,1.2890625,0.2890625,0.921875
Pima,model_c_extended_transport,LightGBM,fixed_recalibration_source_selected,beta,dp_shift_atcp,0.85,0.83,0.85,0.8541666666666666,0.832,0.8955223880597015,0.06352238805970156,1.3645833333333333,1.0208333333333333,0.3645833333333333,1.7182002487562187,0.00015205399625813483,0.859375,0.844,0.8880597014925373,0.04405970149253735,1.4114583333333333,0.4114583333333333,1.1197916666666667
Pima,model_c_extended_transport,LightGBM,fixed_recalibration_source_selected,beta,multi_objective_dp_shift_atcp,0.85,0.83,0.85,0.8541666666666666,0.832,0.8955223880597015,0.06352238805970156,1.3645833333333333,1.0208333333333333,0.3645833333333333,1.7182002487562187,0.00015205399625813483,0.859375,0.844,0.8880597014925373,0.04405970149253735,1.4114583333333333,0.4114583333333333,1.1197916666666667
Pima,model_c_extended_transport,LightGBM,fixed_recalibration_source_selected,beta,dp_shift_atcp,0.9,0.87,0.9,0.9010416666666666,0.864,0.9701492537313433,0.10614925373134332,1.6197916666666667,1.3802083333333333,0.6197916666666666,2.150369713930348,0.00015205399625813483,0.8880208333333334,0.876,0.9104477611940298,0.03444776119402981,1.5963541666666667,0.5963541666666666,1.4296875
Pima,model_c_extended_transport,LightGBM,fixed_recalibration_source_selected,beta,multi_objective_dp_shift_atcp,0.9,0.87,0.9,0.9010416666666666,0.864,0.9701492537313433,0.10614925373134332,1.6197916666666667,1.3802083333333333,0.6197916666666666,2.150369713930348,0.00015205399625813483,0.8880208333333334,0.876,0.9104477611940298,0.03444776119402981,1.5963541666666667,0.5963541666666666,1.4296875
Pima,model_c_extended_transport,LightGBM,fixed_recalibration_source_selected,beta,dp_shift_atcp,0.92,0.87,0.92,0.90625,0.864,0.9850746268656716,0.12107462686567161,1.6354166666666667,1.3854166666666667,0.6354166666666666,2.2514036069651744,0.00015205399625813483,0.8958333333333334,0.876,0.9328358208955224,0.056835820895522415,1.6536458333333333,0.6536458333333334,1.5052083333333333
Pima,model_c_extended_transport,LightGBM,fixed_recalibration_source_selected,beta,multi_objective_dp_shift_atcp,0.92,0.87,0.92,0.90625,0.864,0.9850746268656716,0.12107462686567161,1.6354166666666667,1.3854166666666667,0.6354166666666666,2.2514036069651744,0.00015205399625813483,0.9557291666666666,1.0,0.8731343283582089,0.12686567164179108,1.5989583333333333,0.5989583333333334,1.4192708333333333
Pima,model_c_extended_transport,LightGBM,fixed_recalibration_source_selected,beta,dp_shift_atcp,0.95,0.8999999999999999,0.95,0.9427083333333334,0.92,0.9850746268656716,0.06507462686567156,1.7239583333333333,1.5260416666666667,0.7239583333333334,2.27625777363184,0.00015205399625813483,0.9244791666666666,0.904,0.9626865671641791,0.05868656716417908,1.7395833333333333,0.7395833333333334,1.6067708333333333
Pima,model_c_extended_transport,LightGBM,fixed_recalibration_source_selected,beta,multi_objective_dp_shift_atcp,0.95,0.8999999999999999,0.95,0.9427083333333334,0.92,0.9850746268656716,0.06507462686567156,1.7239583333333333,1.5260416666666667,0.7239583333333334,2.27625777363184,0.00015205399625813483,0.9661458333333334,1.0,0.9029850746268657,0.09701492537313428,1.7005208333333333,0.7005208333333334,1.5703125
Pima,model_c_extended_transport,LightGBM,adaptive_calibration_target_selected,isotonic,dp_shift_atcp,0.8,0.75,0.8,0.859375,0.84,0.8955223880597015,0.055522388059701555,1.3697916666666667,1.0260416666666667,0.3697916666666667,1.989012748756219,0.00015205399625813483,0.8723958333333334,0.864,0.8880597014925373,0.024059701492537333,1.4453125,0.4453125,1.1744791666666667
Pima,model_c_extended_transport,LightGBM,adaptive_calibration_target_selected,isotonic,multi_objective_dp_shift_atcp,0.8,0.75,0.8,0.859375,0.84,0.8955223880597015,0.055522388059701555,1.3697916666666667,1.0260416666666667,0.3697916666666667,1.989012748756219,0.00015205399625813483,0.8723958333333334,0.864,0.8880597014925373,0.024059701492537333,1.4453125,0.4453125,1.1744791666666667
Pima,model_c_extended_transport,LightGBM,adaptive_calibration_target_selected,isotonic,dp_shift_atcp,0.85,0.7999999999999999,0.85,0.859375,0.84,0.8955223880597015,0.055522388059701555,1.3697916666666667,1.0260416666666667,0.3697916666666667,1.7390127487562195,0.00015205399625813483,0.8723958333333334,0.864,0.8880597014925373,0.024059701492537333,1.4453125,0.4453125,1.1744791666666667
Pima,model_c_extended_transport,LightGBM,adaptive_calibration_target_selected,isotonic,multi_objective_dp_shift_atcp,0.85,0.7999999999999999,0.85,0.859375,0.84,0.8955223880597015,0.055522388059701555,1.3697916666666667,1.0260416666666667,0.3697916666666667,1.7390127487562195,0.00015205399625813483,0.8723958333333334,0.864,0.8880597014925373,0.024059701492537333,1.4453125,0.4453125,1.1744791666666667
Pima,model_c_extended_transport,LightGBM,adaptive_calibration_target_selected,isotonic,dp_shift_atcp,0.9,0.85,0.9,0.9635416666666666,0.944,1.0,0.05600000000000005,1.8072916666666667,1.6510416666666667,0.8072916666666666,2.6730625,0.00015205399625813483,0.9114583333333334,0.864,1.0,0.136,1.7526041666666667,0.7526041666666666,1.59375
Pima,model_c_extended_transport,LightGBM,adaptive_calibration_target_selected,isotonic,multi_objective_dp_shift_atcp,0.9,0.85,0.9,0.9635416666666666,0.944,1.0,0.05600000000000005,1.8072916666666667,1.6510416666666667,0.8072916666666666,2.6730625,0.00015205399625813483,0.9114583333333334,0.864,1.0,0.136,1.7526041666666667,0.7526041666666666,1.59375
Pima,model_c_extended_transport,LightGBM,adaptive_calibration_target_selected,isotonic,dp_shift_atcp,0.92,0.87,0.92,0.9635416666666666,0.944,1.0,0.05600000000000005,1.8072916666666667,1.6510416666666667,0.8072916666666666,2.5730625,0.00015205399625813483,0.9427083333333334,0.912,1.0,0.08799999999999997,1.8333333333333333,0.8333333333333334,1.7239583333333333
Pima,model_c_extended_transport,LightGBM,adaptive_calibration_target_selected,isotonic,multi_objective_dp_shift_atcp,0.92,0.87,0.92,0.9635416666666666,0.944,1.0,0.05600000000000005,1.8072916666666667,1.6510416666666667,0.8072916666666666,2.5730625,0.00015205399625813483,0.9427083333333334,0.912,1.0,0.08799999999999997,1.8333333333333333,0.8333333333333334,1.7239583333333333
Pima,model_c_extended_transport,LightGBM,adaptive_calibration_target_selected,isotonic,dp_shift_atcp,0.95,0.8999999999999999,0.95,0.9635416666666666,0.944,1.0,0.05600000000000005,1.8072916666666667,1.6510416666666667,0.8072916666666666,2.4230625000000003,0.00015205399625813483,0.9427083333333334,0.912,1.0,0.08799999999999997,1.8333333333333333,0.8333333333333334,1.7239583333333333
Pima,model_c_extended_transport,LightGBM,adaptive_calibration_target_selected,isotonic,multi_objective_dp_shift_atcp,0.95,0.8999999999999999,0.95,0.9635416666666666,0.944,1.0,0.05600000000000005,1.8072916666666667,1.6510416666666667,0.8072916666666666,2.4230625000000003,0.00015205399625813483,0.9427083333333334,0.912,1.0,0.08799999999999997,1.8333333333333333,0.8333333333333334,1.7239583333333333
NHANES,model_c_extended_transport,CatBoost,naive_transfer,uncalibrated,dp_shift_atcp,0.8,0.75,0.8200000000000001,0.8010471204188482,0.7860169491525424,0.8712871287128713,0.0852701795603289,0.9389179755671903,0.3769633507853403,0.06108202443280977,1.0727569272811563,0.0002517826567650061,0.7626527050610821,0.7521186440677966,0.8118811881188119,0.05976254405101533,0.8804537521815009,0.11954624781849912,0.5532286212914486
NHANES,model_c_extended_transport,CatBoost,naive_transfer,uncalibrated,multi_objective_dp_shift_atcp,0.8,0.75,0.8200000000000001,0.8010471204188482,0.7860169491525424,0.8712871287128713,0.0852701795603289,0.9389179755671903,0.3769633507853403,0.06108202443280977,1.0727569272811563,0.0002517826567650061,0.7626527050610821,0.7521186440677966,0.8118811881188119,0.05976254405101533,0.8804537521815009,0.11954624781849912,0.5532286212914486
NHANES,model_c_extended_transport,CatBoost,naive_transfer,uncalibrated,dp_shift_atcp,0.85,0.82,0.85,0.8464223385689355,0.8326271186440678,0.9108910891089109,0.07826397046484312,1.0349040139616057,0.2862129144851658,0.034904013961605584,1.1063139312644548,0.0002517826567650061,0.8350785340314136,0.8326271186440678,0.8465346534653465,0.013907534821278711,0.9720767888307156,0.027923211169284468,0.3080279232111693
NHANES,model_c_extended_transport,CatBoost,naive_transfer,uncalibrated,multi_objective_dp_shift_atcp,0.85,0.82,0.85,0.8464223385689355,0.8326271186440678,0.9108910891089109,0.07826397046484312,1.0349040139616057,0.2862129144851658,0.034904013961605584,1.1063139312644548,0.0002517826567650061,0.8507853403141361,0.9141949152542372,0.5544554455445545,0.35973946970968274,0.9083769633507853,0.09162303664921466,0.5
NHANES,model_c_extended_transport,CatBoost,naive_transfer,uncalibrated,dp_shift_atcp,0.9,0.89,0.9,0.900523560209424,0.8919491525423728,0.9405940594059405,0.048644906863567705,1.2547993019197208,0.6509598603839442,0.2547993019197208,1.4049045330702206,0.0002517826567650061,0.9075043630017452,0.9088983050847458,0.900990099009901,0.00790820607484477,1.1841186736474694,0.18411867364746945,0.5305410122164049
NHANES,model_c_extended_transport,CatBoost,naive_transfer,uncalibrated,multi_objective_dp_shift_atcp,0.9,0.89,0.9,0.900523560209424,0.8919491525423728,0.9405940594059405,0.048644906863567705,1.2547993019197208,0.6509598603839442,0.2547993019197208,1.4049045330702206,0.0002517826567650061,0.9075043630017452,0.9088983050847458,0.900990099009901,0.00790820607484477,1.1841186736474694,0.18411867364746945,0.5305410122164049
NHANES,model_c_extended_transport,CatBoost,naive_transfer,uncalibrated,dp_shift_atcp,0.92,0.91,0.92,0.9144851657940664,0.9046610169491526,0.9603960396039604,0.055735022654807787,1.2949389179755673,0.7033158813263525,0.2949389179755672,1.4987857800555102,0.0002517826567650061,0.9197207678883071,0.9163135593220338,0.9356435643564357,0.019330005034401854,1.2757417102966842,0.2757417102966841,0.6771378708551483
NHANES,model_c_extended_transport,CatBoost,naive_transfer,uncalibrated,multi_objective_dp_shift_atcp,0.92,0.91,0.92,0.9144851657940664,0.9046610169491526,0.9603960396039604,0.055735022654807787,1.2949389179755673,0.7033158813263525,0.2949389179755672,1.4987857800555102,0.0002517826567650061,0.9205933682373473,0.9809322033898306,0.6386138613861386,0.34231834200369193,1.0340314136125655,0.034031413612565446,0.40226876090750435
NHANES,model_c_extended_transport,CatBoost,naive_transfer,uncalibrated,dp_shift_atcp,0.95,0.95,0.95,0.9546247818499127,0.9533898305084746,0.9603960396039604,0.007006209095485771,1.3979057591623036,0.8691099476439791,0.39790575916230364,1.586512804044625,0.0002517826567650061,0.9554973821989529,0.9544491525423728,0.9603960396039604,0.005946887061587525,1.3970331588132636,0.3970331588132635,0.8664921465968587
NHANES,model_c_extended_transport,CatBoost,naive_transfer,uncalibrated,multi_objective_dp_shift_atcp,0.95,0.95,0.95,0.9546247818499127,0.9533898305084746,0.9603960396039604,0.007006209095485771,1.3979057591623036,0.8691099476439791,0.39790575916230364,1.586512804044625,0.0002517826567650061,0.9554973821989529,0.9544491525423728,0.9603960396039604,0.005946887061587525,1.3970331588132636,0.3970331588132635,0.8664921465968587
NHANES,model_c_extended_transport,CatBoost,label_shift_adjusted,label_shift,dp_shift_atcp,0.8,0.75,0.8200000000000001,0.8010471204188482,0.7860169491525424,0.8712871287128713,0.0852701795603289,0.9389179755671903,0.3769633507853403,0.06108202443280977,1.0727569272811563,0.0002517826567650061,0.7626527050610821,0.7521186440677966,0.8118811881188119,0.05976254405101533,0.8804537521815009,0.11954624781849912,0.5532286212914486
NHANES,model_c_extended_transport,CatBoost,label_shift_adjusted,label_shift,multi_objective_dp_shift_atcp,0.8,0.75,0.8200000000000001,0.8010471204188482,0.7860169491525424,0.8712871287128713,0.0852701795603289,0.9389179755671903,0.3769633507853403,0.06108202443280977,1.0727569272811563,0.0002517826567650061,0.7626527050610821,0.7521186440677966,0.8118811881188119,0.05976254405101533,0.8804537521815009,0.11954624781849912,0.5532286212914486
NHANES,model_c_extended_transport,CatBoost,label_shift_adjusted,label_shift,dp_shift_atcp,0.85,0.82,0.85,0.8464223385689355,0.8326271186440678,0.9108910891089109,0.07826397046484312,1.0349040139616057,0.2862129144851658,0.034904013961605584,1.1063139312644548,0.0002517826567650061,0.8350785340314136,0.8326271186440678,0.8465346534653465,0.013907534821278711,0.9720767888307156,0.027923211169284468,0.3080279232111693
NHANES,model_c_extended_transport,CatBoost,label_shift_adjusted,label_shift,multi_objective_dp_shift_atcp,0.85,0.82,0.85,0.8464223385689355,0.8326271186440678,0.9108910891089109,0.07826397046484312,1.0349040139616057,0.2862129144851658,0.034904013961605584,1.1063139312644548,0.0002517826567650061,0.8525305410122164,0.913135593220339,0.5693069306930693,0.34382866252726973,0.9101221640488656,0.08987783595113438,0.4912739965095986
NHANES,model_c_extended_transport,CatBoost,label_shift_adjusted,label_shift,dp_shift_atcp,0.9,0.89,0.9,0.900523560209424,0.8919491525423728,0.9405940594059405,0.048644906863567705,1.2547993019197208,0.6509598603839442,0.2547993019197208,1.4049045330702206,0.0002517826567650061,0.9075043630017452,0.9088983050847458,0.900990099009901,0.00790820607484477,1.1841186736474694,0.18411867364746945,0.5305410122164049
NHANES,model_c_extended_transport,CatBoost,label_shift_adjusted,label_shift,multi_objective_dp_shift_atcp,0.9,0.89,0.9,0.900523560209424,0.8919491525423728,0.9405940594059405,0.048644906863567705,1.2547993019197208,0.6509598603839442,0.2547993019197208,1.4049045330702206,0.0002517826567650061,0.9075043630017452,0.9088983050847458,0.900990099009901,0.00790820607484477,1.1841186736474694,0.18411867364746945,0.5305410122164049
NHANES,model_c_extended_transport,CatBoost,label_shift_adjusted,label_shift,dp_shift_atcp,0.92,0.91,0.92,0.9144851657940664,0.9046610169491526,0.9603960396039604,0.055735022654807787,1.2949389179755673,0.7033158813263525,0.2949389179755672,1.4987857800555102,0.0002517826567650061,0.9197207678883071,0.9163135593220338,0.9356435643564357,0.019330005034401854,1.2757417102966842,0.2757417102966841,0.6771378708551483
NHANES,model_c_extended_transport,CatBoost,label_shift_adjusted,label_shift,multi_objective_dp_shift_atcp,0.92,0.91,0.92,0.9144851657940664,0.9046610169491526,0.9603960396039604,0.055735022654807787,1.2949389179755673,0.7033158813263525,0.2949389179755672,1.4987857800555102,0.0002517826567650061,0.931064572425829,0.975635593220339,0.7227722772277227,0.25286331599261624,1.056719022687609,0.056719022687609075,0.37783595113438045
NHANES,model_c_extended_transport,CatBoost,label_shift_adjusted,label_shift,dp_shift_atcp,0.95,0.95,0.95,0.9546247818499127,0.9533898305084746,0.9603960396039604,0.007006209095485771,1.3979057591623036,0.8691099476439791,0.39790575916230364,1.586512804044625,0.0002517826567650061,0.9554973821989529,0.9544491525423728,0.9603960396039604,0.005946887061587525,1.3970331588132636,0.3970331588132635,0.8664921465968587
NHANES,model_c_extended_transport,CatBoost,label_shift_adjusted,label_shift,multi_objective_dp_shift_atcp,0.95,0.95,0.95,0.9546247818499127,0.9533898305084746,0.9603960396039604,0.007006209095485771,1.3979057591623036,0.8691099476439791,0.39790575916230364,1.586512804044625,0.0002517826567650061,0.9554973821989529,0.9544491525423728,0.9603960396039604,0.005946887061587525,1.3970331588132636,0.3970331588132635,0.8664921465968587
NHANES,model_c_extended_transport,CatBoost,fixed_recalibration_source_selected,temperature,dp_shift_atcp,0.8,0.75,0.8200000000000001,0.8010471204188482,0.7860169491525424,0.8712871287128713,0.0852701795603289,0.9389179755671903,0.3769633507853403,0.06108202443280977,1.0727569272811563,0.0002517826567650061,0.7626527050610821,0.7521186440677966,0.8118811881188119,0.05976254405101533,0.8804537521815009,0.11954624781849912,0.5532286212914486
NHANES,model_c_extended_transport,CatBoost,fixed_recalibration_source_selected,temperature,multi_objective_dp_shift_atcp,0.8,0.75,0.8200000000000001,0.8010471204188482,0.7860169491525424,0.8712871287128713,0.0852701795603289,0.9389179755671903,0.3769633507853403,0.06108202443280977,1.0727569272811563,0.0002517826567650061,0.7626527050610821,0.7521186440677966,0.8118811881188119,0.05976254405101533,0.8804537521815009,0.11954624781849912,0.5532286212914486
NHANES,model_c_extended_transport,CatBoost,fixed_recalibration_source_selected,temperature,dp_shift_atcp,0.85,0.82,0.85,0.8464223385689355,0.8326271186440678,0.9108910891089109,0.07826397046484312,1.0349040139616057,0.2862129144851658,0.034904013961605584,1.1063139312644548,0.0002517826567650061,0.8350785340314136,0.8326271186440678,0.8465346534653465,0.013907534821278711,0.9720767888307156,0.027923211169284468,0.3080279232111693
NHANES,model_c_extended_transport,CatBoost,fixed_recalibration_source_selected,temperature,multi_objective_dp_shift_atcp,0.85,0.82,0.85,0.8464223385689355,0.8326271186440678,0.9108910891089109,0.07826397046484312,1.0349040139616057,0.2862129144851658,0.034904013961605584,1.1063139312644548,0.0002517826567650061,0.8507853403141361,0.9141949152542372,0.5544554455445545,0.35973946970968274,0.9083769633507853,0.09162303664921466,0.5
NHANES,model_c_extended_transport,CatBoost,fixed_recalibration_source_selected,temperature,dp_shift_atcp,0.9,0.89,0.9,0.900523560209424,0.8919491525423728,0.9405940594059405,0.048644906863567705,1.2547993019197208,0.6509598603839442,0.2547993019197208,1.4049045330702206,0.0002517826567650061,0.9075043630017452,0.9088983050847458,0.900990099009901,0.00790820607484477,1.1841186736474694,0.18411867364746945,0.5305410122164049
NHANES,model_c_extended_transport,CatBoost,fixed_recalibration_source_selected,temperature,multi_objective_dp_shift_atcp,0.9,0.89,0.9,0.900523560209424,0.8919491525423728,0.9405940594059405,0.048644906863567705,1.2547993019197208,0.6509598603839442,0.2547993019197208,1.4049045330702206,0.0002517826567650061,0.9075043630017452,0.9088983050847458,0.900990099009901,0.00790820607484477,1.1841186736474694,0.18411867364746945,0.5305410122164049
NHANES,model_c_extended_transport,CatBoost,fixed_recalibration_source_selected,temperature,dp_shift_atcp,0.92,0.91,0.92,0.9144851657940664,0.9046610169491526,0.9603960396039604,0.055735022654807787,1.2949389179755673,0.7033158813263525,0.2949389179755672,1.4987857800555102,0.0002517826567650061,0.9197207678883071,0.9163135593220338,0.9356435643564357,0.019330005034401854,1.2757417102966842,0.2757417102966841,0.6771378708551483
NHANES,model_c_extended_transport,CatBoost,fixed_recalibration_source_selected,temperature,multi_objective_dp_shift_atcp,0.92,0.91,0.92,0.9144851657940664,0.9046610169491526,0.9603960396039604,0.055735022654807787,1.2949389179755673,0.7033158813263525,0.2949389179755672,1.4987857800555102,0.0002517826567650061,0.9205933682373473,0.9809322033898306,0.6386138613861386,0.34231834200369193,1.0340314136125655,0.034031413612565446,0.40226876090750435
NHANES,model_c_extended_transport,CatBoost,fixed_recalibration_source_selected,temperature,dp_shift_atcp,0.95,0.95,0.95,0.9546247818499127,0.9533898305084746,0.9603960396039604,0.007006209095485771,1.3979057591623036,0.8691099476439791,0.39790575916230364,1.586512804044625,0.0002517826567650061,0.9554973821989529,0.9544491525423728,0.9603960396039604,0.005946887061587525,1.3970331588132636,0.3970331588132635,0.8664921465968587
NHANES,model_c_extended_transport,CatBoost,fixed_recalibration_source_selected,temperature,multi_objective_dp_shift_atcp,0.95,0.95,0.95,0.9546247818499127,0.9533898305084746,0.9603960396039604,0.007006209095485771,1.3979057591623036,0.8691099476439791,0.39790575916230364,1.586512804044625,0.0002517826567650061,0.9554973821989529,0.9544491525423728,0.9603960396039604,0.005946887061587525,1.3970331588132636,0.3970331588132635,0.8664921465968587
NHANES,model_c_extended_transport,CatBoost,adaptive_calibration_target_selected,platt,dp_shift_atcp,0.8,0.75,0.8200000000000001,0.8010471204188482,0.7860169491525424,0.8712871287128713,0.0852701795603289,0.9389179755671903,0.3769633507853403,0.06108202443280977,1.0727569272811563,0.0002517826567650061,0.7626527050610821,0.7521186440677966,0.8118811881188119,0.05976254405101533,0.8804537521815009,0.11954624781849912,0.5532286212914486
NHANES,model_c_extended_transport,CatBoost,adaptive_calibration_target_selected,platt,multi_objective_dp_shift_atcp,0.8,0.75,0.8200000000000001,0.8010471204188482,0.7860169491525424,0.8712871287128713,0.0852701795603289,0.9389179755671903,0.3769633507853403,0.06108202443280977,1.0727569272811563,0.0002517826567650061,0.7626527050610821,0.7521186440677966,0.8118811881188119,0.05976254405101533,0.8804537521815009,0.11954624781849912,0.5532286212914486
NHANES,model_c_extended_transport,CatBoost,adaptive_calibration_target_selected,platt,dp_shift_atcp,0.85,0.82,0.85,0.8464223385689355,0.8326271186440678,0.9108910891089109,0.07826397046484312,1.0349040139616057,0.2862129144851658,0.034904013961605584,1.1063139312644548,0.0002517826567650061,0.8350785340314136,0.8326271186440678,0.8465346534653465,0.013907534821278711,0.9720767888307156,0.027923211169284468,0.3080279232111693
NHANES,model_c_extended_transport,CatBoost,adaptive_calibration_target_selected,platt,multi_objective_dp_shift_atcp,0.85,0.82,0.85,0.8464223385689355,0.8326271186440678,0.9108910891089109,0.07826397046484312,1.0349040139616057,0.2862129144851658,0.034904013961605584,1.1063139312644548,0.0002517826567650061,0.8472949389179756,0.9173728813559322,0.5198019801980198,0.3975709011579124,0.9031413612565445,0.0968586387434555,0.5174520069808028
NHANES,model_c_extended_transport,CatBoost,adaptive_calibration_target_selected,platt,dp_shift_atcp,0.9,0.89,0.9,0.900523560209424,0.8919491525423728,0.9405940594059405,0.048644906863567705,1.2547993019197208,0.6509598603839442,0.2547993019197208,1.4049045330702206,0.0002517826567650061,0.9075043630017452,0.9088983050847458,0.900990099009901,0.00790820607484477,1.1841186736474694,0.18411867364746945,0.5305410122164049
NHANES,model_c_extended_transport,CatBoost,adaptive_calibration_target_selected,platt,multi_objective_dp_shift_atcp,0.9,0.89,0.9,0.900523560209424,0.8919491525423728,0.9405940594059405,0.048644906863567705,1.2547993019197208,0.6509598603839442,0.2547993019197208,1.4049045330702206,0.0002517826567650061,0.9075043630017452,0.9088983050847458,0.900990099009901,0.00790820607484477,1.1841186736474694,0.18411867364746945,0.5305410122164049
NHANES,model_c_extended_transport,CatBoost,adaptive_calibration_target_selected,platt,dp_shift_atcp,0.92,0.91,0.92,0.9144851657940664,0.9046610169491526,0.9603960396039604,0.055735022654807787,1.2949389179755673,0.7033158813263525,0.2949389179755672,1.4987857800555102,0.0002517826567650061,0.9197207678883071,0.9163135593220338,0.9356435643564357,0.019330005034401854,1.2757417102966842,0.2757417102966841,0.6771378708551483
NHANES,model_c_extended_transport,CatBoost,adaptive_calibration_target_selected,platt,multi_objective_dp_shift_atcp,0.92,0.91,0.92,0.9144851657940664,0.9046610169491526,0.9603960396039604,0.055735022654807787,1.2949389179755673,0.7033158813263525,0.2949389179755672,1.4987857800555102,0.0002517826567650061,0.918848167539267,0.9830508474576272,0.6188118811881188,0.36423896626950836,1.030541012216405,0.030541012216404886,0.4109947643979058
NHANES,model_c_extended_transport,CatBoost,adaptive_calibration_target_selected,platt,dp_shift_atcp,0.95,0.95,0.95,0.9546247818499127,0.9533898305084746,0.9603960396039604,0.007006209095485771,1.3979057591623036,0.8691099476439791,0.39790575916230364,1.586512804044625,0.0002517826567650061,0.9554973821989529,0.9544491525423728,0.9603960396039604,0.005946887061587525,1.3970331588132636,0.3970331588132635,0.8664921465968587
NHANES,model_c_extended_transport,CatBoost,adaptive_calibration_target_selected,platt,multi_objective_dp_shift_atcp,0.95,0.95,0.95,0.9546247818499127,0.9533898305084746,0.9603960396039604,0.007006209095485771,1.3979057591623036,0.8691099476439791,0.39790575916230364,1.586512804044625,0.0002517826567650061,0.9554973821989529,0.9544491525423728,0.9603960396039604,0.005946887061587525,1.3970331588132636,0.3970331588132635,0.8664921465968587
Pima,model_c_extended_transport,CatBoost,naive_transfer,uncalibrated,dp_shift_atcp,0.8,0.75,0.8,0.8020833333333334,0.744,0.9104477611940298,0.16644776119402982,1.2135416666666667,0.75,0.21354166666666666,1.6059216417910447,0.00015205399625813483,0.8072916666666666,0.768,0.8805970149253731,0.1125970149253731,1.2083333333333333,0.20833333333333334,0.7760416666666666
Pima,model_c_extended_transport,CatBoost,naive_transfer,uncalibrated,multi_objective_dp_shift_atcp,0.8,0.75,0.8,0.8020833333333334,0.744,0.9104477611940298,0.16644776119402982,1.2135416666666667,0.75,0.21354166666666666,1.6059216417910447,0.00015205399625813483,0.8072916666666666,0.768,0.8805970149253731,0.1125970149253731,1.2083333333333333,0.20833333333333334,0.7760416666666666
Pima,model_c_extended_transport,CatBoost,naive_transfer,uncalibrated,dp_shift_atcp,0.85,0.7999999999999999,0.85,0.859375,0.832,0.9104477611940298,0.07844776119402985,1.3125,0.890625,0.3125,1.6598591417910449,0.00015205399625813483,0.8411458333333334,0.808,0.9029850746268657,0.09498507462686567,1.296875,0.296875,0.8880208333333334
Pima,model_c_extended_transport,CatBoost,naive_transfer,uncalibrated,multi_objective_dp_shift_atcp,0.85,0.7999999999999999,0.85,0.859375,0.832,0.9104477611940298,0.07844776119402985,1.3125,0.890625,0.3125,1.6598591417910449,0.00015205399625813483,0.8411458333333334,0.808,0.9029850746268657,0.09498507462686567,1.296875,0.296875,0.8880208333333334
Pima,model_c_extended_transport,CatBoost,naive_transfer,uncalibrated,dp_shift_atcp,0.9,0.87,0.9,0.9010416666666666,0.888,0.9253731343283582,0.037373134328358204,1.421875,1.046875,0.421875,1.7222055348258702,0.00015205399625813483,0.875,0.844,0.9328358208955224,0.08883582089552244,1.4375,0.4375,1.09375
Pima,model_c_extended_transport,CatBoost,naive_transfer,uncalibrated,multi_objective_dp_shift_atcp,0.9,0.87,0.9,0.9010416666666666,0.888,0.9253731343283582,0.037373134328358204,1.421875,1.046875,0.421875,1.7222055348258702,0.00015205399625813483,0.875,0.844,0.9328358208955224,0.08883582089552244,1.4375,0.4375,1.09375
Pima,model_c_extended_transport,CatBoost,naive_transfer,uncalibrated,dp_shift_atcp,0.92,0.89,0.92,0.90625,0.896,0.9253731343283582,0.029373134328358197,1.4375,1.0729166666666667,0.4375,1.7992680348258712,0.00015205399625813483,0.8880208333333334,0.852,0.9552238805970149,0.10322388059701493,1.4895833333333333,0.4895833333333333,1.1536458333333333
Pima,model_c_extended_transport,CatBoost,naive_transfer,uncalibrated,multi_objective_dp_shift_atcp,0.92,0.89,0.92,0.90625,0.896,0.9253731343283582,0.029373134328358197,1.4375,1.0729166666666667,0.4375,1.7992680348258712,0.00015205399625813483,0.953125,1.0,0.8656716417910447,0.13432835820895528,1.5807291666666667,0.5807291666666666,1.3958333333333333
Pima,model_c_extended_transport,CatBoost,naive_transfer,uncalibrated,dp_shift_atcp,0.95,0.94,0.95,0.953125,0.952,0.9552238805970149,0.0032238805970149498,1.5729166666666667,1.2552083333333333,0.5729166666666666,1.9063983208955229,0.00015205399625813483,0.9296875,0.912,0.9626865671641791,0.050686567164179075,1.5807291666666667,0.5807291666666666,1.2838541666666667
Pima,model_c_extended_transport,CatBoost,naive_transfer,uncalibrated,multi_objective_dp_shift_atcp,0.95,0.94,0.95,0.953125,0.952,0.9552238805970149,0.0032238805970149498,1.5729166666666667,1.2552083333333333,0.5729166666666666,1.9063983208955229,0.00015205399625813483,0.9296875,0.912,0.9626865671641791,0.050686567164179075,1.5807291666666667,0.5807291666666666,1.2838541666666667
Pima,model_c_extended_transport,CatBoost,label_shift_adjusted,label_shift,dp_shift_atcp,0.8,0.75,0.8,0.8020833333333334,0.744,0.9104477611940298,0.16644776119402982,1.2135416666666667,0.75,0.21354166666666666,1.6059216417910447,0.00015205399625813483,0.8072916666666666,0.768,0.8805970149253731,0.1125970149253731,1.2083333333333333,0.20833333333333334,0.7760416666666666
Pima,model_c_extended_transport,CatBoost,label_shift_adjusted,label_shift,multi_objective_dp_shift_atcp,0.8,0.75,0.8,0.8020833333333334,0.744,0.9104477611940298,0.16644776119402982,1.2135416666666667,0.75,0.21354166666666666,1.6059216417910447,0.00015205399625813483,0.8072916666666666,0.768,0.8805970149253731,0.1125970149253731,1.2083333333333333,0.20833333333333334,0.7760416666666666
Pima,model_c_extended_transport,CatBoost,label_shift_adjusted,label_shift,dp_shift_atcp,0.85,0.7999999999999999,0.85,0.859375,0.832,0.9104477611940298,0.07844776119402985,1.3125,0.890625,0.3125,1.6598591417910449,0.00015205399625813483,0.8411458333333334,0.808,0.9029850746268657,0.09498507462686567,1.296875,0.296875,0.8880208333333334
Pima,model_c_extended_transport,CatBoost,label_shift_adjusted,label_shift,multi_objective_dp_shift_atcp,0.85,0.7999999999999999,0.85,0.859375,0.832,0.9104477611940298,0.07844776119402985,1.3125,0.890625,0.3125,1.6598591417910449,0.00015205399625813483,0.8411458333333334,0.808,0.9029850746268657,0.09498507462686567,1.296875,0.296875,0.8880208333333334
Pima,model_c_extended_transport,CatBoost,label_shift_adjusted,label_shift,dp_shift_atcp,0.9,0.87,0.9,0.9010416666666666,0.888,0.9253731343283582,0.037373134328358204,1.421875,1.046875,0.421875,1.7222055348258702,0.00015205399625813483,0.875,0.844,0.9328358208955224,0.08883582089552244,1.4375,0.4375,1.09375
Pima,model_c_extended_transport,CatBoost,label_shift_adjusted,label_shift,multi_objective_dp_shift_atcp,0.9,0.87,0.9,0.9010416666666666,0.888,0.9253731343283582,0.037373134328358204,1.421875,1.046875,0.421875,1.7222055348258702,0.00015205399625813483,0.875,0.844,0.9328358208955224,0.08883582089552244,1.4375,0.4375,1.09375
Pima,model_c_extended_transport,CatBoost,label_shift_adjusted,label_shift,dp_shift_atcp,0.92,0.89,0.92,0.90625,0.896,0.9253731343283582,0.029373134328358197,1.4375,1.0729166666666667,0.4375,1.7992680348258712,0.00015205399625813483,0.8880208333333334,0.852,0.9552238805970149,0.10322388059701493,1.4895833333333333,0.4895833333333333,1.1536458333333333
Pima,model_c_extended_transport,CatBoost,label_shift_adjusted,label_shift,multi_objective_dp_shift_atcp,0.92,0.89,0.92,0.90625,0.896,0.9253731343283582,0.029373134328358197,1.4375,1.0729166666666667,0.4375,1.7992680348258712,0.00015205399625813483,0.953125,1.0,0.8656716417910447,0.13432835820895528,1.5807291666666667,0.5807291666666666,1.3958333333333333
Pima,model_c_extended_transport,CatBoost,label_shift_adjusted,label_shift,dp_shift_atcp,0.95,0.94,0.95,0.953125,0.952,0.9552238805970149,0.0032238805970149498,1.5729166666666667,1.2552083333333333,0.5729166666666666,1.9063983208955229,0.00015205399625813483,0.9296875,0.912,0.9626865671641791,0.050686567164179075,1.5807291666666667,0.5807291666666666,1.2838541666666667
Pima,model_c_extended_transport,CatBoost,label_shift_adjusted,label_shift,multi_objective_dp_shift_atcp,0.95,0.94,0.95,0.953125,0.952,0.9552238805970149,0.0032238805970149498,1.5729166666666667,1.2552083333333333,0.5729166666666666,1.9063983208955229,0.00015205399625813483,0.9296875,0.912,0.9626865671641791,0.050686567164179075,1.5807291666666667,0.5807291666666666,1.2838541666666667
Pima,model_c_extended_transport,CatBoost,fixed_recalibration_source_selected,temperature,dp_shift_atcp,0.8,0.75,0.8,0.8020833333333334,0.744,0.9104477611940298,0.16644776119402982,1.2135416666666667,0.75,0.21354166666666666,1.6059216417910447,0.00015205399625813483,0.8072916666666666,0.768,0.8805970149253731,0.1125970149253731,1.2083333333333333,0.20833333333333334,0.7760416666666666
Pima,model_c_extended_transport,CatBoost,fixed_recalibration_source_selected,temperature,multi_objective_dp_shift_atcp,0.8,0.75,0.8,0.8020833333333334,0.744,0.9104477611940298,0.16644776119402982,1.2135416666666667,0.75,0.21354166666666666,1.6059216417910447,0.00015205399625813483,0.8072916666666666,0.768,0.8805970149253731,0.1125970149253731,1.2083333333333333,0.20833333333333334,0.7760416666666666
Pima,model_c_extended_transport,CatBoost,fixed_recalibration_source_selected,temperature,dp_shift_atcp,0.85,0.7999999999999999,0.85,0.859375,0.832,0.9104477611940298,0.07844776119402985,1.3125,0.890625,0.3125,1.6598591417910449,0.00015205399625813483,0.8411458333333334,0.808,0.9029850746268657,0.09498507462686567,1.296875,0.296875,0.8880208333333334
Pima,model_c_extended_transport,CatBoost,fixed_recalibration_source_selected,temperature,multi_objective_dp_shift_atcp,0.85,0.7999999999999999,0.85,0.859375,0.832,0.9104477611940298,0.07844776119402985,1.3125,0.890625,0.3125,1.6598591417910449,0.00015205399625813483,0.8411458333333334,0.808,0.9029850746268657,0.09498507462686567,1.296875,0.296875,0.8880208333333334
Pima,model_c_extended_transport,CatBoost,fixed_recalibration_source_selected,temperature,dp_shift_atcp,0.9,0.87,0.9,0.9010416666666666,0.888,0.9253731343283582,0.037373134328358204,1.421875,1.046875,0.421875,1.7222055348258702,0.00015205399625813483,0.875,0.844,0.9328358208955224,0.08883582089552244,1.4375,0.4375,1.09375
Pima,model_c_extended_transport,CatBoost,fixed_recalibration_source_selected,temperature,multi_objective_dp_shift_atcp,0.9,0.87,0.9,0.9010416666666666,0.888,0.9253731343283582,0.037373134328358204,1.421875,1.046875,0.421875,1.7222055348258702,0.00015205399625813483,0.875,0.844,0.9328358208955224,0.08883582089552244,1.4375,0.4375,1.09375
Pima,model_c_extended_transport,CatBoost,fixed_recalibration_source_selected,temperature,dp_shift_atcp,0.92,0.89,0.92,0.90625,0.896,0.9253731343283582,0.029373134328358197,1.4375,1.0729166666666667,0.4375,1.7992680348258712,0.00015205399625813483,0.8880208333333334,0.852,0.9552238805970149,0.10322388059701493,1.4895833333333333,0.4895833333333333,1.1536458333333333
Pima,model_c_extended_transport,CatBoost,fixed_recalibration_source_selected,temperature,multi_objective_dp_shift_atcp,0.92,0.89,0.92,0.90625,0.896,0.9253731343283582,0.029373134328358197,1.4375,1.0729166666666667,0.4375,1.7992680348258712,0.00015205399625813483,0.953125,1.0,0.8656716417910447,0.13432835820895528,1.5807291666666667,0.5807291666666666,1.3958333333333333
Pima,model_c_extended_transport,CatBoost,fixed_recalibration_source_selected,temperature,dp_shift_atcp,0.95,0.94,0.95,0.953125,0.952,0.9552238805970149,0.0032238805970149498,1.5729166666666667,1.2552083333333333,0.5729166666666666,1.9063983208955229,0.00015205399625813483,0.9296875,0.912,0.9626865671641791,0.050686567164179075,1.5807291666666667,0.5807291666666666,1.2838541666666667
Pima,model_c_extended_transport,CatBoost,fixed_recalibration_source_selected,temperature,multi_objective_dp_shift_atcp,0.95,0.94,0.95,0.953125,0.952,0.9552238805970149,0.0032238805970149498,1.5729166666666667,1.2552083333333333,0.5729166666666666,1.9063983208955229,0.00015205399625813483,0.9296875,0.912,0.9626865671641791,0.050686567164179075,1.5807291666666667,0.5807291666666666,1.2838541666666667
Pima,model_c_extended_transport,CatBoost,adaptive_calibration_target_selected,platt,dp_shift_atcp,0.8,0.75,0.8,0.8020833333333334,0.744,0.9104477611940298,0.16644776119402982,1.2135416666666667,0.75,0.21354166666666666,1.6059216417910447,0.00015205399625813483,0.8072916666666666,0.768,0.8805970149253731,0.1125970149253731,1.2083333333333333,0.20833333333333334,0.7760416666666666
Pima,model_c_extended_transport,CatBoost,adaptive_calibration_target_selected,platt,multi_objective_dp_shift_atcp,0.8,0.75,0.8,0.8020833333333334,0.744,0.9104477611940298,0.16644776119402982,1.2135416666666667,0.75,0.21354166666666666,1.6059216417910447,0.00015205399625813483,0.8072916666666666,0.768,0.8805970149253731,0.1125970149253731,1.2083333333333333,0.20833333333333334,0.7760416666666666
Pima,model_c_extended_transport,CatBoost,adaptive_calibration_target_selected,platt,dp_shift_atcp,0.85,0.7999999999999999,0.85,0.859375,0.832,0.9104477611940298,0.07844776119402985,1.3125,0.890625,0.3125,1.6598591417910449,0.00015205399625813483,0.8411458333333334,0.808,0.9029850746268657,0.09498507462686567,1.296875,0.296875,0.8880208333333334
Pima,model_c_extended_transport,CatBoost,adaptive_calibration_target_selected,platt,multi_objective_dp_shift_atcp,0.85,0.7999999999999999,0.85,0.859375,0.832,0.9104477611940298,0.07844776119402985,1.3125,0.890625,0.3125,1.6598591417910449,0.00015205399625813483,0.8411458333333334,0.808,0.9029850746268657,0.09498507462686567,1.296875,0.296875,0.8880208333333334
Pima,model_c_extended_transport,CatBoost,adaptive_calibration_target_selected,platt,dp_shift_atcp,0.9,0.87,0.9,0.9010416666666666,0.888,0.9253731343283582,0.037373134328358204,1.421875,1.046875,0.421875,1.7222055348258702,0.00015205399625813483,0.875,0.844,0.9328358208955224,0.08883582089552244,1.4375,0.4375,1.09375
Pima,model_c_extended_transport,CatBoost,adaptive_calibration_target_selected,platt,multi_objective_dp_shift_atcp,0.9,0.87,0.9,0.9010416666666666,0.888,0.9253731343283582,0.037373134328358204,1.421875,1.046875,0.421875,1.7222055348258702,0.00015205399625813483,0.875,0.844,0.9328358208955224,0.08883582089552244,1.4375,0.4375,1.09375
Pima,model_c_extended_transport,CatBoost,adaptive_calibration_target_selected,platt,dp_shift_atcp,0.92,0.89,0.92,0.90625,0.896,0.9253731343283582,0.029373134328358197,1.4375,1.0729166666666667,0.4375,1.7992680348258712,0.00015205399625813483,0.8880208333333334,0.852,0.9552238805970149,0.10322388059701493,1.4895833333333333,0.4895833333333333,1.1536458333333333
Pima,model_c_extended_transport,CatBoost,adaptive_calibration_target_selected,platt,multi_objective_dp_shift_atcp,0.92,0.89,0.92,0.90625,0.896,0.9253731343283582,0.029373134328358197,1.4375,1.0729166666666667,0.4375,1.7992680348258712,0.00015205399625813483,0.9453125,0.984,0.8731343283582089,0.11086567164179106,1.5755208333333333,0.5755208333333334,1.3828125
Pima,model_c_extended_transport,CatBoost,adaptive_calibration_target_selected,platt,dp_shift_atcp,0.95,0.94,0.95,0.953125,0.952,0.9552238805970149,0.0032238805970149498,1.5729166666666667,1.2552083333333333,0.5729166666666666,1.9063983208955229,0.00015205399625813483,0.9296875,0.912,0.9626865671641791,0.050686567164179075,1.5807291666666667,0.5807291666666666,1.2838541666666667
Pima,model_c_extended_transport,CatBoost,adaptive_calibration_target_selected,platt,multi_objective_dp_shift_atcp,0.95,0.94,0.95,0.953125,0.952,0.9552238805970149,0.0032238805970149498,1.5729166666666667,1.2552083333333333,0.5729166666666666,1.9063983208955229,0.00015205399625813483,0.9296875,0.912,0.9626865671641791,0.050686567164179075,1.5807291666666667,0.5807291666666666,1.2838541666666667
