target_dataset,feature_set,model,scenario,calibration_method,conformal_method,marginal_coverage,coverage_bootstrap_mean,coverage_ci_low,coverage_ci_high,average_prediction_set_size,referral_rate,clinical_cost
NHANES,model_a_screening,Logistic Regression,naive_transfer,uncalibrated,source_split_conformal,0.7678883071553229,0.7675741710296684,0.7456151832460732,0.7919066317626526,1.4363001745200699,0.4363001745200698,1.1151832460732984
NHANES,model_a_screening,Logistic Regression,naive_transfer,uncalibrated,importance_weighted_source_conformal,0.7792321116928447,0.7788656195462478,0.756544502617801,0.8037085514834206,1.462478184991274,0.462478184991274,1.156195462478185
NHANES,model_a_screening,Logistic Regression,naive_transfer,uncalibrated,target_only_conformal,0.8961605584642234,0.8959802210587551,0.8786649214659685,0.9140706806282722,1.7216404886561956,0.7216404886561955,1.550610820244328
NHANES,model_a_screening,Logistic Regression,naive_transfer,uncalibrated,adaptive_transport_conformal,0.7731239092495636,0.7726178010471204,0.7486910994764397,0.7984293193717278,1.4546247818499127,0.45462478184991273,1.1465968586387434
NHANES,model_a_screening,Logistic Regression,naive_transfer,uncalibrated,weighted_target_dominant_atcp,0.8961605584642234,0.8959802210587551,0.8786649214659685,0.9140706806282722,1.7207678883071553,0.7207678883071553,1.5488656195462478
NHANES,model_a_screening,Logistic Regression,naive_transfer,uncalibrated,shift_aware_source_trust_atcp,0.8926701570680629,0.8924229203025014,0.8738874345549738,0.9110383944153577,1.7146596858638743,0.7146596858638743,1.5401396160558465
NHANES,model_a_screening,Logistic Regression,naive_transfer,uncalibrated,class_conditional_weighted_atcp,0.9101221640488656,0.9100610820244329,0.8926701570680629,0.9258289703315882,1.4904013961605584,0.49040139616055844,1.112565445026178
NHANES,model_a_screening,Logistic Regression,naive_transfer,uncalibrated,risk_asymmetric_shift_atcp,0.8891797556719022,0.8890779522978475,0.8708115183246073,0.9079624781849912,1.4738219895287958,0.4738219895287958,1.0898778359511343
NHANES,model_a_screening,Logistic Regression,naive_transfer,uncalibrated,dp_shift_atcp,0.8551483420593369,0.8552675974403722,0.8346204188481675,0.876178010471204,1.4144851657940662,0.4144851657940663,1.0157068062827226
NHANES,model_a_screening,Logistic Regression,naive_transfer,uncalibrated,safety_gated_atcp,0.8961605584642234,0.8959802210587551,0.8786649214659685,0.9140706806282722,1.7207678883071553,0.7207678883071553,1.5488656195462478
NHANES,model_a_screening,Logistic Regression,naive_transfer,uncalibrated,safety_gated_shift_atcp,0.8926701570680629,0.8924229203025014,0.8738874345549738,0.9110383944153577,1.7146596858638743,0.7146596858638743,1.5401396160558465
NHANES,model_a_screening,Logistic Regression,naive_transfer,uncalibrated,multi_objective_safety_gated_atcp,0.8961605584642234,0.8959802210587551,0.8786649214659685,0.9140706806282722,1.7207678883071553,0.7207678883071553,1.5488656195462478
NHANES,model_a_screening,Logistic Regression,naive_transfer,uncalibrated,multi_objective_dp_shift_atcp,0.8551483420593369,0.8552675974403722,0.8346204188481675,0.876178010471204,1.4144851657940662,0.4144851657940663,1.0157068062827226
NHANES,model_a_screening,Logistic Regression,label_shift_adjusted,label_shift,source_split_conformal,0.7661431064572426,0.7657475276323443,0.7425828970331588,0.7901614310645724,1.6291448516579408,0.6291448516579407,1.4921465968586387
NHANES,model_a_screening,Logistic Regression,label_shift_adjusted,label_shift,importance_weighted_source_conformal,0.7757417102966842,0.7751541593949971,0.7508507853403141,0.7997600349040139,1.6413612565445026,0.6413612565445026,1.506980802792321
NHANES,model_a_screening,Logistic Regression,label_shift_adjusted,label_shift,target_only_conformal,0.8970331588132635,0.8967830133798721,0.8795375218150088,0.9149432809773124,1.8289703315881327,0.8289703315881326,1.7609075043630018
NHANES,model_a_screening,Logistic Regression,label_shift_adjusted,label_shift,adaptive_transport_conformal,0.7739965095986039,0.773414776032577,0.7495636998254799,0.7971422338568935,1.6396160558464223,0.6396160558464223,1.5052356020942408
NHANES,model_a_screening,Logistic Regression,label_shift_adjusted,label_shift,weighted_target_dominant_atcp,0.8970331588132635,0.8967830133798721,0.8795375218150088,0.9149432809773124,1.8289703315881327,0.8289703315881326,1.7609075043630018
NHANES,model_a_screening,Logistic Regression,label_shift_adjusted,label_shift,shift_aware_source_trust_atcp,0.893542757417103,0.8932257126236183,0.8747600349040139,0.9114528795811517,1.825479930191972,0.8254799301919721,1.7574171029668413
NHANES,model_a_screening,Logistic Regression,label_shift_adjusted,label_shift,class_conditional_weighted_atcp,0.9101221640488656,0.9100610820244329,0.8926701570680629,0.9258289703315882,1.4904013961605584,0.49040139616055844,1.112565445026178
NHANES,model_a_screening,Logistic Regression,label_shift_adjusted,label_shift,risk_asymmetric_shift_atcp,0.8891797556719022,0.8890779522978475,0.8708115183246073,0.9079624781849912,1.4738219895287958,0.4738219895287958,1.0898778359511343
NHANES,model_a_screening,Logistic Regression,label_shift_adjusted,label_shift,dp_shift_atcp,0.8551483420593369,0.8552675974403722,0.8346204188481675,0.876178010471204,1.4144851657940662,0.4144851657940663,1.0157068062827226
NHANES,model_a_screening,Logistic Regression,label_shift_adjusted,label_shift,safety_gated_atcp,0.8970331588132635,0.8967830133798721,0.8795375218150088,0.9149432809773124,1.8289703315881327,0.8289703315881326,1.7609075043630018
NHANES,model_a_screening,Logistic Regression,label_shift_adjusted,label_shift,safety_gated_shift_atcp,0.893542757417103,0.8932257126236183,0.8747600349040139,0.9114528795811517,1.825479930191972,0.8254799301919721,1.7574171029668413
NHANES,model_a_screening,Logistic Regression,label_shift_adjusted,label_shift,multi_objective_safety_gated_atcp,0.8970331588132635,0.8967830133798721,0.8795375218150088,0.9149432809773124,1.8289703315881327,0.8289703315881326,1.7609075043630018
NHANES,model_a_screening,Logistic Regression,label_shift_adjusted,label_shift,multi_objective_dp_shift_atcp,0.8551483420593369,0.8552675974403722,0.8346204188481675,0.876178010471204,1.4144851657940662,0.4144851657940663,1.0157068062827226
NHANES,model_a_screening,Logistic Regression,fixed_recalibration_source_selected,beta,source_split_conformal,0.7914485165794066,0.7904828388598022,0.7656849912739965,0.8145942408376963,0.9345549738219895,0.06544502617801047,0.9118673647469459
NHANES,model_a_screening,Logistic Regression,fixed_recalibration_source_selected,beta,importance_weighted_source_conformal,0.8089005235602095,0.8078679464805119,0.7835951134380453,0.8303010471204187,0.9659685863874345,0.034031413612565446,0.8839441535776614
NHANES,model_a_screening,Logistic Regression,fixed_recalibration_source_selected,beta,target_only_conformal,0.9092495636998255,0.9087812681791738,0.8913394415357766,0.924956369982548,1.236474694589878,0.23647469458987783,0.9267015706806283
NHANES,model_a_screening,Logistic Regression,fixed_recalibration_source_selected,beta,adaptive_transport_conformal,0.8106457242582897,0.8095956951716115,0.7866273996509598,0.8315881326352531,0.9677137870855148,0.03228621291448516,0.8787085514834206
NHANES,model_a_screening,Logistic Regression,fixed_recalibration_source_selected,beta,weighted_target_dominant_atcp,0.9057591623036649,0.9052501454333912,0.8882635253054101,0.9210514834205933,1.2286212914485166,0.2286212914485166,0.9284467713787086
NHANES,model_a_screening,Logistic Regression,fixed_recalibration_source_selected,beta,shift_aware_source_trust_atcp,0.9057591623036649,0.9052501454333912,0.8882635253054101,0.9210514834205933,1.2286212914485166,0.2286212914485166,0.9284467713787086
NHANES,model_a_screening,Logistic Regression,fixed_recalibration_source_selected,beta,class_conditional_weighted_atcp,0.9101221640488656,0.9100610820244329,0.8926701570680629,0.9258289703315882,1.4904013961605584,0.49040139616055844,1.112565445026178
NHANES,model_a_screening,Logistic Regression,fixed_recalibration_source_selected,beta,risk_asymmetric_shift_atcp,0.8891797556719022,0.8890779522978475,0.8708115183246073,0.9079624781849912,1.4738219895287958,0.4738219895287958,1.0898778359511343
NHANES,model_a_screening,Logistic Regression,fixed_recalibration_source_selected,beta,dp_shift_atcp,0.8551483420593369,0.8552675974403722,0.8346204188481675,0.876178010471204,1.4144851657940662,0.4144851657940663,1.0157068062827226
NHANES,model_a_screening,Logistic Regression,fixed_recalibration_source_selected,beta,safety_gated_atcp,0.9092495636998255,0.9087812681791738,0.8913394415357766,0.924956369982548,1.236474694589878,0.23647469458987783,0.9267015706806283
NHANES,model_a_screening,Logistic Regression,fixed_recalibration_source_selected,beta,safety_gated_shift_atcp,0.9092495636998255,0.9087812681791738,0.8913394415357766,0.924956369982548,1.236474694589878,0.23647469458987783,0.9267015706806283
NHANES,model_a_screening,Logistic Regression,fixed_recalibration_source_selected,beta,multi_objective_safety_gated_atcp,0.9092495636998255,0.9087812681791738,0.8913394415357766,0.924956369982548,1.236474694589878,0.23647469458987783,0.9267015706806283
NHANES,model_a_screening,Logistic Regression,fixed_recalibration_source_selected,beta,multi_objective_dp_shift_atcp,0.8551483420593369,0.8552675974403722,0.8346204188481675,0.876178010471204,1.4144851657940662,0.4144851657940663,1.0157068062827226
NHANES,model_a_screening,Logistic Regression,adaptive_calibration_target_selected,beta,source_split_conformal,0.7914485165794066,0.7904828388598022,0.7656849912739965,0.8145942408376963,0.9345549738219895,0.06544502617801047,0.9118673647469459
NHANES,model_a_screening,Logistic Regression,adaptive_calibration_target_selected,beta,importance_weighted_source_conformal,0.8089005235602095,0.8078679464805119,0.7835951134380453,0.8303010471204187,0.9659685863874345,0.034031413612565446,0.8839441535776614
NHANES,model_a_screening,Logistic Regression,adaptive_calibration_target_selected,beta,target_only_conformal,0.9092495636998255,0.9087812681791738,0.8913394415357766,0.924956369982548,1.236474694589878,0.23647469458987783,0.9267015706806283
NHANES,model_a_screening,Logistic Regression,adaptive_calibration_target_selected,beta,adaptive_transport_conformal,0.8106457242582897,0.8095956951716115,0.7866273996509598,0.8315881326352531,0.9677137870855148,0.03228621291448516,0.8787085514834206
NHANES,model_a_screening,Logistic Regression,adaptive_calibration_target_selected,beta,weighted_target_dominant_atcp,0.9057591623036649,0.9052501454333912,0.8882635253054101,0.9210514834205933,1.2286212914485166,0.2286212914485166,0.9284467713787086
NHANES,model_a_screening,Logistic Regression,adaptive_calibration_target_selected,beta,shift_aware_source_trust_atcp,0.9057591623036649,0.9052501454333912,0.8882635253054101,0.9210514834205933,1.2286212914485166,0.2286212914485166,0.9284467713787086
NHANES,model_a_screening,Logistic Regression,adaptive_calibration_target_selected,beta,class_conditional_weighted_atcp,0.9101221640488656,0.9100610820244329,0.8926701570680629,0.9258289703315882,1.4904013961605584,0.49040139616055844,1.112565445026178
NHANES,model_a_screening,Logistic Regression,adaptive_calibration_target_selected,beta,risk_asymmetric_shift_atcp,0.8891797556719022,0.8890779522978475,0.8708115183246073,0.9079624781849912,1.4738219895287958,0.4738219895287958,1.0898778359511343
NHANES,model_a_screening,Logistic Regression,adaptive_calibration_target_selected,beta,dp_shift_atcp,0.8551483420593369,0.8552675974403722,0.8346204188481675,0.876178010471204,1.4144851657940662,0.4144851657940663,1.0157068062827226
NHANES,model_a_screening,Logistic Regression,adaptive_calibration_target_selected,beta,safety_gated_atcp,0.9092495636998255,0.9087812681791738,0.8913394415357766,0.924956369982548,1.236474694589878,0.23647469458987783,0.9267015706806283
NHANES,model_a_screening,Logistic Regression,adaptive_calibration_target_selected,beta,safety_gated_shift_atcp,0.9092495636998255,0.9087812681791738,0.8913394415357766,0.924956369982548,1.236474694589878,0.23647469458987783,0.9267015706806283
NHANES,model_a_screening,Logistic Regression,adaptive_calibration_target_selected,beta,multi_objective_safety_gated_atcp,0.9092495636998255,0.9087812681791738,0.8913394415357766,0.924956369982548,1.236474694589878,0.23647469458987783,0.9267015706806283
NHANES,model_a_screening,Logistic Regression,adaptive_calibration_target_selected,beta,multi_objective_dp_shift_atcp,0.8551483420593369,0.8552675974403722,0.8346204188481675,0.876178010471204,1.4144851657940662,0.4144851657940663,1.0157068062827226
Pima,model_a_screening,Logistic Regression,naive_transfer,uncalibrated,source_split_conformal,0.890625,0.8887934027777779,0.859375,0.9166666666666666,1.5416666666666667,0.5416666666666666,1.3072916666666667
Pima,model_a_screening,Logistic Regression,naive_transfer,uncalibrated,importance_weighted_source_conformal,0.9088541666666666,0.9077430555555556,0.8814453125,0.9348958333333334,1.5885416666666667,0.5885416666666666,1.3307291666666667
Pima,model_a_screening,Logistic Regression,naive_transfer,uncalibrated,target_only_conformal,0.8541666666666666,0.8519097222222223,0.8163411458333333,0.8854166666666666,1.46875,0.46875,1.2916666666666667
Pima,model_a_screening,Logistic Regression,naive_transfer,uncalibrated,adaptive_transport_conformal,0.890625,0.8887934027777779,0.859375,0.9166666666666666,1.5416666666666667,0.5416666666666666,1.3072916666666667
Pima,model_a_screening,Logistic Regression,naive_transfer,uncalibrated,weighted_target_dominant_atcp,0.8515625,0.8491145833333333,0.8151041666666666,0.8828125,1.4661458333333333,0.4661458333333333,1.2890625
Pima,model_a_screening,Logistic Regression,naive_transfer,uncalibrated,shift_aware_source_trust_atcp,0.8515625,0.8491145833333333,0.8151041666666666,0.8828125,1.4661458333333333,0.4661458333333333,1.2890625
Pima,model_a_screening,Logistic Regression,naive_transfer,uncalibrated,class_conditional_weighted_atcp,0.8723958333333334,0.8702690972222221,0.8397786458333333,0.9010416666666666,1.5078125,0.5078125,1.2369791666666667
Pima,model_a_screening,Logistic Regression,naive_transfer,uncalibrated,risk_asymmetric_shift_atcp,0.8723958333333334,0.870234375,0.8359375,0.9050130208333332,1.5026041666666667,0.5026041666666666,1.2057291666666667
Pima,model_a_screening,Logistic Regression,naive_transfer,uncalibrated,dp_shift_atcp,0.8671875,0.8649826388888889,0.8333333333333334,0.8984375,1.484375,0.484375,1.1953125
Pima,model_a_screening,Logistic Regression,naive_transfer,uncalibrated,safety_gated_atcp,0.8515625,0.8491145833333333,0.8151041666666666,0.8828125,1.4661458333333333,0.4661458333333333,1.2890625
Pima,model_a_screening,Logistic Regression,naive_transfer,uncalibrated,safety_gated_shift_atcp,0.8515625,0.8491145833333333,0.8151041666666666,0.8828125,1.4661458333333333,0.4661458333333333,1.2890625
Pima,model_a_screening,Logistic Regression,naive_transfer,uncalibrated,multi_objective_safety_gated_atcp,0.8515625,0.8491145833333333,0.8151041666666666,0.8828125,1.4661458333333333,0.4661458333333333,1.2890625
Pima,model_a_screening,Logistic Regression,naive_transfer,uncalibrated,multi_objective_dp_shift_atcp,0.8541666666666666,0.8519097222222223,0.8163411458333333,0.8854166666666666,1.46875,0.46875,1.2916666666666667
Pima,model_a_screening,Logistic Regression,label_shift_adjusted,label_shift,source_split_conformal,0.9140625,0.9129774305555555,0.8854166666666666,0.9388671874999999,1.8333333333333333,0.8333333333333334,1.7526041666666667
Pima,model_a_screening,Logistic Regression,label_shift_adjusted,label_shift,importance_weighted_source_conformal,0.9244791666666666,0.9239149305555556,0.8996744791666667,0.9479166666666666,1.859375,0.859375,1.7942708333333333
Pima,model_a_screening,Logistic Regression,label_shift_adjusted,label_shift,target_only_conformal,0.875,0.8737152777777777,0.8411458333333334,0.9036458333333334,1.7526041666666667,0.7526041666666666,1.6302083333333333
Pima,model_a_screening,Logistic Regression,label_shift_adjusted,label_shift,adaptive_transport_conformal,0.9114583333333334,0.9101909722222223,0.8814453125,0.9362630208333332,1.828125,0.828125,1.7447916666666667
Pima,model_a_screening,Logistic Regression,label_shift_adjusted,label_shift,weighted_target_dominant_atcp,0.8697916666666666,0.8685850694444446,0.8359375,0.8998046874999999,1.7395833333333333,0.7395833333333334,1.609375
Pima,model_a_screening,Logistic Regression,label_shift_adjusted,label_shift,shift_aware_source_trust_atcp,0.8697916666666666,0.8685850694444446,0.8359375,0.8998046874999999,1.7395833333333333,0.7395833333333334,1.609375
Pima,model_a_screening,Logistic Regression,label_shift_adjusted,label_shift,class_conditional_weighted_atcp,0.8723958333333334,0.8702690972222221,0.8397786458333333,0.9010416666666666,1.5078125,0.5078125,1.2369791666666667
Pima,model_a_screening,Logistic Regression,label_shift_adjusted,label_shift,risk_asymmetric_shift_atcp,0.8723958333333334,0.870234375,0.8359375,0.9050130208333332,1.5026041666666667,0.5026041666666666,1.2057291666666667
Pima,model_a_screening,Logistic Regression,label_shift_adjusted,label_shift,dp_shift_atcp,0.8671875,0.8649826388888889,0.8333333333333334,0.8984375,1.484375,0.484375,1.1953125
Pima,model_a_screening,Logistic Regression,label_shift_adjusted,label_shift,safety_gated_atcp,0.8697916666666666,0.8685850694444446,0.8359375,0.8998046874999999,1.7395833333333333,0.7395833333333334,1.609375
Pima,model_a_screening,Logistic Regression,label_shift_adjusted,label_shift,safety_gated_shift_atcp,0.8697916666666666,0.8685850694444446,0.8359375,0.8998046874999999,1.7395833333333333,0.7395833333333334,1.609375
Pima,model_a_screening,Logistic Regression,label_shift_adjusted,label_shift,multi_objective_safety_gated_atcp,0.8697916666666666,0.8685850694444446,0.8359375,0.8998046874999999,1.7395833333333333,0.7395833333333334,1.609375
Pima,model_a_screening,Logistic Regression,label_shift_adjusted,label_shift,multi_objective_dp_shift_atcp,0.875,0.8737152777777777,0.8411458333333334,0.9036458333333334,1.7526041666666667,0.7526041666666666,1.6302083333333333
Pima,model_a_screening,Logistic Regression,fixed_recalibration_source_selected,beta,source_split_conformal,0.7630208333333334,0.7602777777777777,0.71875,0.7994791666666666,1.2473958333333333,0.24739583333333334,1.3776041666666667
Pima,model_a_screening,Logistic Regression,fixed_recalibration_source_selected,beta,importance_weighted_source_conformal,0.7890625,0.786579861111111,0.7486328125,0.8255208333333334,1.296875,0.296875,1.4088541666666667
Pima,model_a_screening,Logistic Regression,fixed_recalibration_source_selected,beta,target_only_conformal,0.90625,0.9048697916666667,0.8723958333333334,0.9375,1.5208333333333333,0.5208333333333334,1.4375
Pima,model_a_screening,Logistic Regression,fixed_recalibration_source_selected,beta,adaptive_transport_conformal,0.765625,0.7630642361111111,0.7225911458333333,0.8008463541666666,1.25,0.25,1.3697916666666667
Pima,model_a_screening,Logistic Regression,fixed_recalibration_source_selected,beta,weighted_target_dominant_atcp,0.90625,0.9048697916666667,0.8723958333333334,0.9375,1.5208333333333333,0.5208333333333334,1.4375
Pima,model_a_screening,Logistic Regression,fixed_recalibration_source_selected,beta,shift_aware_source_trust_atcp,0.90625,0.9048697916666667,0.8723958333333334,0.9375,1.5208333333333333,0.5208333333333334,1.4375
Pima,model_a_screening,Logistic Regression,fixed_recalibration_source_selected,beta,class_conditional_weighted_atcp,0.8723958333333334,0.8702690972222221,0.8397786458333333,0.9010416666666666,1.5078125,0.5078125,1.2369791666666667
Pima,model_a_screening,Logistic Regression,fixed_recalibration_source_selected,beta,risk_asymmetric_shift_atcp,0.8723958333333334,0.870234375,0.8359375,0.9050130208333332,1.5026041666666667,0.5026041666666666,1.2057291666666667
Pima,model_a_screening,Logistic Regression,fixed_recalibration_source_selected,beta,dp_shift_atcp,0.8671875,0.8649826388888889,0.8333333333333334,0.8984375,1.484375,0.484375,1.1953125
Pima,model_a_screening,Logistic Regression,fixed_recalibration_source_selected,beta,safety_gated_atcp,0.90625,0.9048697916666667,0.8723958333333334,0.9375,1.5208333333333333,0.5208333333333334,1.4375
Pima,model_a_screening,Logistic Regression,fixed_recalibration_source_selected,beta,safety_gated_shift_atcp,0.90625,0.9048697916666667,0.8723958333333334,0.9375,1.5208333333333333,0.5208333333333334,1.4375
Pima,model_a_screening,Logistic Regression,fixed_recalibration_source_selected,beta,multi_objective_safety_gated_atcp,0.90625,0.9048697916666667,0.8723958333333334,0.9375,1.5208333333333333,0.5208333333333334,1.4375
Pima,model_a_screening,Logistic Regression,fixed_recalibration_source_selected,beta,multi_objective_dp_shift_atcp,0.90625,0.9048697916666667,0.8723958333333334,0.9375,1.5208333333333333,0.5208333333333334,1.4375
Pima,model_a_screening,Logistic Regression,adaptive_calibration_target_selected,beta,source_split_conformal,0.7630208333333334,0.7602777777777777,0.71875,0.7994791666666666,1.2473958333333333,0.24739583333333334,1.3776041666666667
Pima,model_a_screening,Logistic Regression,adaptive_calibration_target_selected,beta,importance_weighted_source_conformal,0.7890625,0.786579861111111,0.7486328125,0.8255208333333334,1.296875,0.296875,1.4088541666666667
Pima,model_a_screening,Logistic Regression,adaptive_calibration_target_selected,beta,target_only_conformal,0.90625,0.9048697916666667,0.8723958333333334,0.9375,1.5208333333333333,0.5208333333333334,1.4375
Pima,model_a_screening,Logistic Regression,adaptive_calibration_target_selected,beta,adaptive_transport_conformal,0.765625,0.7630642361111111,0.7225911458333333,0.8008463541666666,1.25,0.25,1.3697916666666667
Pima,model_a_screening,Logistic Regression,adaptive_calibration_target_selected,beta,weighted_target_dominant_atcp,0.90625,0.9048697916666667,0.8723958333333334,0.9375,1.5208333333333333,0.5208333333333334,1.4375
Pima,model_a_screening,Logistic Regression,adaptive_calibration_target_selected,beta,shift_aware_source_trust_atcp,0.90625,0.9048697916666667,0.8723958333333334,0.9375,1.5208333333333333,0.5208333333333334,1.4375
Pima,model_a_screening,Logistic Regression,adaptive_calibration_target_selected,beta,class_conditional_weighted_atcp,0.8723958333333334,0.8702690972222221,0.8397786458333333,0.9010416666666666,1.5078125,0.5078125,1.2369791666666667
Pima,model_a_screening,Logistic Regression,adaptive_calibration_target_selected,beta,risk_asymmetric_shift_atcp,0.8723958333333334,0.870234375,0.8359375,0.9050130208333332,1.5026041666666667,0.5026041666666666,1.2057291666666667
Pima,model_a_screening,Logistic Regression,adaptive_calibration_target_selected,beta,dp_shift_atcp,0.8671875,0.8649826388888889,0.8333333333333334,0.8984375,1.484375,0.484375,1.1953125
Pima,model_a_screening,Logistic Regression,adaptive_calibration_target_selected,beta,safety_gated_atcp,0.90625,0.9048697916666667,0.8723958333333334,0.9375,1.5208333333333333,0.5208333333333334,1.4375
Pima,model_a_screening,Logistic Regression,adaptive_calibration_target_selected,beta,safety_gated_shift_atcp,0.90625,0.9048697916666667,0.8723958333333334,0.9375,1.5208333333333333,0.5208333333333334,1.4375
Pima,model_a_screening,Logistic Regression,adaptive_calibration_target_selected,beta,multi_objective_safety_gated_atcp,0.90625,0.9048697916666667,0.8723958333333334,0.9375,1.5208333333333333,0.5208333333333334,1.4375
Pima,model_a_screening,Logistic Regression,adaptive_calibration_target_selected,beta,multi_objective_dp_shift_atcp,0.90625,0.9048697916666667,0.8723958333333334,0.9375,1.5208333333333333,0.5208333333333334,1.4375
NHANES,model_a_screening,Random Forest,naive_transfer,uncalibrated,source_split_conformal,0.7670157068062827,0.7665328679464805,0.743869982547993,0.7888743455497382,1.4109947643979057,0.4109947643979058,1.0654450261780104
NHANES,model_a_screening,Random Forest,naive_transfer,uncalibrated,importance_weighted_source_conformal,0.7766143106457243,0.7763118091913903,0.7539267015706806,0.7993019197207679,1.425828970331588,0.4258289703315881,1.0855148342059338
NHANES,model_a_screening,Random Forest,naive_transfer,uncalibrated,target_only_conformal,0.8961605584642234,0.8966172193135543,0.8795811518324608,0.9144851657940664,1.6396160558464223,0.6396160558464223,1.3865619546247818
NHANES,model_a_screening,Random Forest,naive_transfer,uncalibrated,adaptive_transport_conformal,0.7739965095986039,0.7736009307737057,0.7508507853403141,0.7971422338568935,1.4232111692844678,0.4232111692844677,1.0828970331588132
NHANES,model_a_screening,Random Forest,naive_transfer,uncalibrated,weighted_target_dominant_atcp,0.8673647469458988,0.8673356602675976,0.8481675392670157,0.887434554973822,1.5898778359511343,0.5898778359511344,1.3158813263525306
NHANES,model_a_screening,Random Forest,naive_transfer,uncalibrated,shift_aware_source_trust_atcp,0.8961605584642234,0.8966172193135543,0.8795811518324608,0.9144851657940664,1.637870855148342,0.6378708551483421,1.3830715532286213
NHANES,model_a_screening,Random Forest,naive_transfer,uncalibrated,class_conditional_weighted_atcp,0.8856893542757417,0.8861896451425249,0.8691099476439791,0.9027268760907504,1.4406631762652704,0.4406631762652705,1.0340314136125655
NHANES,model_a_screening,Random Forest,naive_transfer,uncalibrated,risk_asymmetric_shift_atcp,0.8856893542757417,0.8861896451425249,0.8691099476439791,0.9027268760907504,1.4441535776614312,0.44415357766143104,1.0410122164048865
NHANES,model_a_screening,Random Forest,naive_transfer,uncalibrated,dp_shift_atcp,0.8438045375218151,0.8438219895287957,0.8219458987783596,0.8647469458987783,1.3525305410122164,0.3525305410122164,0.9240837696335078
NHANES,model_a_screening,Random Forest,naive_transfer,uncalibrated,safety_gated_atcp,0.8673647469458988,0.8673356602675976,0.8481675392670157,0.887434554973822,1.5898778359511343,0.5898778359511344,1.3158813263525306
NHANES,model_a_screening,Random Forest,naive_transfer,uncalibrated,safety_gated_shift_atcp,0.8961605584642234,0.8966172193135543,0.8795811518324608,0.9144851657940664,1.637870855148342,0.6378708551483421,1.3830715532286213
NHANES,model_a_screening,Random Forest,naive_transfer,uncalibrated,multi_objective_safety_gated_atcp,0.8673647469458988,0.8673356602675976,0.8481675392670157,0.887434554973822,1.5898778359511343,0.5898778359511344,1.3158813263525306
NHANES,model_a_screening,Random Forest,naive_transfer,uncalibrated,multi_objective_dp_shift_atcp,0.8438045375218151,0.8438219895287957,0.8219458987783596,0.8647469458987783,1.3525305410122164,0.3525305410122164,0.9240837696335078
NHANES,model_a_screening,Random Forest,label_shift_adjusted,label_shift,source_split_conformal,0.7547993019197208,0.7544531704479348,0.7290357766143106,0.7775305410122164,1.6291448516579408,0.6291448516579407,1.5034904013961605
NHANES,model_a_screening,Random Forest,label_shift_adjusted,label_shift,importance_weighted_source_conformal,0.7739965095986039,0.7734205933682373,0.7491055846422338,0.7966841186736475,1.6544502617801047,0.6544502617801047,1.5349040139616057
NHANES,model_a_screening,Random Forest,label_shift_adjusted,label_shift,target_only_conformal,0.8952879581151832,0.8956806282722513,0.8795811518324608,0.9132417102966841,1.8219895287958114,0.8219895287958116,1.7486910994764397
NHANES,model_a_screening,Random Forest,label_shift_adjusted,label_shift,adaptive_transport_conformal,0.7739965095986039,0.7734205933682373,0.7491055846422338,0.7966841186736475,1.6544502617801047,0.6544502617801047,1.5349040139616057
NHANES,model_a_screening,Random Forest,label_shift_adjusted,label_shift,weighted_target_dominant_atcp,0.8664921465968587,0.8663874345549739,0.8459205933682373,0.8865619546247818,1.7818499127399652,0.7818499127399651,1.6972076788830714
NHANES,model_a_screening,Random Forest,label_shift_adjusted,label_shift,shift_aware_source_trust_atcp,0.8900523560209425,0.89043630017452,0.8738874345549738,0.9070898778359511,1.8167539267015707,0.8167539267015707,1.743455497382199
NHANES,model_a_screening,Random Forest,label_shift_adjusted,label_shift,class_conditional_weighted_atcp,0.8856893542757417,0.8861896451425249,0.8691099476439791,0.9027268760907504,1.4406631762652704,0.4406631762652705,1.0340314136125655
NHANES,model_a_screening,Random Forest,label_shift_adjusted,label_shift,risk_asymmetric_shift_atcp,0.8856893542757417,0.8861896451425249,0.8691099476439791,0.9027268760907504,1.4441535776614312,0.44415357766143104,1.0410122164048865
NHANES,model_a_screening,Random Forest,label_shift_adjusted,label_shift,dp_shift_atcp,0.8438045375218151,0.8438219895287957,0.8219458987783596,0.8647469458987783,1.3525305410122164,0.3525305410122164,0.9240837696335078
NHANES,model_a_screening,Random Forest,label_shift_adjusted,label_shift,safety_gated_atcp,0.8664921465968587,0.8663874345549739,0.8459205933682373,0.8865619546247818,1.7818499127399652,0.7818499127399651,1.6972076788830714
NHANES,model_a_screening,Random Forest,label_shift_adjusted,label_shift,safety_gated_shift_atcp,0.8900523560209425,0.89043630017452,0.8738874345549738,0.9070898778359511,1.8167539267015707,0.8167539267015707,1.743455497382199
NHANES,model_a_screening,Random Forest,label_shift_adjusted,label_shift,multi_objective_safety_gated_atcp,0.8664921465968587,0.8663874345549739,0.8459205933682373,0.8865619546247818,1.7818499127399652,0.7818499127399651,1.6972076788830714
NHANES,model_a_screening,Random Forest,label_shift_adjusted,label_shift,multi_objective_dp_shift_atcp,0.8438045375218151,0.8438219895287957,0.8219458987783596,0.8647469458987783,1.3525305410122164,0.3525305410122164,0.9240837696335078
NHANES,model_a_screening,Random Forest,fixed_recalibration_source_selected,platt,source_split_conformal,0.7827225130890052,0.781823734729494,0.7578315881326352,0.806740837696335,0.9301919720767888,0.06980802792321117,0.9467713787085514
NHANES,model_a_screening,Random Forest,fixed_recalibration_source_selected,platt,importance_weighted_source_conformal,0.7914485165794066,0.7908376963350785,0.7674301919720767,0.8141361256544503,0.944153577661431,0.055846422338568937,0.931064572425829
NHANES,model_a_screening,Random Forest,fixed_recalibration_source_selected,platt,target_only_conformal,0.9171029668411868,0.9163321698662014,0.900523560209424,0.9319371727748691,1.2452006980802792,0.24520069808027922,0.9048865619546248
NHANES,model_a_screening,Random Forest,fixed_recalibration_source_selected,platt,adaptive_transport_conformal,0.794066317626527,0.793502036067481,0.7705061082024433,0.8172120418848167,0.9485165794066318,0.05148342059336824,0.9267015706806283
NHANES,model_a_screening,Random Forest,fixed_recalibration_source_selected,platt,weighted_target_dominant_atcp,0.9171029668411868,0.9163321698662014,0.900523560209424,0.9319371727748691,1.2443280977312392,0.2443280977312391,0.9031413612565445
NHANES,model_a_screening,Random Forest,fixed_recalibration_source_selected,platt,shift_aware_source_trust_atcp,0.9171029668411868,0.9163321698662014,0.900523560209424,0.9319371727748691,1.2443280977312392,0.2443280977312391,0.9031413612565445
NHANES,model_a_screening,Random Forest,fixed_recalibration_source_selected,platt,class_conditional_weighted_atcp,0.9083769633507853,0.9086503781268178,0.8930846422338569,0.925414485165794,1.4546247818499127,0.45462478184991273,1.0636998254799301
NHANES,model_a_screening,Random Forest,fixed_recalibration_source_selected,platt,risk_asymmetric_shift_atcp,0.8856893542757417,0.8861896451425249,0.8691099476439791,0.9027268760907504,1.4441535776614312,0.44415357766143104,1.0410122164048865
NHANES,model_a_screening,Random Forest,fixed_recalibration_source_selected,platt,dp_shift_atcp,0.8438045375218151,0.8438219895287957,0.8219458987783596,0.8647469458987783,1.3525305410122164,0.3525305410122164,0.9240837696335078
NHANES,model_a_screening,Random Forest,fixed_recalibration_source_selected,platt,safety_gated_atcp,0.9171029668411868,0.9163321698662014,0.900523560209424,0.9319371727748691,1.2443280977312392,0.2443280977312391,0.9031413612565445
NHANES,model_a_screening,Random Forest,fixed_recalibration_source_selected,platt,safety_gated_shift_atcp,0.9171029668411868,0.9163321698662014,0.900523560209424,0.9319371727748691,1.2443280977312392,0.2443280977312391,0.9031413612565445
NHANES,model_a_screening,Random Forest,fixed_recalibration_source_selected,platt,multi_objective_safety_gated_atcp,0.9171029668411868,0.9163321698662014,0.900523560209424,0.9319371727748691,1.2443280977312392,0.2443280977312391,0.9031413612565445
NHANES,model_a_screening,Random Forest,fixed_recalibration_source_selected,platt,multi_objective_dp_shift_atcp,0.8438045375218151,0.8438219895287957,0.8219458987783596,0.8647469458987783,1.3525305410122164,0.3525305410122164,0.9240837696335078
NHANES,model_a_screening,Random Forest,adaptive_calibration_target_selected,isotonic,source_split_conformal,0.7888307155322862,0.7880773705642815,0.7652705061082025,0.8115183246073299,0.9389179755671903,0.06108202443280977,0.9336823734729494
NHANES,model_a_screening,Random Forest,adaptive_calibration_target_selected,isotonic,importance_weighted_source_conformal,0.81239092495637,0.8116579406631763,0.7883726003490401,0.8342059336823735,0.974694589877836,0.02530541012216405,0.887434554973822
NHANES,model_a_screening,Random Forest,adaptive_calibration_target_selected,isotonic,target_only_conformal,0.9284467713787086,0.9278534031413613,0.9136125654450262,0.9424083769633508,1.280104712041885,0.2801047120418848,0.9179755671902269
NHANES,model_a_screening,Random Forest,adaptive_calibration_target_selected,isotonic,adaptive_transport_conformal,0.81239092495637,0.8116579406631763,0.7883726003490401,0.8342059336823735,0.974694589877836,0.02530541012216405,0.887434554973822
NHANES,model_a_screening,Random Forest,adaptive_calibration_target_selected,isotonic,weighted_target_dominant_atcp,0.9284467713787086,0.9278534031413613,0.9136125654450262,0.9424083769633508,1.280104712041885,0.2801047120418848,0.9179755671902269
NHANES,model_a_screening,Random Forest,adaptive_calibration_target_selected,isotonic,shift_aware_source_trust_atcp,0.9284467713787086,0.9278534031413613,0.9136125654450262,0.9424083769633508,1.280104712041885,0.2801047120418848,0.9179755671902269
NHANES,model_a_screening,Random Forest,adaptive_calibration_target_selected,isotonic,class_conditional_weighted_atcp,0.9502617801047121,0.9505410122164051,0.9349694589877835,0.962478184991274,1.5279232111692844,0.5279232111692844,1.1614310645724257
NHANES,model_a_screening,Random Forest,adaptive_calibration_target_selected,isotonic,risk_asymmetric_shift_atcp,0.8944153577661431,0.8949592786503782,0.8795811518324608,0.9123254799301919,1.4834205933682374,0.48342059336823734,1.1073298429319371
NHANES,model_a_screening,Random Forest,adaptive_calibration_target_selected,isotonic,dp_shift_atcp,0.8577661431064573,0.8580221058755092,0.837696335078534,0.8791666666666667,1.3804537521815008,0.38045375218150085,0.9589877835951134
NHANES,model_a_screening,Random Forest,adaptive_calibration_target_selected,isotonic,safety_gated_atcp,0.9284467713787086,0.9278534031413613,0.9136125654450262,0.9424083769633508,1.280104712041885,0.2801047120418848,0.9179755671902269
NHANES,model_a_screening,Random Forest,adaptive_calibration_target_selected,isotonic,safety_gated_shift_atcp,0.9284467713787086,0.9278534031413613,0.9136125654450262,0.9424083769633508,1.280104712041885,0.2801047120418848,0.9179755671902269
NHANES,model_a_screening,Random Forest,adaptive_calibration_target_selected,isotonic,multi_objective_safety_gated_atcp,0.9284467713787086,0.9278534031413613,0.9136125654450262,0.9424083769633508,1.280104712041885,0.2801047120418848,0.9179755671902269
NHANES,model_a_screening,Random Forest,adaptive_calibration_target_selected,isotonic,multi_objective_dp_shift_atcp,0.8577661431064573,0.8580221058755092,0.837696335078534,0.8791666666666667,1.3804537521815008,0.38045375218150085,0.9589877835951134
Pima,model_a_screening,Random Forest,naive_transfer,uncalibrated,source_split_conformal,0.8307291666666666,0.8292534722222222,0.7902994791666667,0.8645833333333334,1.3619791666666667,0.3619791666666667,1.3515625
Pima,model_a_screening,Random Forest,naive_transfer,uncalibrated,importance_weighted_source_conformal,0.8333333333333334,0.8318402777777777,0.7929036458333333,0.8671875,1.375,0.375,1.375
Pima,model_a_screening,Random Forest,naive_transfer,uncalibrated,target_only_conformal,0.890625,0.88953125,0.8580078125,0.9180338541666666,1.5104166666666667,0.5104166666666666,1.4114583333333333
Pima,model_a_screening,Random Forest,naive_transfer,uncalibrated,adaptive_transport_conformal,0.8307291666666666,0.8292534722222222,0.7902994791666667,0.8645833333333334,1.3645833333333333,0.3645833333333333,1.3567708333333333
Pima,model_a_screening,Random Forest,naive_transfer,uncalibrated,weighted_target_dominant_atcp,0.8880208333333334,0.8869184027777777,0.8541666666666666,0.9166666666666666,1.5078125,0.5078125,1.4192708333333333
Pima,model_a_screening,Random Forest,naive_transfer,uncalibrated,shift_aware_source_trust_atcp,0.8880208333333334,0.8869184027777777,0.8541666666666666,0.9166666666666666,1.5078125,0.5078125,1.4192708333333333
Pima,model_a_screening,Random Forest,naive_transfer,uncalibrated,class_conditional_weighted_atcp,0.8958333333333334,0.8935850694444446,0.8632161458333333,0.9244791666666666,1.5546875,0.5546875,1.3385416666666667
Pima,model_a_screening,Random Forest,naive_transfer,uncalibrated,risk_asymmetric_shift_atcp,0.8854166666666666,0.8829340277777779,0.8527994791666667,0.9140625,1.5442708333333333,0.5442708333333334,1.2864583333333333
Pima,model_a_screening,Random Forest,naive_transfer,uncalibrated,dp_shift_atcp,0.875,0.8725173611111112,0.8411458333333334,0.9050130208333332,1.5130208333333333,0.5130208333333334,1.2760416666666667
Pima,model_a_screening,Random Forest,naive_transfer,uncalibrated,safety_gated_atcp,0.8880208333333334,0.8869184027777777,0.8541666666666666,0.9166666666666666,1.5078125,0.5078125,1.4192708333333333
Pima,model_a_screening,Random Forest,naive_transfer,uncalibrated,safety_gated_shift_atcp,0.8880208333333334,0.8869184027777777,0.8541666666666666,0.9166666666666666,1.5078125,0.5078125,1.4192708333333333
Pima,model_a_screening,Random Forest,naive_transfer,uncalibrated,multi_objective_safety_gated_atcp,0.8880208333333334,0.8869184027777777,0.8541666666666666,0.9166666666666666,1.5078125,0.5078125,1.4192708333333333
Pima,model_a_screening,Random Forest,naive_transfer,uncalibrated,multi_objective_dp_shift_atcp,0.875,0.8725173611111112,0.8411458333333334,0.9050130208333332,1.5130208333333333,0.5130208333333334,1.2760416666666667
Pima,model_a_screening,Random Forest,label_shift_adjusted,label_shift,source_split_conformal,0.9401041666666666,0.9390625,0.9140625,0.9623046874999999,1.890625,0.890625,1.8411458333333333
Pima,model_a_screening,Random Forest,label_shift_adjusted,label_shift,importance_weighted_source_conformal,0.9453125,0.9446527777777777,0.921875,0.9661458333333334,1.9036458333333333,0.9036458333333334,1.8619791666666667
Pima,model_a_screening,Random Forest,label_shift_adjusted,label_shift,target_only_conformal,0.9010416666666666,0.8989756944444444,0.8671875,0.9244791666666666,1.7916666666666667,0.7916666666666666,1.6822916666666667
Pima,model_a_screening,Random Forest,label_shift_adjusted,label_shift,adaptive_transport_conformal,0.9401041666666666,0.9390625,0.9140625,0.9623046874999999,1.8880208333333333,0.8880208333333334,1.8359375
Pima,model_a_screening,Random Forest,label_shift_adjusted,label_shift,weighted_target_dominant_atcp,0.9270833333333334,0.9256510416666667,0.8984375,0.9492838541666666,1.8515625,0.8515625,1.7760416666666667
Pima,model_a_screening,Random Forest,label_shift_adjusted,label_shift,shift_aware_source_trust_atcp,0.9010416666666666,0.8989756944444444,0.8671875,0.9244791666666666,1.7864583333333333,0.7864583333333334,1.671875
Pima,model_a_screening,Random Forest,label_shift_adjusted,label_shift,class_conditional_weighted_atcp,0.8958333333333334,0.893559027777778,0.8645833333333334,0.9232421874999999,1.5442708333333333,0.5442708333333334,1.3385416666666667
Pima,model_a_screening,Random Forest,label_shift_adjusted,label_shift,risk_asymmetric_shift_atcp,0.8854166666666666,0.8829340277777779,0.8527994791666667,0.9140625,1.5442708333333333,0.5442708333333334,1.2864583333333333
Pima,model_a_screening,Random Forest,label_shift_adjusted,label_shift,dp_shift_atcp,0.875,0.8725173611111112,0.8411458333333334,0.9050130208333332,1.5130208333333333,0.5130208333333334,1.2760416666666667
Pima,model_a_screening,Random Forest,label_shift_adjusted,label_shift,safety_gated_atcp,0.9270833333333334,0.9256510416666667,0.8984375,0.9492838541666666,1.8515625,0.8515625,1.7760416666666667
Pima,model_a_screening,Random Forest,label_shift_adjusted,label_shift,safety_gated_shift_atcp,0.9010416666666666,0.8989756944444444,0.8671875,0.9244791666666666,1.7864583333333333,0.7864583333333334,1.671875
Pima,model_a_screening,Random Forest,label_shift_adjusted,label_shift,multi_objective_safety_gated_atcp,0.9010416666666666,0.8989756944444444,0.8671875,0.9244791666666666,1.7864583333333333,0.7864583333333334,1.671875
Pima,model_a_screening,Random Forest,label_shift_adjusted,label_shift,multi_objective_dp_shift_atcp,0.875,0.8725173611111112,0.8411458333333334,0.9050130208333332,1.5130208333333333,0.5130208333333334,1.2760416666666667
Pima,model_a_screening,Random Forest,fixed_recalibration_source_selected,platt,source_split_conformal,0.7838541666666666,0.7820225694444445,0.7369791666666666,0.8242838541666666,1.2604166666666667,0.2604166666666667,1.3932291666666667
Pima,model_a_screening,Random Forest,fixed_recalibration_source_selected,platt,importance_weighted_source_conformal,0.7916666666666666,0.789861111111111,0.7447916666666666,0.830859375,1.2708333333333333,0.2708333333333333,1.3958333333333333
Pima,model_a_screening,Random Forest,fixed_recalibration_source_selected,platt,target_only_conformal,0.8854166666666666,0.8841319444444445,0.8501953125,0.9140625,1.484375,0.484375,1.4895833333333333
Pima,model_a_screening,Random Forest,fixed_recalibration_source_selected,platt,adaptive_transport_conformal,0.7838541666666666,0.7820225694444445,0.7369791666666666,0.8242838541666666,1.2604166666666667,0.2604166666666667,1.3932291666666667
Pima,model_a_screening,Random Forest,fixed_recalibration_source_selected,platt,weighted_target_dominant_atcp,0.8697916666666666,0.8687326388888887,0.8359375,0.8998046874999999,1.4401041666666667,0.4401041666666667,1.46875
Pima,model_a_screening,Random Forest,fixed_recalibration_source_selected,platt,shift_aware_source_trust_atcp,0.8697916666666666,0.8687326388888887,0.8359375,0.8998046874999999,1.4401041666666667,0.4401041666666667,1.46875
Pima,model_a_screening,Random Forest,fixed_recalibration_source_selected,platt,class_conditional_weighted_atcp,0.8958333333333334,0.8935850694444446,0.8632161458333333,0.9244791666666666,1.5546875,0.5546875,1.3385416666666667
Pima,model_a_screening,Random Forest,fixed_recalibration_source_selected,platt,risk_asymmetric_shift_atcp,0.8854166666666666,0.8829340277777779,0.8527994791666667,0.9140625,1.5442708333333333,0.5442708333333334,1.2864583333333333
Pima,model_a_screening,Random Forest,fixed_recalibration_source_selected,platt,dp_shift_atcp,0.875,0.8725173611111112,0.8411458333333334,0.9050130208333332,1.5130208333333333,0.5130208333333334,1.2760416666666667
Pima,model_a_screening,Random Forest,fixed_recalibration_source_selected,platt,safety_gated_atcp,0.8697916666666666,0.8687326388888887,0.8359375,0.8998046874999999,1.4401041666666667,0.4401041666666667,1.46875
Pima,model_a_screening,Random Forest,fixed_recalibration_source_selected,platt,safety_gated_shift_atcp,0.8697916666666666,0.8687326388888887,0.8359375,0.8998046874999999,1.4401041666666667,0.4401041666666667,1.46875
Pima,model_a_screening,Random Forest,fixed_recalibration_source_selected,platt,multi_objective_safety_gated_atcp,0.8697916666666666,0.8687326388888887,0.8359375,0.8998046874999999,1.4401041666666667,0.4401041666666667,1.46875
Pima,model_a_screening,Random Forest,fixed_recalibration_source_selected,platt,multi_objective_dp_shift_atcp,0.875,0.8725173611111112,0.8411458333333334,0.9050130208333332,1.5130208333333333,0.5130208333333334,1.2760416666666667
Pima,model_a_screening,Random Forest,adaptive_calibration_target_selected,uncalibrated,source_split_conformal,0.8307291666666666,0.8292534722222222,0.7902994791666667,0.8645833333333334,1.3619791666666667,0.3619791666666667,1.3515625
Pima,model_a_screening,Random Forest,adaptive_calibration_target_selected,uncalibrated,importance_weighted_source_conformal,0.8333333333333334,0.8318402777777777,0.7929036458333333,0.8671875,1.375,0.375,1.375
Pima,model_a_screening,Random Forest,adaptive_calibration_target_selected,uncalibrated,target_only_conformal,0.890625,0.88953125,0.8580078125,0.9180338541666666,1.5104166666666667,0.5104166666666666,1.4114583333333333
Pima,model_a_screening,Random Forest,adaptive_calibration_target_selected,uncalibrated,adaptive_transport_conformal,0.8307291666666666,0.8292534722222222,0.7902994791666667,0.8645833333333334,1.3645833333333333,0.3645833333333333,1.3567708333333333
Pima,model_a_screening,Random Forest,adaptive_calibration_target_selected,uncalibrated,weighted_target_dominant_atcp,0.8880208333333334,0.8869184027777777,0.8541666666666666,0.9166666666666666,1.5078125,0.5078125,1.4192708333333333
Pima,model_a_screening,Random Forest,adaptive_calibration_target_selected,uncalibrated,shift_aware_source_trust_atcp,0.8880208333333334,0.8869184027777777,0.8541666666666666,0.9166666666666666,1.5078125,0.5078125,1.4192708333333333
Pima,model_a_screening,Random Forest,adaptive_calibration_target_selected,uncalibrated,class_conditional_weighted_atcp,0.8958333333333334,0.8935850694444446,0.8632161458333333,0.9244791666666666,1.5546875,0.5546875,1.3385416666666667
Pima,model_a_screening,Random Forest,adaptive_calibration_target_selected,uncalibrated,risk_asymmetric_shift_atcp,0.8854166666666666,0.8829340277777779,0.8527994791666667,0.9140625,1.5442708333333333,0.5442708333333334,1.2864583333333333
Pima,model_a_screening,Random Forest,adaptive_calibration_target_selected,uncalibrated,dp_shift_atcp,0.875,0.8725173611111112,0.8411458333333334,0.9050130208333332,1.5130208333333333,0.5130208333333334,1.2760416666666667
Pima,model_a_screening,Random Forest,adaptive_calibration_target_selected,uncalibrated,safety_gated_atcp,0.8880208333333334,0.8869184027777777,0.8541666666666666,0.9166666666666666,1.5078125,0.5078125,1.4192708333333333
Pima,model_a_screening,Random Forest,adaptive_calibration_target_selected,uncalibrated,safety_gated_shift_atcp,0.8880208333333334,0.8869184027777777,0.8541666666666666,0.9166666666666666,1.5078125,0.5078125,1.4192708333333333
Pima,model_a_screening,Random Forest,adaptive_calibration_target_selected,uncalibrated,multi_objective_safety_gated_atcp,0.8880208333333334,0.8869184027777777,0.8541666666666666,0.9166666666666666,1.5078125,0.5078125,1.4192708333333333
Pima,model_a_screening,Random Forest,adaptive_calibration_target_selected,uncalibrated,multi_objective_dp_shift_atcp,0.875,0.8725173611111112,0.8411458333333334,0.9050130208333332,1.5130208333333333,0.5130208333333334,1.2760416666666667
NHANES,model_a_screening,XGBoost,naive_transfer,uncalibrated,source_split_conformal,0.8010471204188482,0.8003054101221639,0.7770287958115183,0.8228621291448517,0.9502617801047121,0.049738219895287955,0.881326352530541
NHANES,model_a_screening,XGBoost,naive_transfer,uncalibrated,importance_weighted_source_conformal,0.8106457242582897,0.8098836532867947,0.7857547993019197,0.831631762652705,0.9659685863874345,0.034031413612565446,0.8612565445026178
NHANES,model_a_screening,XGBoost,naive_transfer,uncalibrated,target_only_conformal,0.9092495636998255,0.9087114601512508,0.8913394415357766,0.925414485165794,1.2111692844677138,0.2111692844677138,0.8760907504363001
NHANES,model_a_screening,XGBoost,naive_transfer,uncalibrated,adaptive_transport_conformal,0.8106457242582897,0.8098836532867947,0.7857547993019197,0.831631762652705,0.9668411867364747,0.03315881326352531,0.8630017452006981
NHANES,model_a_screening,XGBoost,naive_transfer,uncalibrated,weighted_target_dominant_atcp,0.9083769633507853,0.9076672484002328,0.8904668411867365,0.9245418848167539,1.2102966841186737,0.21029668411867364,0.8787085514834206
NHANES,model_a_screening,XGBoost,naive_transfer,uncalibrated,shift_aware_source_trust_atcp,0.9083769633507853,0.9076672484002328,0.8904668411867365,0.9245418848167539,1.2102966841186737,0.21029668411867364,0.8787085514834206
NHANES,model_a_screening,XGBoost,naive_transfer,uncalibrated,class_conditional_weighted_atcp,0.9118673647469459,0.9118586387434554,0.8965750436300174,0.9275741710296684,1.4720767888307156,0.4720767888307155,1.0776614310645725
NHANES,model_a_screening,XGBoost,naive_transfer,uncalibrated,risk_asymmetric_shift_atcp,0.8961605584642234,0.8966695753344969,0.8795375218150088,0.9144851657940664,1.4712041884816753,0.4712041884816754,1.081151832460733
NHANES,model_a_screening,XGBoost,naive_transfer,uncalibrated,dp_shift_atcp,0.8595113438045375,0.8594706224549157,0.8398560209424083,0.8796247818499128,1.3970331588132636,0.3970331588132635,0.9799301919720768
NHANES,model_a_screening,XGBoost,naive_transfer,uncalibrated,safety_gated_atcp,0.9083769633507853,0.9076672484002328,0.8904668411867365,0.9245418848167539,1.2102966841186737,0.21029668411867364,0.8787085514834206
NHANES,model_a_screening,XGBoost,naive_transfer,uncalibrated,safety_gated_shift_atcp,0.9083769633507853,0.9076672484002328,0.8904668411867365,0.9245418848167539,1.2102966841186737,0.21029668411867364,0.8787085514834206
NHANES,model_a_screening,XGBoost,naive_transfer,uncalibrated,multi_objective_safety_gated_atcp,0.9083769633507853,0.9076672484002328,0.8904668411867365,0.9245418848167539,1.2102966841186737,0.21029668411867364,0.8787085514834206
NHANES,model_a_screening,XGBoost,naive_transfer,uncalibrated,multi_objective_dp_shift_atcp,0.9092495636998255,0.9087114601512508,0.8913394415357766,0.925414485165794,1.2111692844677138,0.2111692844677138,0.8760907504363001
NHANES,model_a_screening,XGBoost,label_shift_adjusted,label_shift,source_split_conformal,0.8010471204188482,0.8001047120418848,0.7770287958115183,0.824607329842932,1.0043630017452008,0.004363001745200698,0.6474694589877836
NHANES,model_a_screening,XGBoost,label_shift_adjusted,label_shift,importance_weighted_source_conformal,0.8228621291448517,0.8222774869109948,0.8014616055846422,0.8451352530541012,1.0410122164048865,0.04101221640488656,0.6710296684118674
NHANES,model_a_screening,XGBoost,label_shift_adjusted,label_shift,target_only_conformal,0.9162303664921466,0.9158900523560208,0.8991928446771378,0.931522687609075,1.2844677137870855,0.2844677137870855,0.893542757417103
NHANES,model_a_screening,XGBoost,label_shift_adjusted,label_shift,adaptive_transport_conformal,0.8176265270506108,0.8167917393833625,0.7953534031413612,0.8398996509598603,1.0349040139616057,0.034904013961605584,0.6675392670157068
NHANES,model_a_screening,XGBoost,label_shift_adjusted,label_shift,weighted_target_dominant_atcp,0.9057591623036649,0.9053403141361255,0.8883071553228621,0.9219240837696334,1.24956369982548,0.24956369982547993,0.8621291448516579
NHANES,model_a_screening,XGBoost,label_shift_adjusted,label_shift,shift_aware_source_trust_atcp,0.9162303664921466,0.9158900523560208,0.8991928446771378,0.931522687609075,1.2844677137870855,0.2844677137870855,0.893542757417103
NHANES,model_a_screening,XGBoost,label_shift_adjusted,label_shift,class_conditional_weighted_atcp,0.8909249563699826,0.8913612565445027,0.87521815008726,0.9101221640488656,1.4520069808027922,0.45200698080279234,1.0549738219895288
NHANES,model_a_screening,XGBoost,label_shift_adjusted,label_shift,risk_asymmetric_shift_atcp,0.8961605584642234,0.8966695753344969,0.8795375218150088,0.9144851657940664,1.4712041884816753,0.4712041884816754,1.081151832460733
NHANES,model_a_screening,XGBoost,label_shift_adjusted,label_shift,dp_shift_atcp,0.8595113438045375,0.8594706224549157,0.8398560209424083,0.8796247818499128,1.3970331588132636,0.3970331588132635,0.9799301919720768
NHANES,model_a_screening,XGBoost,label_shift_adjusted,label_shift,safety_gated_atcp,0.9057591623036649,0.9053403141361255,0.8883071553228621,0.9219240837696334,1.24956369982548,0.24956369982547993,0.8621291448516579
NHANES,model_a_screening,XGBoost,label_shift_adjusted,label_shift,safety_gated_shift_atcp,0.9162303664921466,0.9158900523560208,0.8991928446771378,0.931522687609075,1.2844677137870855,0.2844677137870855,0.893542757417103
NHANES,model_a_screening,XGBoost,label_shift_adjusted,label_shift,multi_objective_safety_gated_atcp,0.9162303664921466,0.9158900523560208,0.8991928446771378,0.931522687609075,1.2844677137870855,0.2844677137870855,0.893542757417103
NHANES,model_a_screening,XGBoost,label_shift_adjusted,label_shift,multi_objective_dp_shift_atcp,0.9162303664921466,0.9158900523560208,0.8991928446771378,0.931522687609075,1.2844677137870855,0.2844677137870855,0.893542757417103
NHANES,model_a_screening,XGBoost,fixed_recalibration_source_selected,beta,source_split_conformal,0.7958115183246073,0.7949738219895288,0.7722513089005235,0.8176265270506108,0.9415357766143106,0.05846422338568935,0.9040139616055847
NHANES,model_a_screening,XGBoost,fixed_recalibration_source_selected,beta,importance_weighted_source_conformal,0.8036649214659686,0.8028941244909832,0.7796465968586387,0.8259380453752181,0.9589877835951134,0.04101221640488656,0.8996509598603839
NHANES,model_a_screening,XGBoost,fixed_recalibration_source_selected,beta,target_only_conformal,0.9092495636998255,0.9087114601512508,0.8913394415357766,0.925414485165794,1.2111692844677138,0.2111692844677138,0.8760907504363001
NHANES,model_a_screening,XGBoost,fixed_recalibration_source_selected,beta,adaptive_transport_conformal,0.806282722513089,0.8054653868528214,0.7826788830715532,0.8280977312390925,0.9633507853403142,0.03664921465968586,0.8952879581151832
NHANES,model_a_screening,XGBoost,fixed_recalibration_source_selected,beta,weighted_target_dominant_atcp,0.9083769633507853,0.9076672484002328,0.8904668411867365,0.9245418848167539,1.2102966841186737,0.21029668411867364,0.8787085514834206
NHANES,model_a_screening,XGBoost,fixed_recalibration_source_selected,beta,shift_aware_source_trust_atcp,0.9083769633507853,0.9076672484002328,0.8904668411867365,0.9245418848167539,1.2102966841186737,0.21029668411867364,0.8787085514834206
NHANES,model_a_screening,XGBoost,fixed_recalibration_source_selected,beta,class_conditional_weighted_atcp,0.9118673647469459,0.9118586387434554,0.8965750436300174,0.9275741710296684,1.4720767888307156,0.4720767888307155,1.0776614310645725
NHANES,model_a_screening,XGBoost,fixed_recalibration_source_selected,beta,risk_asymmetric_shift_atcp,0.8961605584642234,0.8966695753344969,0.8795375218150088,0.9144851657940664,1.4712041884816753,0.4712041884816754,1.081151832460733
NHANES,model_a_screening,XGBoost,fixed_recalibration_source_selected,beta,dp_shift_atcp,0.8595113438045375,0.8594706224549157,0.8398560209424083,0.8796247818499128,1.3970331588132636,0.3970331588132635,0.9799301919720768
NHANES,model_a_screening,XGBoost,fixed_recalibration_source_selected,beta,safety_gated_atcp,0.9083769633507853,0.9076672484002328,0.8904668411867365,0.9245418848167539,1.2102966841186737,0.21029668411867364,0.8787085514834206
NHANES,model_a_screening,XGBoost,fixed_recalibration_source_selected,beta,safety_gated_shift_atcp,0.9083769633507853,0.9076672484002328,0.8904668411867365,0.9245418848167539,1.2102966841186737,0.21029668411867364,0.8787085514834206
NHANES,model_a_screening,XGBoost,fixed_recalibration_source_selected,beta,multi_objective_safety_gated_atcp,0.9083769633507853,0.9076672484002328,0.8904668411867365,0.9245418848167539,1.2102966841186737,0.21029668411867364,0.8787085514834206
NHANES,model_a_screening,XGBoost,fixed_recalibration_source_selected,beta,multi_objective_dp_shift_atcp,0.9092495636998255,0.9087114601512508,0.8913394415357766,0.925414485165794,1.2111692844677138,0.2111692844677138,0.8760907504363001
NHANES,model_a_screening,XGBoost,adaptive_calibration_target_selected,temperature,source_split_conformal,0.8010471204188482,0.8003054101221639,0.7770287958115183,0.8228621291448517,0.9502617801047121,0.049738219895287955,0.881326352530541
NHANES,model_a_screening,XGBoost,adaptive_calibration_target_selected,temperature,importance_weighted_source_conformal,0.8106457242582897,0.8098836532867947,0.7857547993019197,0.831631762652705,0.9659685863874345,0.034031413612565446,0.8612565445026178
NHANES,model_a_screening,XGBoost,adaptive_calibration_target_selected,temperature,target_only_conformal,0.9092495636998255,0.9087114601512508,0.8913394415357766,0.925414485165794,1.2111692844677138,0.2111692844677138,0.8760907504363001
NHANES,model_a_screening,XGBoost,adaptive_calibration_target_selected,temperature,adaptive_transport_conformal,0.8106457242582897,0.8098836532867947,0.7857547993019197,0.831631762652705,0.9668411867364747,0.03315881326352531,0.8630017452006981
NHANES,model_a_screening,XGBoost,adaptive_calibration_target_selected,temperature,weighted_target_dominant_atcp,0.9083769633507853,0.9076672484002328,0.8904668411867365,0.9245418848167539,1.2102966841186737,0.21029668411867364,0.8787085514834206
NHANES,model_a_screening,XGBoost,adaptive_calibration_target_selected,temperature,shift_aware_source_trust_atcp,0.9083769633507853,0.9076672484002328,0.8904668411867365,0.9245418848167539,1.2102966841186737,0.21029668411867364,0.8787085514834206
NHANES,model_a_screening,XGBoost,adaptive_calibration_target_selected,temperature,class_conditional_weighted_atcp,0.9118673647469459,0.9118586387434554,0.8965750436300174,0.9275741710296684,1.4720767888307156,0.4720767888307155,1.0776614310645725
NHANES,model_a_screening,XGBoost,adaptive_calibration_target_selected,temperature,risk_asymmetric_shift_atcp,0.8961605584642234,0.8966695753344969,0.8795375218150088,0.9144851657940664,1.4712041884816753,0.4712041884816754,1.081151832460733
NHANES,model_a_screening,XGBoost,adaptive_calibration_target_selected,temperature,dp_shift_atcp,0.8595113438045375,0.8594706224549157,0.8398560209424083,0.8796247818499128,1.3970331588132636,0.3970331588132635,0.9799301919720768
NHANES,model_a_screening,XGBoost,adaptive_calibration_target_selected,temperature,safety_gated_atcp,0.9083769633507853,0.9076672484002328,0.8904668411867365,0.9245418848167539,1.2102966841186737,0.21029668411867364,0.8787085514834206
NHANES,model_a_screening,XGBoost,adaptive_calibration_target_selected,temperature,safety_gated_shift_atcp,0.9083769633507853,0.9076672484002328,0.8904668411867365,0.9245418848167539,1.2102966841186737,0.21029668411867364,0.8787085514834206
NHANES,model_a_screening,XGBoost,adaptive_calibration_target_selected,temperature,multi_objective_safety_gated_atcp,0.9083769633507853,0.9076672484002328,0.8904668411867365,0.9245418848167539,1.2102966841186737,0.21029668411867364,0.8787085514834206
NHANES,model_a_screening,XGBoost,adaptive_calibration_target_selected,temperature,multi_objective_dp_shift_atcp,0.9092495636998255,0.9087114601512508,0.8913394415357766,0.925414485165794,1.2111692844677138,0.2111692844677138,0.8760907504363001
Pima,model_a_screening,XGBoost,naive_transfer,uncalibrated,source_split_conformal,0.6432291666666666,0.640564236111111,0.59375,0.6901041666666666,0.9869791666666666,0.013020833333333334,1.7578125
Pima,model_a_screening,XGBoost,naive_transfer,uncalibrated,importance_weighted_source_conformal,0.6484375,0.6454600694444445,0.5975911458333333,0.6953125,0.9921875,0.0078125,1.7421875
Pima,model_a_screening,XGBoost,naive_transfer,uncalibrated,target_only_conformal,0.8932291666666666,0.8923524305555556,0.8632161458333333,0.921875,1.46875,0.46875,1.4713541666666667
Pima,model_a_screening,XGBoost,naive_transfer,uncalibrated,adaptive_transport_conformal,0.6432291666666666,0.640564236111111,0.59375,0.6901041666666666,0.9869791666666666,0.013020833333333334,1.7578125
Pima,model_a_screening,XGBoost,naive_transfer,uncalibrated,weighted_target_dominant_atcp,0.8880208333333334,0.887109375,0.8554036458333333,0.9166666666666666,1.4635416666666667,0.4635416666666667,1.4869791666666667
Pima,model_a_screening,XGBoost,naive_transfer,uncalibrated,shift_aware_source_trust_atcp,0.8880208333333334,0.887109375,0.8554036458333333,0.9166666666666666,1.4635416666666667,0.4635416666666667,1.4869791666666667
Pima,model_a_screening,XGBoost,naive_transfer,uncalibrated,class_conditional_weighted_atcp,0.8958333333333334,0.8940885416666666,0.8684244791666667,0.9244791666666666,1.5572916666666667,0.5572916666666666,1.3229166666666667
Pima,model_a_screening,XGBoost,naive_transfer,uncalibrated,risk_asymmetric_shift_atcp,0.9010416666666666,0.8995225694444445,0.8697916666666666,0.9270833333333334,1.5755208333333333,0.5755208333333334,1.3125
Pima,model_a_screening,XGBoost,naive_transfer,uncalibrated,dp_shift_atcp,0.890625,0.8888975694444445,0.859375,0.9206380208333332,1.5364583333333333,0.5364583333333334,1.2864583333333333
Pima,model_a_screening,XGBoost,naive_transfer,uncalibrated,safety_gated_atcp,0.8880208333333334,0.887109375,0.8554036458333333,0.9166666666666666,1.4635416666666667,0.4635416666666667,1.4869791666666667
Pima,model_a_screening,XGBoost,naive_transfer,uncalibrated,safety_gated_shift_atcp,0.8880208333333334,0.887109375,0.8554036458333333,0.9166666666666666,1.4635416666666667,0.4635416666666667,1.4869791666666667
Pima,model_a_screening,XGBoost,naive_transfer,uncalibrated,multi_objective_safety_gated_atcp,0.8932291666666666,0.8923524305555556,0.8632161458333333,0.921875,1.46875,0.46875,1.4713541666666667
Pima,model_a_screening,XGBoost,naive_transfer,uncalibrated,multi_objective_dp_shift_atcp,0.890625,0.8888975694444445,0.859375,0.9206380208333332,1.5364583333333333,0.5364583333333334,1.2864583333333333
Pima,model_a_screening,XGBoost,label_shift_adjusted,label_shift,source_split_conformal,0.734375,0.7319357638888889,0.6861328125,0.7774088541666666,1.1640625,0.1640625,1.4479166666666667
Pima,model_a_screening,XGBoost,label_shift_adjusted,label_shift,importance_weighted_source_conformal,0.7447916666666666,0.7420486111111111,0.6953125,0.7864583333333334,1.1848958333333333,0.18489583333333334,1.4479166666666667
Pima,model_a_screening,XGBoost,label_shift_adjusted,label_shift,target_only_conformal,0.8880208333333334,0.8868836805555557,0.8554036458333333,0.9166666666666666,1.4661458333333333,0.4661458333333333,1.4609375
Pima,model_a_screening,XGBoost,label_shift_adjusted,label_shift,adaptive_transport_conformal,0.734375,0.7319357638888889,0.6861328125,0.7774088541666666,1.1666666666666667,0.16666666666666666,1.453125
Pima,model_a_screening,XGBoost,label_shift_adjusted,label_shift,weighted_target_dominant_atcp,0.8854166666666666,0.8843663194444445,0.8541666666666666,0.9140625,1.4557291666666667,0.4557291666666667,1.453125
Pima,model_a_screening,XGBoost,label_shift_adjusted,label_shift,shift_aware_source_trust_atcp,0.8854166666666666,0.8843663194444445,0.8541666666666666,0.9140625,1.4557291666666667,0.4557291666666667,1.453125
Pima,model_a_screening,XGBoost,label_shift_adjusted,label_shift,class_conditional_weighted_atcp,0.8958333333333334,0.8940885416666666,0.8684244791666667,0.9244791666666666,1.5572916666666667,0.5572916666666666,1.3229166666666667
Pima,model_a_screening,XGBoost,label_shift_adjusted,label_shift,risk_asymmetric_shift_atcp,0.9010416666666666,0.8995225694444445,0.8697916666666666,0.9270833333333334,1.5755208333333333,0.5755208333333334,1.3125
Pima,model_a_screening,XGBoost,label_shift_adjusted,label_shift,dp_shift_atcp,0.890625,0.8888975694444445,0.859375,0.9206380208333332,1.5364583333333333,0.5364583333333334,1.2864583333333333
Pima,model_a_screening,XGBoost,label_shift_adjusted,label_shift,safety_gated_atcp,0.8854166666666666,0.8843663194444445,0.8541666666666666,0.9140625,1.4557291666666667,0.4557291666666667,1.453125
Pima,model_a_screening,XGBoost,label_shift_adjusted,label_shift,safety_gated_shift_atcp,0.8854166666666666,0.8843663194444445,0.8541666666666666,0.9140625,1.4557291666666667,0.4557291666666667,1.453125
Pima,model_a_screening,XGBoost,label_shift_adjusted,label_shift,multi_objective_safety_gated_atcp,0.8880208333333334,0.8868836805555557,0.8554036458333333,0.9166666666666666,1.4661458333333333,0.4661458333333333,1.4609375
Pima,model_a_screening,XGBoost,label_shift_adjusted,label_shift,multi_objective_dp_shift_atcp,0.890625,0.8888975694444445,0.859375,0.9206380208333332,1.5364583333333333,0.5364583333333334,1.2864583333333333
Pima,model_a_screening,XGBoost,fixed_recalibration_source_selected,beta,source_split_conformal,0.7682291666666666,0.7657204861111111,0.7213541666666666,0.8098958333333334,1.2421875,0.2421875,1.4036458333333333
Pima,model_a_screening,XGBoost,fixed_recalibration_source_selected,beta,importance_weighted_source_conformal,0.7760416666666666,0.7739583333333333,0.7291666666666666,0.8190755208333332,1.2630208333333333,0.2630208333333333,1.4375
Pima,model_a_screening,XGBoost,fixed_recalibration_source_selected,beta,target_only_conformal,0.8854166666666666,0.8844618055555554,0.8527994791666667,0.9128255208333332,1.4557291666666667,0.4557291666666667,1.4427083333333333
Pima,model_a_screening,XGBoost,fixed_recalibration_source_selected,beta,adaptive_transport_conformal,0.7682291666666666,0.7657204861111111,0.7213541666666666,0.8098958333333334,1.2421875,0.2421875,1.4036458333333333
Pima,model_a_screening,XGBoost,fixed_recalibration_source_selected,beta,weighted_target_dominant_atcp,0.8776041666666666,0.8766319444444444,0.8449869791666667,0.90625,1.4427083333333333,0.4427083333333333,1.4348958333333333
Pima,model_a_screening,XGBoost,fixed_recalibration_source_selected,beta,shift_aware_source_trust_atcp,0.8776041666666666,0.8766319444444444,0.8449869791666667,0.90625,1.4427083333333333,0.4427083333333333,1.4348958333333333
Pima,model_a_screening,XGBoost,fixed_recalibration_source_selected,beta,class_conditional_weighted_atcp,0.8958333333333334,0.8940885416666666,0.8684244791666667,0.9244791666666666,1.5572916666666667,0.5572916666666666,1.3229166666666667
Pima,model_a_screening,XGBoost,fixed_recalibration_source_selected,beta,risk_asymmetric_shift_atcp,0.9010416666666666,0.8995225694444445,0.8697916666666666,0.9270833333333334,1.5755208333333333,0.5755208333333334,1.3125
Pima,model_a_screening,XGBoost,fixed_recalibration_source_selected,beta,dp_shift_atcp,0.890625,0.8888975694444445,0.859375,0.9206380208333332,1.5364583333333333,0.5364583333333334,1.2864583333333333
Pima,model_a_screening,XGBoost,fixed_recalibration_source_selected,beta,safety_gated_atcp,0.8776041666666666,0.8766319444444444,0.8449869791666667,0.90625,1.4427083333333333,0.4427083333333333,1.4348958333333333
Pima,model_a_screening,XGBoost,fixed_recalibration_source_selected,beta,safety_gated_shift_atcp,0.8776041666666666,0.8766319444444444,0.8449869791666667,0.90625,1.4427083333333333,0.4427083333333333,1.4348958333333333
Pima,model_a_screening,XGBoost,fixed_recalibration_source_selected,beta,multi_objective_safety_gated_atcp,0.8854166666666666,0.8844618055555554,0.8527994791666667,0.9128255208333332,1.4557291666666667,0.4557291666666667,1.4427083333333333
Pima,model_a_screening,XGBoost,fixed_recalibration_source_selected,beta,multi_objective_dp_shift_atcp,0.890625,0.8888975694444445,0.859375,0.9206380208333332,1.5364583333333333,0.5364583333333334,1.2864583333333333
Pima,model_a_screening,XGBoost,adaptive_calibration_target_selected,platt,source_split_conformal,0.7604166666666666,0.7574913194444444,0.7109375,0.8020833333333334,1.2213541666666667,0.22135416666666666,1.4010416666666667
Pima,model_a_screening,XGBoost,adaptive_calibration_target_selected,platt,importance_weighted_source_conformal,0.7760416666666666,0.7739583333333333,0.7291666666666666,0.8190755208333332,1.2604166666666667,0.2604166666666667,1.4322916666666667
Pima,model_a_screening,XGBoost,adaptive_calibration_target_selected,platt,target_only_conformal,0.8828125,0.881796875,0.8463541666666666,0.9088541666666666,1.4609375,0.4609375,1.4453125
Pima,model_a_screening,XGBoost,adaptive_calibration_target_selected,platt,adaptive_transport_conformal,0.7682291666666666,0.7654166666666666,0.7199869791666667,0.8072916666666666,1.234375,0.234375,1.3984375
Pima,model_a_screening,XGBoost,adaptive_calibration_target_selected,platt,weighted_target_dominant_atcp,0.8802083333333334,0.8791493055555556,0.8463541666666666,0.9076171874999999,1.4479166666666667,0.4479166666666667,1.4322916666666667
Pima,model_a_screening,XGBoost,adaptive_calibration_target_selected,platt,shift_aware_source_trust_atcp,0.8802083333333334,0.8791493055555556,0.8463541666666666,0.9076171874999999,1.4479166666666667,0.4479166666666667,1.4322916666666667
Pima,model_a_screening,XGBoost,adaptive_calibration_target_selected,platt,class_conditional_weighted_atcp,0.8958333333333334,0.8940885416666666,0.8684244791666667,0.9244791666666666,1.5572916666666667,0.5572916666666666,1.3229166666666667
Pima,model_a_screening,XGBoost,adaptive_calibration_target_selected,platt,risk_asymmetric_shift_atcp,0.9010416666666666,0.8995225694444445,0.8697916666666666,0.9270833333333334,1.5755208333333333,0.5755208333333334,1.3125
Pima,model_a_screening,XGBoost,adaptive_calibration_target_selected,platt,dp_shift_atcp,0.890625,0.8888975694444445,0.859375,0.9206380208333332,1.5364583333333333,0.5364583333333334,1.2864583333333333
Pima,model_a_screening,XGBoost,adaptive_calibration_target_selected,platt,safety_gated_atcp,0.8802083333333334,0.8791493055555556,0.8463541666666666,0.9076171874999999,1.4479166666666667,0.4479166666666667,1.4322916666666667
Pima,model_a_screening,XGBoost,adaptive_calibration_target_selected,platt,safety_gated_shift_atcp,0.8802083333333334,0.8791493055555556,0.8463541666666666,0.9076171874999999,1.4479166666666667,0.4479166666666667,1.4322916666666667
Pima,model_a_screening,XGBoost,adaptive_calibration_target_selected,platt,multi_objective_safety_gated_atcp,0.8828125,0.881796875,0.8463541666666666,0.9088541666666666,1.4609375,0.4609375,1.4453125
Pima,model_a_screening,XGBoost,adaptive_calibration_target_selected,platt,multi_objective_dp_shift_atcp,0.890625,0.8888975694444445,0.859375,0.9206380208333332,1.5364583333333333,0.5364583333333334,1.2864583333333333
NHANES,model_a_screening,LightGBM,naive_transfer,uncalibrated,source_split_conformal,0.7862129144851658,0.7861372891215823,0.7639397905759162,0.8094022687609075,1.4275741710296683,0.42757417102966844,1.0828970331588132
NHANES,model_a_screening,LightGBM,naive_transfer,uncalibrated,importance_weighted_source_conformal,0.8019197207678883,0.8019720767888306,0.7792321116928447,0.8233202443280977,1.4546247818499127,0.45462478184991273,1.1212914485165795
NHANES,model_a_screening,LightGBM,naive_transfer,uncalibrated,target_only_conformal,0.9109947643979057,0.9111547411285631,0.8943717277486911,0.9267015706806283,1.655322862129145,0.6553228621291448,1.406631762652705
NHANES,model_a_screening,LightGBM,naive_transfer,uncalibrated,adaptive_transport_conformal,0.800174520069808,0.8000988947062245,0.7783595113438045,0.8220331588132636,1.4520069808027922,0.45200698080279234,1.117801047120419
NHANES,model_a_screening,LightGBM,naive_transfer,uncalibrated,weighted_target_dominant_atcp,0.9048865619546248,0.9050087260034904,0.8886780104712042,0.9210514834205933,1.6465968586387434,0.6465968586387435,1.3952879581151831
NHANES,model_a_screening,LightGBM,naive_transfer,uncalibrated,shift_aware_source_trust_atcp,0.9048865619546248,0.9050087260034904,0.8886780104712042,0.9210514834205933,1.6448516579406631,0.6448516579406631,1.3917975567190226
NHANES,model_a_screening,LightGBM,naive_transfer,uncalibrated,class_conditional_weighted_atcp,0.9109947643979057,0.9110529377545084,0.8944153577661431,0.9271596858638743,1.4659685863874345,0.46596858638743455,1.0837696335078535
NHANES,model_a_screening,LightGBM,naive_transfer,uncalibrated,risk_asymmetric_shift_atcp,0.8952879581151832,0.89543048283886,0.8778359511343804,0.912739965095986,1.4746945898778359,0.47469458987783597,1.0994764397905759
NHANES,model_a_screening,LightGBM,naive_transfer,uncalibrated,dp_shift_atcp,0.8891797556719022,0.8892641070389762,0.8721422338568935,0.9083769633507853,1.431064572425829,0.43106457242582896,1.0357766143106457
NHANES,model_a_screening,LightGBM,naive_transfer,uncalibrated,safety_gated_atcp,0.9048865619546248,0.9050087260034904,0.8886780104712042,0.9210514834205933,1.6465968586387434,0.6465968586387435,1.3952879581151831
NHANES,model_a_screening,LightGBM,naive_transfer,uncalibrated,safety_gated_shift_atcp,0.9048865619546248,0.9050087260034904,0.8886780104712042,0.9210514834205933,1.6448516579406631,0.6448516579406631,1.3917975567190226
NHANES,model_a_screening,LightGBM,naive_transfer,uncalibrated,multi_objective_safety_gated_atcp,0.9048865619546248,0.9050087260034904,0.8886780104712042,0.9210514834205933,1.6465968586387434,0.6465968586387435,1.3952879581151831
NHANES,model_a_screening,LightGBM,naive_transfer,uncalibrated,multi_objective_dp_shift_atcp,0.9109947643979057,0.9111547411285631,0.8943717277486911,0.9267015706806283,1.655322862129145,0.6553228621291448,1.406631762652705
NHANES,model_a_screening,LightGBM,label_shift_adjusted,label_shift,source_split_conformal,0.7818499127399651,0.7817655613728912,0.7574171029668412,0.8027923211169284,1.611692844677138,0.6116928446771379,1.4415357766143106
NHANES,model_a_screening,LightGBM,label_shift_adjusted,label_shift,importance_weighted_source_conformal,0.7949389179755671,0.79478184991274,0.7717931937172774,0.8180846422338568,1.643979057591623,0.643979057591623,1.493019197207679
NHANES,model_a_screening,LightGBM,label_shift_adjusted,label_shift,target_only_conformal,0.9066317626527051,0.9067102966841188,0.8909249563699826,0.9223385689354275,1.8272251308900525,0.8272251308900523,1.7478184991273997
NHANES,model_a_screening,LightGBM,label_shift_adjusted,label_shift,adaptive_transport_conformal,0.7914485165794066,0.7912536358347876,0.768760907504363,0.8137216404886561,1.6369982547993018,0.6369982547993019,1.4825479930191972
NHANES,model_a_screening,LightGBM,label_shift_adjusted,label_shift,weighted_target_dominant_atcp,0.9066317626527051,0.9067102966841188,0.8909249563699826,0.9223385689354275,1.8272251308900525,0.8272251308900523,1.7478184991273997
NHANES,model_a_screening,LightGBM,label_shift_adjusted,label_shift,shift_aware_source_trust_atcp,0.9066317626527051,0.9067102966841188,0.8909249563699826,0.9223385689354275,1.825479930191972,0.8254799301919721,1.7443280977312392
NHANES,model_a_screening,LightGBM,label_shift_adjusted,label_shift,class_conditional_weighted_atcp,0.9109947643979057,0.9110529377545084,0.8944153577661431,0.9271596858638743,1.4659685863874345,0.46596858638743455,1.0837696335078535
NHANES,model_a_screening,LightGBM,label_shift_adjusted,label_shift,risk_asymmetric_shift_atcp,0.8952879581151832,0.89543048283886,0.8778359511343804,0.912739965095986,1.4746945898778359,0.47469458987783597,1.0994764397905759
NHANES,model_a_screening,LightGBM,label_shift_adjusted,label_shift,dp_shift_atcp,0.8891797556719022,0.8892641070389762,0.8721422338568935,0.9083769633507853,1.431064572425829,0.43106457242582896,1.0357766143106457
NHANES,model_a_screening,LightGBM,label_shift_adjusted,label_shift,safety_gated_atcp,0.9066317626527051,0.9067102966841188,0.8909249563699826,0.9223385689354275,1.8272251308900525,0.8272251308900523,1.7478184991273997
NHANES,model_a_screening,LightGBM,label_shift_adjusted,label_shift,safety_gated_shift_atcp,0.9066317626527051,0.9067102966841188,0.8909249563699826,0.9223385689354275,1.825479930191972,0.8254799301919721,1.7443280977312392
NHANES,model_a_screening,LightGBM,label_shift_adjusted,label_shift,multi_objective_safety_gated_atcp,0.9066317626527051,0.9067102966841188,0.8909249563699826,0.9223385689354275,1.8272251308900525,0.8272251308900523,1.7478184991273997
NHANES,model_a_screening,LightGBM,label_shift_adjusted,label_shift,multi_objective_dp_shift_atcp,0.9066317626527051,0.9067102966841188,0.8909249563699826,0.9223385689354275,1.8272251308900525,0.8272251308900523,1.7478184991273997
NHANES,model_a_screening,LightGBM,fixed_recalibration_source_selected,platt,source_split_conformal,0.7931937172774869,0.7922542175683537,0.7696335078534031,0.8150087260034904,0.9380453752181501,0.06195462478184991,0.9101221640488656
NHANES,model_a_screening,LightGBM,fixed_recalibration_source_selected,platt,importance_weighted_source_conformal,0.806282722513089,0.805503199534613,0.7827225130890052,0.8272251308900523,0.962478184991274,0.037521815008726006,0.8900523560209425
NHANES,model_a_screening,LightGBM,fixed_recalibration_source_selected,platt,target_only_conformal,0.9066317626527051,0.9061111111111111,0.8909249563699826,0.9214659685863874,1.2111692844677138,0.2111692844677138,0.8891797556719022
NHANES,model_a_screening,LightGBM,fixed_recalibration_source_selected,platt,adaptive_transport_conformal,0.806282722513089,0.805503199534613,0.7827225130890052,0.8272251308900523,0.9633507853403142,0.03664921465968586,0.8917975567190227
NHANES,model_a_screening,LightGBM,fixed_recalibration_source_selected,platt,weighted_target_dominant_atcp,0.9066317626527051,0.9061111111111111,0.8909249563699826,0.9214659685863874,1.2085514834205933,0.20855148342059338,0.8839441535776614
NHANES,model_a_screening,LightGBM,fixed_recalibration_source_selected,platt,shift_aware_source_trust_atcp,0.9066317626527051,0.9061111111111111,0.8909249563699826,0.9214659685863874,1.2085514834205933,0.20855148342059338,0.8839441535776614
NHANES,model_a_screening,LightGBM,fixed_recalibration_source_selected,platt,class_conditional_weighted_atcp,0.9109947643979057,0.9110529377545084,0.8944153577661431,0.9271596858638743,1.4659685863874345,0.46596858638743455,1.0837696335078535
NHANES,model_a_screening,LightGBM,fixed_recalibration_source_selected,platt,risk_asymmetric_shift_atcp,0.8952879581151832,0.89543048283886,0.8778359511343804,0.912739965095986,1.4746945898778359,0.47469458987783597,1.0994764397905759
NHANES,model_a_screening,LightGBM,fixed_recalibration_source_selected,platt,dp_shift_atcp,0.8891797556719022,0.8892641070389762,0.8721422338568935,0.9083769633507853,1.431064572425829,0.43106457242582896,1.0357766143106457
NHANES,model_a_screening,LightGBM,fixed_recalibration_source_selected,platt,safety_gated_atcp,0.9066317626527051,0.9061111111111111,0.8909249563699826,0.9214659685863874,1.2085514834205933,0.20855148342059338,0.8839441535776614
NHANES,model_a_screening,LightGBM,fixed_recalibration_source_selected,platt,safety_gated_shift_atcp,0.9066317626527051,0.9061111111111111,0.8909249563699826,0.9214659685863874,1.2085514834205933,0.20855148342059338,0.8839441535776614
NHANES,model_a_screening,LightGBM,fixed_recalibration_source_selected,platt,multi_objective_safety_gated_atcp,0.9066317626527051,0.9061111111111111,0.8909249563699826,0.9214659685863874,1.2111692844677138,0.2111692844677138,0.8891797556719022
NHANES,model_a_screening,LightGBM,fixed_recalibration_source_selected,platt,multi_objective_dp_shift_atcp,0.9066317626527051,0.9061111111111111,0.8909249563699826,0.9214659685863874,1.2111692844677138,0.2111692844677138,0.8891797556719022
NHANES,model_a_screening,LightGBM,adaptive_calibration_target_selected,platt,source_split_conformal,0.7931937172774869,0.7922542175683537,0.7696335078534031,0.8150087260034904,0.9380453752181501,0.06195462478184991,0.9101221640488656
NHANES,model_a_screening,LightGBM,adaptive_calibration_target_selected,platt,importance_weighted_source_conformal,0.806282722513089,0.805503199534613,0.7827225130890052,0.8272251308900523,0.962478184991274,0.037521815008726006,0.8900523560209425
NHANES,model_a_screening,LightGBM,adaptive_calibration_target_selected,platt,target_only_conformal,0.9066317626527051,0.9061111111111111,0.8909249563699826,0.9214659685863874,1.2111692844677138,0.2111692844677138,0.8891797556719022
NHANES,model_a_screening,LightGBM,adaptive_calibration_target_selected,platt,adaptive_transport_conformal,0.806282722513089,0.805503199534613,0.7827225130890052,0.8272251308900523,0.9633507853403142,0.03664921465968586,0.8917975567190227
NHANES,model_a_screening,LightGBM,adaptive_calibration_target_selected,platt,weighted_target_dominant_atcp,0.9066317626527051,0.9061111111111111,0.8909249563699826,0.9214659685863874,1.2085514834205933,0.20855148342059338,0.8839441535776614
NHANES,model_a_screening,LightGBM,adaptive_calibration_target_selected,platt,shift_aware_source_trust_atcp,0.9066317626527051,0.9061111111111111,0.8909249563699826,0.9214659685863874,1.2085514834205933,0.20855148342059338,0.8839441535776614
NHANES,model_a_screening,LightGBM,adaptive_calibration_target_selected,platt,class_conditional_weighted_atcp,0.9109947643979057,0.9110529377545084,0.8944153577661431,0.9271596858638743,1.4659685863874345,0.46596858638743455,1.0837696335078535
NHANES,model_a_screening,LightGBM,adaptive_calibration_target_selected,platt,risk_asymmetric_shift_atcp,0.8952879581151832,0.89543048283886,0.8778359511343804,0.912739965095986,1.4746945898778359,0.47469458987783597,1.0994764397905759
NHANES,model_a_screening,LightGBM,adaptive_calibration_target_selected,platt,dp_shift_atcp,0.8891797556719022,0.8892641070389762,0.8721422338568935,0.9083769633507853,1.431064572425829,0.43106457242582896,1.0357766143106457
NHANES,model_a_screening,LightGBM,adaptive_calibration_target_selected,platt,safety_gated_atcp,0.9066317626527051,0.9061111111111111,0.8909249563699826,0.9214659685863874,1.2085514834205933,0.20855148342059338,0.8839441535776614
NHANES,model_a_screening,LightGBM,adaptive_calibration_target_selected,platt,safety_gated_shift_atcp,0.9066317626527051,0.9061111111111111,0.8909249563699826,0.9214659685863874,1.2085514834205933,0.20855148342059338,0.8839441535776614
NHANES,model_a_screening,LightGBM,adaptive_calibration_target_selected,platt,multi_objective_safety_gated_atcp,0.9066317626527051,0.9061111111111111,0.8909249563699826,0.9214659685863874,1.2111692844677138,0.2111692844677138,0.8891797556719022
NHANES,model_a_screening,LightGBM,adaptive_calibration_target_selected,platt,multi_objective_dp_shift_atcp,0.9066317626527051,0.9061111111111111,0.8909249563699826,0.9214659685863874,1.2111692844677138,0.2111692844677138,0.8891797556719022
Pima,model_a_screening,LightGBM,naive_transfer,uncalibrated,source_split_conformal,0.8411458333333334,0.8392621527777777,0.8020833333333334,0.8723958333333334,1.390625,0.390625,1.3255208333333333
Pima,model_a_screening,LightGBM,naive_transfer,uncalibrated,importance_weighted_source_conformal,0.8463541666666666,0.8448003472222223,0.8111328125,0.8776041666666666,1.4114583333333333,0.4114583333333333,1.3515625
Pima,model_a_screening,LightGBM,naive_transfer,uncalibrated,target_only_conformal,0.8932291666666666,0.8921006944444446,0.859375,0.921875,1.5026041666666667,0.5026041666666666,1.4140625
Pima,model_a_screening,LightGBM,naive_transfer,uncalibrated,adaptive_transport_conformal,0.8411458333333334,0.8392621527777777,0.8020833333333334,0.8723958333333334,1.390625,0.390625,1.3255208333333333
Pima,model_a_screening,LightGBM,naive_transfer,uncalibrated,weighted_target_dominant_atcp,0.8932291666666666,0.8921006944444446,0.859375,0.921875,1.4973958333333333,0.4973958333333333,1.4036458333333333
Pima,model_a_screening,LightGBM,naive_transfer,uncalibrated,shift_aware_source_trust_atcp,0.8932291666666666,0.8921006944444446,0.859375,0.921875,1.4973958333333333,0.4973958333333333,1.4036458333333333
Pima,model_a_screening,LightGBM,naive_transfer,uncalibrated,class_conditional_weighted_atcp,0.8802083333333334,0.8789930555555554,0.8475911458333333,0.9088541666666666,1.5078125,0.5078125,1.28125
Pima,model_a_screening,LightGBM,naive_transfer,uncalibrated,risk_asymmetric_shift_atcp,0.8828125,0.8815364583333334,0.8489583333333334,0.9114583333333334,1.5390625,0.5390625,1.3098958333333333
Pima,model_a_screening,LightGBM,naive_transfer,uncalibrated,dp_shift_atcp,0.875,0.8738194444444444,0.8411458333333334,0.9036458333333334,1.4973958333333333,0.4973958333333333,1.265625
Pima,model_a_screening,LightGBM,naive_transfer,uncalibrated,safety_gated_atcp,0.8932291666666666,0.8921006944444446,0.859375,0.921875,1.4973958333333333,0.4973958333333333,1.4036458333333333
Pima,model_a_screening,LightGBM,naive_transfer,uncalibrated,safety_gated_shift_atcp,0.8932291666666666,0.8921006944444446,0.859375,0.921875,1.4973958333333333,0.4973958333333333,1.4036458333333333
Pima,model_a_screening,LightGBM,naive_transfer,uncalibrated,multi_objective_safety_gated_atcp,0.8932291666666666,0.8921006944444446,0.859375,0.921875,1.5026041666666667,0.5026041666666666,1.4140625
Pima,model_a_screening,LightGBM,naive_transfer,uncalibrated,multi_objective_dp_shift_atcp,0.8932291666666666,0.8921006944444446,0.859375,0.921875,1.5026041666666667,0.5026041666666666,1.4140625
Pima,model_a_screening,LightGBM,label_shift_adjusted,label_shift,source_split_conformal,0.9348958333333334,0.9340451388888887,0.9114583333333334,0.9583333333333334,1.875,0.875,1.8151041666666667
Pima,model_a_screening,LightGBM,label_shift_adjusted,label_shift,importance_weighted_source_conformal,0.9375,0.9366319444444445,0.9126953125,0.9597005208333332,1.890625,0.890625,1.84375
Pima,model_a_screening,LightGBM,label_shift_adjusted,label_shift,target_only_conformal,0.8880208333333334,0.8868663194444444,0.8527994791666667,0.9140625,1.7708333333333333,0.7708333333333334,1.6536458333333333
Pima,model_a_screening,LightGBM,label_shift_adjusted,label_shift,adaptive_transport_conformal,0.9348958333333334,0.9340451388888887,0.9114583333333334,0.9583333333333334,1.8723958333333333,0.8723958333333334,1.8098958333333333
Pima,model_a_screening,LightGBM,label_shift_adjusted,label_shift,weighted_target_dominant_atcp,0.8880208333333334,0.8868663194444444,0.8527994791666667,0.9140625,1.7708333333333333,0.7708333333333334,1.6536458333333333
Pima,model_a_screening,LightGBM,label_shift_adjusted,label_shift,shift_aware_source_trust_atcp,0.8880208333333334,0.8868663194444444,0.8527994791666667,0.9140625,1.7708333333333333,0.7708333333333334,1.6536458333333333
Pima,model_a_screening,LightGBM,label_shift_adjusted,label_shift,class_conditional_weighted_atcp,0.8802083333333334,0.8789930555555554,0.8475911458333333,0.9088541666666666,1.5078125,0.5078125,1.28125
Pima,model_a_screening,LightGBM,label_shift_adjusted,label_shift,risk_asymmetric_shift_atcp,0.8828125,0.8815364583333334,0.8489583333333334,0.9114583333333334,1.5390625,0.5390625,1.3098958333333333
Pima,model_a_screening,LightGBM,label_shift_adjusted,label_shift,dp_shift_atcp,0.875,0.8738194444444444,0.8411458333333334,0.9036458333333334,1.4973958333333333,0.4973958333333333,1.265625
Pima,model_a_screening,LightGBM,label_shift_adjusted,label_shift,safety_gated_atcp,0.8880208333333334,0.8868663194444444,0.8527994791666667,0.9140625,1.7708333333333333,0.7708333333333334,1.6536458333333333
Pima,model_a_screening,LightGBM,label_shift_adjusted,label_shift,safety_gated_shift_atcp,0.8880208333333334,0.8868663194444444,0.8527994791666667,0.9140625,1.7708333333333333,0.7708333333333334,1.6536458333333333
Pima,model_a_screening,LightGBM,label_shift_adjusted,label_shift,multi_objective_safety_gated_atcp,0.8880208333333334,0.8868663194444444,0.8527994791666667,0.9140625,1.7708333333333333,0.7708333333333334,1.6536458333333333
Pima,model_a_screening,LightGBM,label_shift_adjusted,label_shift,multi_objective_dp_shift_atcp,0.8880208333333334,0.8868663194444444,0.8527994791666667,0.9140625,1.7708333333333333,0.7708333333333334,1.6536458333333333
Pima,model_a_screening,LightGBM,fixed_recalibration_source_selected,platt,source_split_conformal,0.7630208333333334,0.7604513888888889,0.7147786458333333,0.8060546874999999,1.2395833333333333,0.23958333333333334,1.4244791666666667
Pima,model_a_screening,LightGBM,fixed_recalibration_source_selected,platt,importance_weighted_source_conformal,0.7838541666666666,0.781814236111111,0.7395833333333334,0.8216796874999999,1.2760416666666667,0.2760416666666667,1.4244791666666667
Pima,model_a_screening,LightGBM,fixed_recalibration_source_selected,platt,target_only_conformal,0.8932291666666666,0.891796875,0.859375,0.9192708333333334,1.484375,0.484375,1.4609375
Pima,model_a_screening,LightGBM,fixed_recalibration_source_selected,platt,adaptive_transport_conformal,0.7630208333333334,0.7604513888888889,0.7147786458333333,0.8060546874999999,1.2447916666666667,0.24479166666666666,1.4348958333333333
Pima,model_a_screening,LightGBM,fixed_recalibration_source_selected,platt,weighted_target_dominant_atcp,0.8932291666666666,0.891796875,0.859375,0.9192708333333334,1.484375,0.484375,1.4609375
Pima,model_a_screening,LightGBM,fixed_recalibration_source_selected,platt,shift_aware_source_trust_atcp,0.8932291666666666,0.891796875,0.859375,0.9192708333333334,1.484375,0.484375,1.4609375
Pima,model_a_screening,LightGBM,fixed_recalibration_source_selected,platt,class_conditional_weighted_atcp,0.8802083333333334,0.8789930555555554,0.8475911458333333,0.9088541666666666,1.5078125,0.5078125,1.28125
Pima,model_a_screening,LightGBM,fixed_recalibration_source_selected,platt,risk_asymmetric_shift_atcp,0.8828125,0.8815364583333334,0.8489583333333334,0.9114583333333334,1.5390625,0.5390625,1.3098958333333333
Pima,model_a_screening,LightGBM,fixed_recalibration_source_selected,platt,dp_shift_atcp,0.875,0.8738194444444444,0.8411458333333334,0.9036458333333334,1.4973958333333333,0.4973958333333333,1.265625
Pima,model_a_screening,LightGBM,fixed_recalibration_source_selected,platt,safety_gated_atcp,0.8932291666666666,0.891796875,0.859375,0.9192708333333334,1.484375,0.484375,1.4609375
Pima,model_a_screening,LightGBM,fixed_recalibration_source_selected,platt,safety_gated_shift_atcp,0.8932291666666666,0.891796875,0.859375,0.9192708333333334,1.484375,0.484375,1.4609375
Pima,model_a_screening,LightGBM,fixed_recalibration_source_selected,platt,multi_objective_safety_gated_atcp,0.8932291666666666,0.891796875,0.859375,0.9192708333333334,1.484375,0.484375,1.4609375
Pima,model_a_screening,LightGBM,fixed_recalibration_source_selected,platt,multi_objective_dp_shift_atcp,0.8932291666666666,0.891796875,0.859375,0.9192708333333334,1.484375,0.484375,1.4609375
Pima,model_a_screening,LightGBM,adaptive_calibration_target_selected,beta,source_split_conformal,0.7760416666666666,0.773984375,0.7291666666666666,0.8151041666666666,1.2708333333333333,0.2708333333333333,1.421875
Pima,model_a_screening,LightGBM,adaptive_calibration_target_selected,beta,importance_weighted_source_conformal,0.7838541666666666,0.781814236111111,0.7395833333333334,0.8216796874999999,1.28125,0.28125,1.4348958333333333
Pima,model_a_screening,LightGBM,adaptive_calibration_target_selected,beta,target_only_conformal,0.9036458333333334,0.9026302083333333,0.875,0.9296875,1.5,0.5,1.4817708333333333
Pima,model_a_screening,LightGBM,adaptive_calibration_target_selected,beta,adaptive_transport_conformal,0.7760416666666666,0.773984375,0.7291666666666666,0.8151041666666666,1.2708333333333333,0.2708333333333333,1.421875
Pima,model_a_screening,LightGBM,adaptive_calibration_target_selected,beta,weighted_target_dominant_atcp,0.9010416666666666,0.9000260416666667,0.8697916666666666,0.9270833333333334,1.4947916666666667,0.4947916666666667,1.484375
Pima,model_a_screening,LightGBM,adaptive_calibration_target_selected,beta,shift_aware_source_trust_atcp,0.9010416666666666,0.9000260416666667,0.8697916666666666,0.9270833333333334,1.4947916666666667,0.4947916666666667,1.484375
Pima,model_a_screening,LightGBM,adaptive_calibration_target_selected,beta,class_conditional_weighted_atcp,0.8802083333333334,0.8789930555555554,0.8475911458333333,0.9088541666666666,1.5078125,0.5078125,1.28125
Pima,model_a_screening,LightGBM,adaptive_calibration_target_selected,beta,risk_asymmetric_shift_atcp,0.8828125,0.8815364583333334,0.8489583333333334,0.9114583333333334,1.5390625,0.5390625,1.3098958333333333
Pima,model_a_screening,LightGBM,adaptive_calibration_target_selected,beta,dp_shift_atcp,0.875,0.8738194444444444,0.8411458333333334,0.9036458333333334,1.4973958333333333,0.4973958333333333,1.265625
Pima,model_a_screening,LightGBM,adaptive_calibration_target_selected,beta,safety_gated_atcp,0.9010416666666666,0.9000260416666667,0.8697916666666666,0.9270833333333334,1.4947916666666667,0.4947916666666667,1.484375
Pima,model_a_screening,LightGBM,adaptive_calibration_target_selected,beta,safety_gated_shift_atcp,0.9010416666666666,0.9000260416666667,0.8697916666666666,0.9270833333333334,1.4947916666666667,0.4947916666666667,1.484375
Pima,model_a_screening,LightGBM,adaptive_calibration_target_selected,beta,multi_objective_safety_gated_atcp,0.9010416666666666,0.9000260416666667,0.8697916666666666,0.9270833333333334,1.4947916666666667,0.4947916666666667,1.484375
Pima,model_a_screening,LightGBM,adaptive_calibration_target_selected,beta,multi_objective_dp_shift_atcp,0.9036458333333334,0.9026302083333333,0.875,0.9296875,1.5,0.5,1.4817708333333333
NHANES,model_a_screening,CatBoost,naive_transfer,uncalibrated,source_split_conformal,0.7958115183246073,0.7949272833042468,0.7708769633507853,0.8176265270506108,0.9406631762652705,0.059336823734729496,0.8952879581151832
NHANES,model_a_screening,CatBoost,naive_transfer,uncalibrated,importance_weighted_source_conformal,0.8054101221640488,0.8045724258289702,0.7804755671902268,0.8263525305410122,0.9616055846422339,0.038394415357766144,0.8821989528795812
NHANES,model_a_screening,CatBoost,naive_transfer,uncalibrated,target_only_conformal,0.912739965095986,0.9120913321698663,0.8961605584642234,0.9267015706806283,1.225130890052356,0.225130890052356,0.8865619546247818
NHANES,model_a_screening,CatBoost,naive_transfer,uncalibrated,adaptive_transport_conformal,0.8071553228621291,0.8063612565445025,0.7826788830715532,0.8276832460732984,0.9633507853403142,0.03664921465968586,0.8769633507853403
NHANES,model_a_screening,CatBoost,naive_transfer,uncalibrated,weighted_target_dominant_atcp,0.9118673647469459,0.9111867364746947,0.8948298429319371,0.9262870855148342,1.2225130890052356,0.22251308900523561,0.8856893542757417
NHANES,model_a_screening,CatBoost,naive_transfer,uncalibrated,shift_aware_source_trust_atcp,0.9118673647469459,0.9111867364746947,0.8948298429319371,0.9262870855148342,1.2225130890052356,0.22251308900523561,0.8856893542757417
NHANES,model_a_screening,CatBoost,naive_transfer,uncalibrated,class_conditional_weighted_atcp,0.9136125654450262,0.9140546829552065,0.8983202443280977,0.9293193717277487,1.5,0.5,1.12478184991274
NHANES,model_a_screening,CatBoost,naive_transfer,uncalibrated,risk_asymmetric_shift_atcp,0.9022687609075044,0.9025741710296684,0.8861038394415357,0.9184336823734729,1.4973821989528795,0.4973821989528796,1.1204188481675392
NHANES,model_a_screening,CatBoost,naive_transfer,uncalibrated,dp_shift_atcp,0.8586387434554974,0.8586271087841769,0.8403141361256544,0.8778795811518324,1.4171029668411868,0.41710296684118675,1.0139616055846423
NHANES,model_a_screening,CatBoost,naive_transfer,uncalibrated,safety_gated_atcp,0.9118673647469459,0.9111867364746947,0.8948298429319371,0.9262870855148342,1.2225130890052356,0.22251308900523561,0.8856893542757417
NHANES,model_a_screening,CatBoost,naive_transfer,uncalibrated,safety_gated_shift_atcp,0.9118673647469459,0.9111867364746947,0.8948298429319371,0.9262870855148342,1.2225130890052356,0.22251308900523561,0.8856893542757417
NHANES,model_a_screening,CatBoost,naive_transfer,uncalibrated,multi_objective_safety_gated_atcp,0.9118673647469459,0.9111867364746947,0.8948298429319371,0.9262870855148342,1.2225130890052356,0.22251308900523561,0.8856893542757417
NHANES,model_a_screening,CatBoost,naive_transfer,uncalibrated,multi_objective_dp_shift_atcp,0.8586387434554974,0.8586271087841769,0.8403141361256544,0.8778795811518324,1.4171029668411868,0.41710296684118675,1.0139616055846423
NHANES,model_a_screening,CatBoost,label_shift_adjusted,label_shift,source_split_conformal,0.800174520069808,0.799694589877836,0.7774869109947644,0.8228621291448517,0.9973821989528796,0.002617801047120419,0.6657940663176265
NHANES,model_a_screening,CatBoost,label_shift_adjusted,label_shift,importance_weighted_source_conformal,0.8184991273996509,0.8179493891797557,0.7966841186736475,0.8398996509598603,1.031413612565445,0.031413612565445025,0.6736474694589878
NHANES,model_a_screening,CatBoost,label_shift_adjusted,label_shift,target_only_conformal,0.912739965095986,0.912222222222222,0.8952879581151832,0.9275741710296684,1.2739965095986039,0.27399650959860383,0.8830715532286213
NHANES,model_a_screening,CatBoost,label_shift_adjusted,label_shift,adaptive_transport_conformal,0.8167539267015707,0.8162914485165794,0.7958115183246073,0.8385689354275742,1.0296684118673647,0.029668411867364748,0.675392670157068
NHANES,model_a_screening,CatBoost,label_shift_adjusted,label_shift,weighted_target_dominant_atcp,0.9118673647469459,0.9114048865619547,0.8952879581151832,0.9258289703315882,1.2713787085514834,0.27137870855148344,0.8787085514834206
NHANES,model_a_screening,CatBoost,label_shift_adjusted,label_shift,shift_aware_source_trust_atcp,0.9118673647469459,0.9114048865619547,0.8952879581151832,0.9258289703315882,1.2713787085514834,0.27137870855148344,0.8787085514834206
NHANES,model_a_screening,CatBoost,label_shift_adjusted,label_shift,class_conditional_weighted_atcp,0.9136125654450262,0.9140546829552065,0.8983202443280977,0.9293193717277487,1.5,0.5,1.12478184991274
NHANES,model_a_screening,CatBoost,label_shift_adjusted,label_shift,risk_asymmetric_shift_atcp,0.9022687609075044,0.9025741710296684,0.8861038394415357,0.9184336823734729,1.4973821989528795,0.4973821989528796,1.1204188481675392
NHANES,model_a_screening,CatBoost,label_shift_adjusted,label_shift,dp_shift_atcp,0.8586387434554974,0.8586271087841769,0.8403141361256544,0.8778795811518324,1.4171029668411868,0.41710296684118675,1.0139616055846423
NHANES,model_a_screening,CatBoost,label_shift_adjusted,label_shift,safety_gated_atcp,0.9118673647469459,0.9114048865619547,0.8952879581151832,0.9258289703315882,1.2713787085514834,0.27137870855148344,0.8787085514834206
NHANES,model_a_screening,CatBoost,label_shift_adjusted,label_shift,safety_gated_shift_atcp,0.9118673647469459,0.9114048865619547,0.8952879581151832,0.9258289703315882,1.2713787085514834,0.27137870855148344,0.8787085514834206
NHANES,model_a_screening,CatBoost,label_shift_adjusted,label_shift,multi_objective_safety_gated_atcp,0.912739965095986,0.912222222222222,0.8952879581151832,0.9275741710296684,1.2739965095986039,0.27399650959860383,0.8830715532286213
NHANES,model_a_screening,CatBoost,label_shift_adjusted,label_shift,multi_objective_dp_shift_atcp,0.8586387434554974,0.8586271087841769,0.8403141361256544,0.8778795811518324,1.4171029668411868,0.41710296684118675,1.0139616055846423
NHANES,model_a_screening,CatBoost,fixed_recalibration_source_selected,uncalibrated,source_split_conformal,0.7958115183246073,0.7949272833042468,0.7708769633507853,0.8176265270506108,0.9406631762652705,0.059336823734729496,0.8952879581151832
NHANES,model_a_screening,CatBoost,fixed_recalibration_source_selected,uncalibrated,importance_weighted_source_conformal,0.8054101221640488,0.8045724258289702,0.7804755671902268,0.8263525305410122,0.9616055846422339,0.038394415357766144,0.8821989528795812
NHANES,model_a_screening,CatBoost,fixed_recalibration_source_selected,uncalibrated,target_only_conformal,0.912739965095986,0.9120913321698663,0.8961605584642234,0.9267015706806283,1.225130890052356,0.225130890052356,0.8865619546247818
NHANES,model_a_screening,CatBoost,fixed_recalibration_source_selected,uncalibrated,adaptive_transport_conformal,0.8071553228621291,0.8063612565445025,0.7826788830715532,0.8276832460732984,0.9633507853403142,0.03664921465968586,0.8769633507853403
NHANES,model_a_screening,CatBoost,fixed_recalibration_source_selected,uncalibrated,weighted_target_dominant_atcp,0.9118673647469459,0.9111867364746947,0.8948298429319371,0.9262870855148342,1.2225130890052356,0.22251308900523561,0.8856893542757417
NHANES,model_a_screening,CatBoost,fixed_recalibration_source_selected,uncalibrated,shift_aware_source_trust_atcp,0.9118673647469459,0.9111867364746947,0.8948298429319371,0.9262870855148342,1.2225130890052356,0.22251308900523561,0.8856893542757417
NHANES,model_a_screening,CatBoost,fixed_recalibration_source_selected,uncalibrated,class_conditional_weighted_atcp,0.9136125654450262,0.9140546829552065,0.8983202443280977,0.9293193717277487,1.5,0.5,1.12478184991274
NHANES,model_a_screening,CatBoost,fixed_recalibration_source_selected,uncalibrated,risk_asymmetric_shift_atcp,0.9022687609075044,0.9025741710296684,0.8861038394415357,0.9184336823734729,1.4973821989528795,0.4973821989528796,1.1204188481675392
NHANES,model_a_screening,CatBoost,fixed_recalibration_source_selected,uncalibrated,dp_shift_atcp,0.8586387434554974,0.8586271087841769,0.8403141361256544,0.8778795811518324,1.4171029668411868,0.41710296684118675,1.0139616055846423
NHANES,model_a_screening,CatBoost,fixed_recalibration_source_selected,uncalibrated,safety_gated_atcp,0.9118673647469459,0.9111867364746947,0.8948298429319371,0.9262870855148342,1.2225130890052356,0.22251308900523561,0.8856893542757417
NHANES,model_a_screening,CatBoost,fixed_recalibration_source_selected,uncalibrated,safety_gated_shift_atcp,0.9118673647469459,0.9111867364746947,0.8948298429319371,0.9262870855148342,1.2225130890052356,0.22251308900523561,0.8856893542757417
NHANES,model_a_screening,CatBoost,fixed_recalibration_source_selected,uncalibrated,multi_objective_safety_gated_atcp,0.9118673647469459,0.9111867364746947,0.8948298429319371,0.9262870855148342,1.2225130890052356,0.22251308900523561,0.8856893542757417
NHANES,model_a_screening,CatBoost,fixed_recalibration_source_selected,uncalibrated,multi_objective_dp_shift_atcp,0.8586387434554974,0.8586271087841769,0.8403141361256544,0.8778795811518324,1.4171029668411868,0.41710296684118675,1.0139616055846423
NHANES,model_a_screening,CatBoost,adaptive_calibration_target_selected,isotonic,source_split_conformal,0.806282722513089,0.8053839441535776,0.7822643979057591,0.8272251308900523,0.9607329842931938,0.03926701570680628,0.8830715532286213
NHANES,model_a_screening,CatBoost,adaptive_calibration_target_selected,isotonic,importance_weighted_source_conformal,0.8211169284467714,0.8202559627690518,0.7953534031413612,0.8411867364746946,0.987783595113438,0.012216404886561954,0.8630017452006981
NHANES,model_a_screening,CatBoost,adaptive_calibration_target_selected,isotonic,target_only_conformal,0.9232111692844677,0.9227196044211752,0.9075043630017452,0.9380453752181501,1.2705061082024434,0.2705061082024433,0.924956369982548
NHANES,model_a_screening,CatBoost,adaptive_calibration_target_selected,isotonic,adaptive_transport_conformal,0.8211169284467714,0.8202559627690518,0.7953534031413612,0.8411867364746946,0.987783595113438,0.012216404886561954,0.8630017452006981
NHANES,model_a_screening,CatBoost,adaptive_calibration_target_selected,isotonic,weighted_target_dominant_atcp,0.9232111692844677,0.9227196044211752,0.9075043630017452,0.9380453752181501,1.2705061082024434,0.2705061082024433,0.924956369982548
NHANES,model_a_screening,CatBoost,adaptive_calibration_target_selected,isotonic,shift_aware_source_trust_atcp,0.9232111692844677,0.9227196044211752,0.9075043630017452,0.9380453752181501,1.2705061082024434,0.2705061082024433,0.924956369982548
NHANES,model_a_screening,CatBoost,adaptive_calibration_target_selected,isotonic,class_conditional_weighted_atcp,0.9205933682373473,0.9208726003490402,0.9048865619546248,0.9367582897033159,1.5907504363001745,0.5907504363001745,1.274869109947644
NHANES,model_a_screening,CatBoost,adaptive_calibration_target_selected,isotonic,risk_asymmetric_shift_atcp,0.9205933682373473,0.9208726003490402,0.9048865619546248,0.9367582897033159,1.5907504363001745,0.5907504363001745,1.274869109947644
NHANES,model_a_screening,CatBoost,adaptive_calibration_target_selected,isotonic,dp_shift_atcp,0.9205933682373473,0.9208726003490402,0.9048865619546248,0.9367582897033159,1.5907504363001745,0.5907504363001745,1.274869109947644
NHANES,model_a_screening,CatBoost,adaptive_calibration_target_selected,isotonic,safety_gated_atcp,0.9232111692844677,0.9227196044211752,0.9075043630017452,0.9380453752181501,1.2705061082024434,0.2705061082024433,0.924956369982548
NHANES,model_a_screening,CatBoost,adaptive_calibration_target_selected,isotonic,safety_gated_shift_atcp,0.9232111692844677,0.9227196044211752,0.9075043630017452,0.9380453752181501,1.2705061082024434,0.2705061082024433,0.924956369982548
NHANES,model_a_screening,CatBoost,adaptive_calibration_target_selected,isotonic,multi_objective_safety_gated_atcp,0.9232111692844677,0.9227196044211752,0.9075043630017452,0.9380453752181501,1.2705061082024434,0.2705061082024433,0.924956369982548
NHANES,model_a_screening,CatBoost,adaptive_calibration_target_selected,isotonic,multi_objective_dp_shift_atcp,0.9205933682373473,0.9208726003490402,0.9048865619546248,0.9367582897033159,1.5907504363001745,0.5907504363001745,1.274869109947644
Pima,model_a_screening,CatBoost,naive_transfer,uncalibrated,source_split_conformal,0.6458333333333334,0.6429340277777779,0.5963541666666666,0.6927083333333334,0.9869791666666666,0.013020833333333334,1.7447916666666667
Pima,model_a_screening,CatBoost,naive_transfer,uncalibrated,importance_weighted_source_conformal,0.6484375,0.6458072916666666,0.5989583333333334,0.6940755208333332,0.9973958333333334,0.0026041666666666665,1.7526041666666667
Pima,model_a_screening,CatBoost,naive_transfer,uncalibrated,target_only_conformal,0.9010416666666666,0.9000607638888888,0.8684244791666667,0.9298177083333332,1.5260416666666667,0.5260416666666666,1.546875
Pima,model_a_screening,CatBoost,naive_transfer,uncalibrated,adaptive_transport_conformal,0.6458333333333334,0.6429340277777779,0.5963541666666666,0.6927083333333334,0.9895833333333334,0.010416666666666666,1.75
Pima,model_a_screening,CatBoost,naive_transfer,uncalibrated,weighted_target_dominant_atcp,0.8984375,0.8975954861111113,0.8658203125,0.9284505208333332,1.5234375,0.5234375,1.5546875
Pima,model_a_screening,CatBoost,naive_transfer,uncalibrated,shift_aware_source_trust_atcp,0.8984375,0.8975954861111113,0.8658203125,0.9284505208333332,1.5234375,0.5234375,1.5546875
Pima,model_a_screening,CatBoost,naive_transfer,uncalibrated,class_conditional_weighted_atcp,0.8854166666666666,0.882890625,0.8554036458333333,0.9154296874999999,1.53125,0.53125,1.3125
Pima,model_a_screening,CatBoost,naive_transfer,uncalibrated,risk_asymmetric_shift_atcp,0.8828125,0.8802083333333334,0.8475911458333333,0.9114583333333334,1.53125,0.53125,1.2734375
Pima,model_a_screening,CatBoost,naive_transfer,uncalibrated,dp_shift_atcp,0.8723958333333334,0.8696527777777779,0.8359375,0.9010416666666666,1.5052083333333333,0.5052083333333334,1.2734375
Pima,model_a_screening,CatBoost,naive_transfer,uncalibrated,safety_gated_atcp,0.8984375,0.8975954861111113,0.8658203125,0.9284505208333332,1.5234375,0.5234375,1.5546875
Pima,model_a_screening,CatBoost,naive_transfer,uncalibrated,safety_gated_shift_atcp,0.8984375,0.8975954861111113,0.8658203125,0.9284505208333332,1.5234375,0.5234375,1.5546875
Pima,model_a_screening,CatBoost,naive_transfer,uncalibrated,multi_objective_safety_gated_atcp,0.9010416666666666,0.9000607638888888,0.8684244791666667,0.9298177083333332,1.5260416666666667,0.5260416666666666,1.546875
Pima,model_a_screening,CatBoost,naive_transfer,uncalibrated,multi_objective_dp_shift_atcp,0.8723958333333334,0.8696527777777779,0.8359375,0.9010416666666666,1.5052083333333333,0.5052083333333334,1.2734375
Pima,model_a_screening,CatBoost,label_shift_adjusted,label_shift,source_split_conformal,0.7369791666666666,0.7339496527777777,0.6835286458333333,0.78125,1.1640625,0.1640625,1.4557291666666667
Pima,model_a_screening,CatBoost,label_shift_adjusted,label_shift,importance_weighted_source_conformal,0.7447916666666666,0.74171875,0.6965494791666667,0.7878255208333332,1.1953125,0.1953125,1.5
Pima,model_a_screening,CatBoost,label_shift_adjusted,label_shift,target_only_conformal,0.8958333333333334,0.8944444444444444,0.8632161458333333,0.9244791666666666,1.515625,0.515625,1.53125
Pima,model_a_screening,CatBoost,label_shift_adjusted,label_shift,adaptive_transport_conformal,0.7369791666666666,0.7339496527777777,0.6835286458333333,0.78125,1.1666666666666667,0.16666666666666666,1.4609375
Pima,model_a_screening,CatBoost,label_shift_adjusted,label_shift,weighted_target_dominant_atcp,0.8932291666666666,0.8919791666666667,0.8606119791666667,0.9244791666666666,1.5130208333333333,0.5130208333333334,1.5390625
Pima,model_a_screening,CatBoost,label_shift_adjusted,label_shift,shift_aware_source_trust_atcp,0.8932291666666666,0.8919791666666667,0.8606119791666667,0.9244791666666666,1.5130208333333333,0.5130208333333334,1.5390625
Pima,model_a_screening,CatBoost,label_shift_adjusted,label_shift,class_conditional_weighted_atcp,0.8854166666666666,0.882890625,0.8554036458333333,0.9154296874999999,1.53125,0.53125,1.3125
Pima,model_a_screening,CatBoost,label_shift_adjusted,label_shift,risk_asymmetric_shift_atcp,0.8828125,0.8802083333333334,0.8475911458333333,0.9114583333333334,1.53125,0.53125,1.2734375
Pima,model_a_screening,CatBoost,label_shift_adjusted,label_shift,dp_shift_atcp,0.8723958333333334,0.8696527777777779,0.8359375,0.9010416666666666,1.5052083333333333,0.5052083333333334,1.2734375
Pima,model_a_screening,CatBoost,label_shift_adjusted,label_shift,safety_gated_atcp,0.8932291666666666,0.8919791666666667,0.8606119791666667,0.9244791666666666,1.5130208333333333,0.5130208333333334,1.5390625
Pima,model_a_screening,CatBoost,label_shift_adjusted,label_shift,safety_gated_shift_atcp,0.8932291666666666,0.8919791666666667,0.8606119791666667,0.9244791666666666,1.5130208333333333,0.5130208333333334,1.5390625
Pima,model_a_screening,CatBoost,label_shift_adjusted,label_shift,multi_objective_safety_gated_atcp,0.8958333333333334,0.8944444444444444,0.8632161458333333,0.9244791666666666,1.515625,0.515625,1.53125
Pima,model_a_screening,CatBoost,label_shift_adjusted,label_shift,multi_objective_dp_shift_atcp,0.8723958333333334,0.8696527777777779,0.8359375,0.9010416666666666,1.5052083333333333,0.5052083333333334,1.2734375
Pima,model_a_screening,CatBoost,fixed_recalibration_source_selected,uncalibrated,source_split_conformal,0.6458333333333334,0.6429340277777779,0.5963541666666666,0.6927083333333334,0.9869791666666666,0.013020833333333334,1.7447916666666667
Pima,model_a_screening,CatBoost,fixed_recalibration_source_selected,uncalibrated,importance_weighted_source_conformal,0.6484375,0.6458072916666666,0.5989583333333334,0.6940755208333332,0.9973958333333334,0.0026041666666666665,1.7526041666666667
Pima,model_a_screening,CatBoost,fixed_recalibration_source_selected,uncalibrated,target_only_conformal,0.9010416666666666,0.9000607638888888,0.8684244791666667,0.9298177083333332,1.5260416666666667,0.5260416666666666,1.546875
Pima,model_a_screening,CatBoost,fixed_recalibration_source_selected,uncalibrated,adaptive_transport_conformal,0.6458333333333334,0.6429340277777779,0.5963541666666666,0.6927083333333334,0.9895833333333334,0.010416666666666666,1.75
Pima,model_a_screening,CatBoost,fixed_recalibration_source_selected,uncalibrated,weighted_target_dominant_atcp,0.8984375,0.8975954861111113,0.8658203125,0.9284505208333332,1.5234375,0.5234375,1.5546875
Pima,model_a_screening,CatBoost,fixed_recalibration_source_selected,uncalibrated,shift_aware_source_trust_atcp,0.8984375,0.8975954861111113,0.8658203125,0.9284505208333332,1.5234375,0.5234375,1.5546875
Pima,model_a_screening,CatBoost,fixed_recalibration_source_selected,uncalibrated,class_conditional_weighted_atcp,0.8854166666666666,0.882890625,0.8554036458333333,0.9154296874999999,1.53125,0.53125,1.3125
Pima,model_a_screening,CatBoost,fixed_recalibration_source_selected,uncalibrated,risk_asymmetric_shift_atcp,0.8828125,0.8802083333333334,0.8475911458333333,0.9114583333333334,1.53125,0.53125,1.2734375
Pima,model_a_screening,CatBoost,fixed_recalibration_source_selected,uncalibrated,dp_shift_atcp,0.8723958333333334,0.8696527777777779,0.8359375,0.9010416666666666,1.5052083333333333,0.5052083333333334,1.2734375
Pima,model_a_screening,CatBoost,fixed_recalibration_source_selected,uncalibrated,safety_gated_atcp,0.8984375,0.8975954861111113,0.8658203125,0.9284505208333332,1.5234375,0.5234375,1.5546875
Pima,model_a_screening,CatBoost,fixed_recalibration_source_selected,uncalibrated,safety_gated_shift_atcp,0.8984375,0.8975954861111113,0.8658203125,0.9284505208333332,1.5234375,0.5234375,1.5546875
Pima,model_a_screening,CatBoost,fixed_recalibration_source_selected,uncalibrated,multi_objective_safety_gated_atcp,0.9010416666666666,0.9000607638888888,0.8684244791666667,0.9298177083333332,1.5260416666666667,0.5260416666666666,1.546875
Pima,model_a_screening,CatBoost,fixed_recalibration_source_selected,uncalibrated,multi_objective_dp_shift_atcp,0.8723958333333334,0.8696527777777779,0.8359375,0.9010416666666666,1.5052083333333333,0.5052083333333334,1.2734375
Pima,model_a_screening,CatBoost,adaptive_calibration_target_selected,platt,source_split_conformal,0.7708333333333334,0.767265625,0.7225911458333333,0.8125,1.2578125,0.2578125,1.453125
Pima,model_a_screening,CatBoost,adaptive_calibration_target_selected,platt,importance_weighted_source_conformal,0.7838541666666666,0.7807899305555556,0.734375,0.8255208333333334,1.2838541666666667,0.2838541666666667,1.4609375
Pima,model_a_screening,CatBoost,adaptive_calibration_target_selected,platt,target_only_conformal,0.890625,0.8895833333333333,0.8567708333333334,0.9180338541666666,1.5,0.5,1.484375
Pima,model_a_screening,CatBoost,adaptive_calibration_target_selected,platt,adaptive_transport_conformal,0.7734375,0.7699565972222222,0.7239583333333334,0.8151041666666666,1.2630208333333333,0.2630208333333333,1.4609375
Pima,model_a_screening,CatBoost,adaptive_calibration_target_selected,platt,weighted_target_dominant_atcp,0.890625,0.8895833333333333,0.8567708333333334,0.9180338541666666,1.5,0.5,1.484375
Pima,model_a_screening,CatBoost,adaptive_calibration_target_selected,platt,shift_aware_source_trust_atcp,0.890625,0.8895833333333333,0.8567708333333334,0.9180338541666666,1.5,0.5,1.484375
Pima,model_a_screening,CatBoost,adaptive_calibration_target_selected,platt,class_conditional_weighted_atcp,0.8854166666666666,0.882890625,0.8554036458333333,0.9154296874999999,1.53125,0.53125,1.3125
Pima,model_a_screening,CatBoost,adaptive_calibration_target_selected,platt,risk_asymmetric_shift_atcp,0.8828125,0.8802083333333334,0.8475911458333333,0.9114583333333334,1.53125,0.53125,1.2734375
Pima,model_a_screening,CatBoost,adaptive_calibration_target_selected,platt,dp_shift_atcp,0.8723958333333334,0.8696527777777779,0.8359375,0.9010416666666666,1.5052083333333333,0.5052083333333334,1.2734375
Pima,model_a_screening,CatBoost,adaptive_calibration_target_selected,platt,safety_gated_atcp,0.890625,0.8895833333333333,0.8567708333333334,0.9180338541666666,1.5,0.5,1.484375
Pima,model_a_screening,CatBoost,adaptive_calibration_target_selected,platt,safety_gated_shift_atcp,0.890625,0.8895833333333333,0.8567708333333334,0.9180338541666666,1.5,0.5,1.484375
Pima,model_a_screening,CatBoost,adaptive_calibration_target_selected,platt,multi_objective_safety_gated_atcp,0.890625,0.8895833333333333,0.8567708333333334,0.9180338541666666,1.5,0.5,1.484375
Pima,model_a_screening,CatBoost,adaptive_calibration_target_selected,platt,multi_objective_dp_shift_atcp,0.8723958333333334,0.8696527777777779,0.8359375,0.9010416666666666,1.5052083333333333,0.5052083333333334,1.2734375
NHANES,model_b_routine_clinical,Logistic Regression,naive_transfer,uncalibrated,source_split_conformal,0.9066317626527051,0.9072542175683538,0.8883071553228621,0.924956369982548,1.0261780104712042,0.02617801047120419,0.25043630017452007
NHANES,model_b_routine_clinical,Logistic Regression,naive_transfer,uncalibrated,importance_weighted_source_conformal,0.9083769633507853,0.909043048283886,0.8913394415357766,0.9262870855148342,1.0340314136125655,0.034031413612565446,0.26090750436300175
NHANES,model_b_routine_clinical,Logistic Regression,naive_transfer,uncalibrated,target_only_conformal,0.8987783595113438,0.8994095404304827,0.881740837696335,0.9179755671902269,1.0148342059336823,0.014834205933682374,0.23909249563699825
NHANES,model_b_routine_clinical,Logistic Regression,naive_transfer,uncalibrated,adaptive_transport_conformal,0.9066317626527051,0.9072542175683538,0.8883071553228621,0.924956369982548,1.0261780104712042,0.02617801047120419,0.25043630017452007
NHANES,model_b_routine_clinical,Logistic Regression,naive_transfer,uncalibrated,weighted_target_dominant_atcp,0.8979057591623036,0.8985136707388017,0.8804101221640489,0.9171029668411868,1.013089005235602,0.013089005235602094,0.2399650959860384
NHANES,model_b_routine_clinical,Logistic Regression,naive_transfer,uncalibrated,shift_aware_source_trust_atcp,0.8979057591623036,0.8985136707388017,0.8804101221640489,0.9171029668411868,1.013089005235602,0.013089005235602094,0.2399650959860384
NHANES,model_b_routine_clinical,Logistic Regression,naive_transfer,uncalibrated,class_conditional_weighted_atcp,0.8952879581151832,0.8959365910413031,0.8778359511343804,0.9136125654450262,1.0357766143106457,0.03577661431064572,0.2705061082024433
NHANES,model_b_routine_clinical,Logistic Regression,naive_transfer,uncalibrated,risk_asymmetric_shift_atcp,0.8987783595113438,0.899368819080861,0.8830715532286213,0.9158158813263525,1.1108202443280977,0.11082024432809773,0.35776614310645727
NHANES,model_b_routine_clinical,Logistic Regression,naive_transfer,uncalibrated,dp_shift_atcp,0.8839441535776614,0.8845840605002909,0.8656195462478184,0.9022687609075044,1.0218150087260034,0.02181500872600349,0.25392670157068065
NHANES,model_b_routine_clinical,Logistic Regression,naive_transfer,uncalibrated,safety_gated_atcp,0.8979057591623036,0.8985136707388017,0.8804101221640489,0.9171029668411868,1.013089005235602,0.013089005235602094,0.2399650959860384
NHANES,model_b_routine_clinical,Logistic Regression,naive_transfer,uncalibrated,safety_gated_shift_atcp,0.8979057591623036,0.8985136707388017,0.8804101221640489,0.9171029668411868,1.013089005235602,0.013089005235602094,0.2399650959860384
NHANES,model_b_routine_clinical,Logistic Regression,naive_transfer,uncalibrated,multi_objective_safety_gated_atcp,0.8979057591623036,0.8985136707388017,0.8804101221640489,0.9171029668411868,1.013089005235602,0.013089005235602094,0.2399650959860384
NHANES,model_b_routine_clinical,Logistic Regression,naive_transfer,uncalibrated,multi_objective_dp_shift_atcp,0.8839441535776614,0.8845840605002909,0.8656195462478184,0.9022687609075044,1.0218150087260034,0.02181500872600349,0.25392670157068065
NHANES,model_b_routine_clinical,Logistic Regression,label_shift_adjusted,label_shift,source_split_conformal,0.918848167539267,0.9195229784758582,0.9044284467713787,0.9350130890052355,1.1945898778359512,0.19458987783595114,0.49825479930191974
NHANES,model_b_routine_clinical,Logistic Regression,label_shift_adjusted,label_shift,importance_weighted_source_conformal,0.9232111692844677,0.9239005235602095,0.9092495636998255,0.9393760907504363,1.2076788830715532,0.20767888307155322,0.5200698080279232
NHANES,model_b_routine_clinical,Logistic Regression,label_shift_adjusted,label_shift,target_only_conformal,0.9101221640488656,0.9107940663176265,0.8926701570680629,0.9284904013961606,1.1675392670157068,0.16753926701570682,0.45287958115183247
NHANES,model_b_routine_clinical,Logistic Regression,label_shift_adjusted,label_shift,adaptive_transport_conformal,0.9171029668411868,0.9176527050610821,0.9022687609075044,0.9341404886561954,1.1910994764397906,0.19109947643979058,0.4930191972076789
NHANES,model_b_routine_clinical,Logistic Regression,label_shift_adjusted,label_shift,weighted_target_dominant_atcp,0.9101221640488656,0.9107940663176265,0.8926701570680629,0.9284904013961606,1.1631762652705062,0.1631762652705061,0.44415357766143104
NHANES,model_b_routine_clinical,Logistic Regression,label_shift_adjusted,label_shift,shift_aware_source_trust_atcp,0.9101221640488656,0.9107940663176265,0.8926701570680629,0.9284904013961606,1.1631762652705062,0.1631762652705061,0.44415357766143104
NHANES,model_b_routine_clinical,Logistic Regression,label_shift_adjusted,label_shift,class_conditional_weighted_atcp,0.8952879581151832,0.8959365910413031,0.8778359511343804,0.9136125654450262,1.0357766143106457,0.03577661431064572,0.2705061082024433
NHANES,model_b_routine_clinical,Logistic Regression,label_shift_adjusted,label_shift,risk_asymmetric_shift_atcp,0.8987783595113438,0.899368819080861,0.8830715532286213,0.9158158813263525,1.1108202443280977,0.11082024432809773,0.35776614310645727
NHANES,model_b_routine_clinical,Logistic Regression,label_shift_adjusted,label_shift,dp_shift_atcp,0.8839441535776614,0.8845840605002909,0.8656195462478184,0.9022687609075044,1.0218150087260034,0.02181500872600349,0.25392670157068065
NHANES,model_b_routine_clinical,Logistic Regression,label_shift_adjusted,label_shift,safety_gated_atcp,0.9101221640488656,0.9107940663176265,0.8926701570680629,0.9284904013961606,1.1631762652705062,0.1631762652705061,0.44415357766143104
NHANES,model_b_routine_clinical,Logistic Regression,label_shift_adjusted,label_shift,safety_gated_shift_atcp,0.9101221640488656,0.9107940663176265,0.8926701570680629,0.9284904013961606,1.1631762652705062,0.1631762652705061,0.44415357766143104
NHANES,model_b_routine_clinical,Logistic Regression,label_shift_adjusted,label_shift,multi_objective_safety_gated_atcp,0.9101221640488656,0.9107940663176265,0.8926701570680629,0.9284904013961606,1.1631762652705062,0.1631762652705061,0.44415357766143104
NHANES,model_b_routine_clinical,Logistic Regression,label_shift_adjusted,label_shift,multi_objective_dp_shift_atcp,0.8839441535776614,0.8845840605002909,0.8656195462478184,0.9022687609075044,1.0218150087260034,0.02181500872600349,0.25392670157068065
NHANES,model_b_routine_clinical,Logistic Regression,fixed_recalibration_source_selected,beta,source_split_conformal,0.8673647469458988,0.8671465968586386,0.8477094240837696,0.887434554973822,0.9258289703315882,0.07417102966841187,0.45898778359511344
NHANES,model_b_routine_clinical,Logistic Regression,fixed_recalibration_source_selected,beta,importance_weighted_source_conformal,0.8708551483420593,0.8706631762652706,0.849912739965096,0.8905104712041885,0.9328097731239092,0.06719022687609075,0.45200698080279234
NHANES,model_b_routine_clinical,Logistic Regression,fixed_recalibration_source_selected,beta,target_only_conformal,0.9057591623036649,0.9053403141361256,0.887849040139616,0.9205933682373473,0.9842931937172775,0.015706806282722512,0.3699825479930192
NHANES,model_b_routine_clinical,Logistic Regression,fixed_recalibration_source_selected,beta,adaptive_transport_conformal,0.868237347294939,0.8680541012216406,0.8481675392670157,0.8883071553228621,0.9267015706806283,0.07329842931937172,0.456369982547993
NHANES,model_b_routine_clinical,Logistic Regression,fixed_recalibration_source_selected,beta,weighted_target_dominant_atcp,0.9057591623036649,0.9053403141361256,0.887849040139616,0.9205933682373473,0.9834205933682374,0.016579406631762654,0.3682373472949389
NHANES,model_b_routine_clinical,Logistic Regression,fixed_recalibration_source_selected,beta,shift_aware_source_trust_atcp,0.9057591623036649,0.9053403141361256,0.887849040139616,0.9205933682373473,0.9834205933682374,0.016579406631762654,0.3682373472949389
NHANES,model_b_routine_clinical,Logistic Regression,fixed_recalibration_source_selected,beta,class_conditional_weighted_atcp,0.8952879581151832,0.8959365910413031,0.8778359511343804,0.9136125654450262,1.0357766143106457,0.03577661431064572,0.2705061082024433
NHANES,model_b_routine_clinical,Logistic Regression,fixed_recalibration_source_selected,beta,risk_asymmetric_shift_atcp,0.8987783595113438,0.899368819080861,0.8830715532286213,0.9158158813263525,1.1108202443280977,0.11082024432809773,0.35776614310645727
NHANES,model_b_routine_clinical,Logistic Regression,fixed_recalibration_source_selected,beta,dp_shift_atcp,0.8839441535776614,0.8845840605002909,0.8656195462478184,0.9022687609075044,1.0218150087260034,0.02181500872600349,0.25392670157068065
NHANES,model_b_routine_clinical,Logistic Regression,fixed_recalibration_source_selected,beta,safety_gated_atcp,0.9057591623036649,0.9053403141361256,0.887849040139616,0.9205933682373473,0.9834205933682374,0.016579406631762654,0.3682373472949389
NHANES,model_b_routine_clinical,Logistic Regression,fixed_recalibration_source_selected,beta,safety_gated_shift_atcp,0.9057591623036649,0.9053403141361256,0.887849040139616,0.9205933682373473,0.9834205933682374,0.016579406631762654,0.3682373472949389
NHANES,model_b_routine_clinical,Logistic Regression,fixed_recalibration_source_selected,beta,multi_objective_safety_gated_atcp,0.9057591623036649,0.9053403141361256,0.887849040139616,0.9205933682373473,0.9834205933682374,0.016579406631762654,0.3682373472949389
NHANES,model_b_routine_clinical,Logistic Regression,fixed_recalibration_source_selected,beta,multi_objective_dp_shift_atcp,0.8839441535776614,0.8845840605002909,0.8656195462478184,0.9022687609075044,1.0218150087260034,0.02181500872600349,0.25392670157068065
NHANES,model_b_routine_clinical,Logistic Regression,adaptive_calibration_target_selected,isotonic,source_split_conformal,0.887434554973822,0.8873211169284468,0.8677792321116928,0.9053446771378708,0.9554973821989529,0.04450261780104712,0.4109947643979058
NHANES,model_b_routine_clinical,Logistic Regression,adaptive_calibration_target_selected,isotonic,importance_weighted_source_conformal,0.887434554973822,0.8873211169284468,0.8677792321116928,0.9053446771378708,0.9554973821989529,0.04450261780104712,0.4109947643979058
NHANES,model_b_routine_clinical,Logistic Regression,adaptive_calibration_target_selected,isotonic,target_only_conformal,0.9083769633507853,0.9077486910994764,0.8900523560209425,0.9232111692844677,0.9973821989528796,0.002617801047120419,0.3481675392670157
NHANES,model_b_routine_clinical,Logistic Regression,adaptive_calibration_target_selected,isotonic,adaptive_transport_conformal,0.887434554973822,0.8873211169284468,0.8677792321116928,0.9053446771378708,0.9554973821989529,0.04450261780104712,0.4109947643979058
NHANES,model_b_routine_clinical,Logistic Regression,adaptive_calibration_target_selected,isotonic,weighted_target_dominant_atcp,0.8987783595113438,0.8983536940081442,0.8804537521815009,0.9153577661431065,0.9781849912739965,0.02181500872600349,0.35776614310645727
NHANES,model_b_routine_clinical,Logistic Regression,adaptive_calibration_target_selected,isotonic,shift_aware_source_trust_atcp,0.8987783595113438,0.8983536940081442,0.8804537521815009,0.9153577661431065,0.9781849912739965,0.02181500872600349,0.35776614310645727
NHANES,model_b_routine_clinical,Logistic Regression,adaptive_calibration_target_selected,isotonic,class_conditional_weighted_atcp,0.8952879581151832,0.8959365910413031,0.8778359511343804,0.9136125654450262,1.0357766143106457,0.03577661431064572,0.2705061082024433
NHANES,model_b_routine_clinical,Logistic Regression,adaptive_calibration_target_selected,isotonic,risk_asymmetric_shift_atcp,0.9118673647469459,0.9124956369982549,0.8948298429319371,0.9289485165794066,1.1797556719022688,0.17975567190226877,0.4755671902268761
NHANES,model_b_routine_clinical,Logistic Regression,adaptive_calibration_target_selected,isotonic,dp_shift_atcp,0.8717277486910995,0.8721116928446772,0.8525305410122164,0.8922556719022687,1.0087260034904013,0.008726003490401396,0.2399650959860384
NHANES,model_b_routine_clinical,Logistic Regression,adaptive_calibration_target_selected,isotonic,safety_gated_atcp,0.8987783595113438,0.8983536940081442,0.8804537521815009,0.9153577661431065,0.9781849912739965,0.02181500872600349,0.35776614310645727
NHANES,model_b_routine_clinical,Logistic Regression,adaptive_calibration_target_selected,isotonic,safety_gated_shift_atcp,0.8987783595113438,0.8983536940081442,0.8804537521815009,0.9153577661431065,0.9781849912739965,0.02181500872600349,0.35776614310645727
NHANES,model_b_routine_clinical,Logistic Regression,adaptive_calibration_target_selected,isotonic,multi_objective_safety_gated_atcp,0.8987783595113438,0.8983536940081442,0.8804537521815009,0.9153577661431065,0.9781849912739965,0.02181500872600349,0.35776614310645727
NHANES,model_b_routine_clinical,Logistic Regression,adaptive_calibration_target_selected,isotonic,multi_objective_dp_shift_atcp,0.8717277486910995,0.8721116928446772,0.8525305410122164,0.8922556719022687,1.0087260034904013,0.008726003490401396,0.2399650959860384
Pima,model_b_routine_clinical,Logistic Regression,naive_transfer,uncalibrated,source_split_conformal,0.7447916666666666,0.7431944444444444,0.6991536458333333,0.7890625,1.0442708333333333,0.044270833333333336,1.0625
Pima,model_b_routine_clinical,Logistic Regression,naive_transfer,uncalibrated,importance_weighted_source_conformal,0.765625,0.7645138888888889,0.7239583333333334,0.8020833333333334,1.0755208333333333,0.07552083333333333,1.0520833333333333
Pima,model_b_routine_clinical,Logistic Regression,naive_transfer,uncalibrated,target_only_conformal,0.90625,0.9057465277777779,0.8723958333333334,0.9336588541666666,1.40625,0.40625,1.2395833333333333
Pima,model_b_routine_clinical,Logistic Regression,naive_transfer,uncalibrated,adaptive_transport_conformal,0.7473958333333334,0.7461805555555555,0.703125,0.7916666666666666,1.0520833333333333,0.052083333333333336,1.0755208333333333
Pima,model_b_routine_clinical,Logistic Regression,naive_transfer,uncalibrated,weighted_target_dominant_atcp,0.90625,0.9057465277777779,0.8723958333333334,0.9336588541666666,1.4010416666666667,0.4010416666666667,1.2291666666666667
Pima,model_b_routine_clinical,Logistic Regression,naive_transfer,uncalibrated,shift_aware_source_trust_atcp,0.90625,0.9057465277777779,0.8723958333333334,0.9336588541666666,1.4010416666666667,0.4010416666666667,1.2291666666666667
Pima,model_b_routine_clinical,Logistic Regression,naive_transfer,uncalibrated,class_conditional_weighted_atcp,0.8880208333333334,0.8864670138888887,0.8515625,0.9154296874999999,1.4114583333333333,0.4114583333333333,1.0286458333333333
Pima,model_b_routine_clinical,Logistic Regression,naive_transfer,uncalibrated,risk_asymmetric_shift_atcp,0.8802083333333334,0.8790625,0.8489583333333334,0.9088541666666666,1.40625,0.40625,0.984375
Pima,model_b_routine_clinical,Logistic Regression,naive_transfer,uncalibrated,dp_shift_atcp,0.8411458333333334,0.8399739583333333,0.8046875,0.8776041666666666,1.3072916666666667,0.3072916666666667,0.8671875
Pima,model_b_routine_clinical,Logistic Regression,naive_transfer,uncalibrated,safety_gated_atcp,0.90625,0.9057465277777779,0.8723958333333334,0.9336588541666666,1.4010416666666667,0.4010416666666667,1.2291666666666667
Pima,model_b_routine_clinical,Logistic Regression,naive_transfer,uncalibrated,safety_gated_shift_atcp,0.90625,0.9057465277777779,0.8723958333333334,0.9336588541666666,1.4010416666666667,0.4010416666666667,1.2291666666666667
Pima,model_b_routine_clinical,Logistic Regression,naive_transfer,uncalibrated,multi_objective_safety_gated_atcp,0.90625,0.9057465277777779,0.8723958333333334,0.9336588541666666,1.40625,0.40625,1.2395833333333333
Pima,model_b_routine_clinical,Logistic Regression,naive_transfer,uncalibrated,multi_objective_dp_shift_atcp,0.8411458333333334,0.8399739583333333,0.8046875,0.8776041666666666,1.3072916666666667,0.3072916666666667,0.8671875
Pima,model_b_routine_clinical,Logistic Regression,label_shift_adjusted,label_shift,source_split_conformal,0.9244791666666666,0.9227604166666666,0.8984375,0.9453125,1.6640625,0.6640625,1.4036458333333333
Pima,model_b_routine_clinical,Logistic Regression,label_shift_adjusted,label_shift,importance_weighted_source_conformal,0.9244791666666666,0.9227604166666666,0.8984375,0.9453125,1.6848958333333333,0.6848958333333334,1.4453125
Pima,model_b_routine_clinical,Logistic Regression,label_shift_adjusted,label_shift,target_only_conformal,0.8671875,0.866484375,0.8359375,0.8998046874999999,1.4348958333333333,0.4348958333333333,1.0338541666666667
Pima,model_b_routine_clinical,Logistic Regression,label_shift_adjusted,label_shift,adaptive_transport_conformal,0.9244791666666666,0.9227604166666666,0.8984375,0.9453125,1.6640625,0.6640625,1.4036458333333333
Pima,model_b_routine_clinical,Logistic Regression,label_shift_adjusted,label_shift,weighted_target_dominant_atcp,0.8567708333333334,0.8560503472222223,0.8229166666666666,0.890625,1.40625,0.40625,0.9869791666666666
Pima,model_b_routine_clinical,Logistic Regression,label_shift_adjusted,label_shift,shift_aware_source_trust_atcp,0.8567708333333334,0.8560503472222223,0.8229166666666666,0.890625,1.40625,0.40625,0.9869791666666666
Pima,model_b_routine_clinical,Logistic Regression,label_shift_adjusted,label_shift,class_conditional_weighted_atcp,0.8880208333333334,0.8864670138888887,0.8515625,0.9154296874999999,1.4114583333333333,0.4114583333333333,1.0286458333333333
Pima,model_b_routine_clinical,Logistic Regression,label_shift_adjusted,label_shift,risk_asymmetric_shift_atcp,0.8802083333333334,0.8790625,0.8489583333333334,0.9088541666666666,1.40625,0.40625,0.984375
Pima,model_b_routine_clinical,Logistic Regression,label_shift_adjusted,label_shift,dp_shift_atcp,0.8411458333333334,0.8399739583333333,0.8046875,0.8776041666666666,1.3072916666666667,0.3072916666666667,0.8671875
Pima,model_b_routine_clinical,Logistic Regression,label_shift_adjusted,label_shift,safety_gated_atcp,0.8567708333333334,0.8560503472222223,0.8229166666666666,0.890625,1.40625,0.40625,0.9869791666666666
Pima,model_b_routine_clinical,Logistic Regression,label_shift_adjusted,label_shift,safety_gated_shift_atcp,0.8567708333333334,0.8560503472222223,0.8229166666666666,0.890625,1.40625,0.40625,0.9869791666666666
Pima,model_b_routine_clinical,Logistic Regression,label_shift_adjusted,label_shift,multi_objective_safety_gated_atcp,0.8567708333333334,0.8560503472222223,0.8229166666666666,0.890625,1.40625,0.40625,0.9869791666666666
Pima,model_b_routine_clinical,Logistic Regression,label_shift_adjusted,label_shift,multi_objective_dp_shift_atcp,0.8411458333333334,0.8399739583333333,0.8046875,0.8776041666666666,1.3072916666666667,0.3072916666666667,0.8671875
Pima,model_b_routine_clinical,Logistic Regression,fixed_recalibration_source_selected,beta,source_split_conformal,0.8307291666666666,0.8284114583333333,0.7890625,0.8645833333333334,1.21875,0.21875,0.9817708333333334
Pima,model_b_routine_clinical,Logistic Regression,fixed_recalibration_source_selected,beta,importance_weighted_source_conformal,0.8411458333333334,0.839453125,0.7994791666666666,0.8776041666666666,1.2395833333333333,0.23958333333333334,0.9817708333333334
Pima,model_b_routine_clinical,Logistic Regression,fixed_recalibration_source_selected,beta,target_only_conformal,0.8880208333333334,0.886484375,0.8567708333333334,0.9166666666666666,1.3515625,0.3515625,1.0755208333333333
Pima,model_b_routine_clinical,Logistic Regression,fixed_recalibration_source_selected,beta,adaptive_transport_conformal,0.8307291666666666,0.8284114583333333,0.7890625,0.8645833333333334,1.21875,0.21875,0.9817708333333334
Pima,model_b_routine_clinical,Logistic Regression,fixed_recalibration_source_selected,beta,weighted_target_dominant_atcp,0.8541666666666666,0.852439236111111,0.8163411458333333,0.890625,1.28125,0.28125,1.03125
Pima,model_b_routine_clinical,Logistic Regression,fixed_recalibration_source_selected,beta,shift_aware_source_trust_atcp,0.8880208333333334,0.886484375,0.8567708333333334,0.9166666666666666,1.3489583333333333,0.3489583333333333,1.0703125
Pima,model_b_routine_clinical,Logistic Regression,fixed_recalibration_source_selected,beta,class_conditional_weighted_atcp,0.8932291666666666,0.8909114583333333,0.8567708333333334,0.9180338541666666,1.4192708333333333,0.4192708333333333,1.0703125
Pima,model_b_routine_clinical,Logistic Regression,fixed_recalibration_source_selected,beta,risk_asymmetric_shift_atcp,0.8802083333333334,0.8790625,0.8489583333333334,0.9088541666666666,1.40625,0.40625,0.984375
Pima,model_b_routine_clinical,Logistic Regression,fixed_recalibration_source_selected,beta,dp_shift_atcp,0.8411458333333334,0.8399739583333333,0.8046875,0.8776041666666666,1.3072916666666667,0.3072916666666667,0.8671875
Pima,model_b_routine_clinical,Logistic Regression,fixed_recalibration_source_selected,beta,safety_gated_atcp,0.8541666666666666,0.852439236111111,0.8163411458333333,0.890625,1.28125,0.28125,1.03125
Pima,model_b_routine_clinical,Logistic Regression,fixed_recalibration_source_selected,beta,safety_gated_shift_atcp,0.8880208333333334,0.886484375,0.8567708333333334,0.9166666666666666,1.3489583333333333,0.3489583333333333,1.0703125
Pima,model_b_routine_clinical,Logistic Regression,fixed_recalibration_source_selected,beta,multi_objective_safety_gated_atcp,0.8880208333333334,0.886484375,0.8567708333333334,0.9166666666666666,1.3515625,0.3515625,1.0755208333333333
Pima,model_b_routine_clinical,Logistic Regression,fixed_recalibration_source_selected,beta,multi_objective_dp_shift_atcp,0.8411458333333334,0.8399739583333333,0.8046875,0.8776041666666666,1.3072916666666667,0.3072916666666667,0.8671875
Pima,model_b_routine_clinical,Logistic Regression,adaptive_calibration_target_selected,platt,source_split_conformal,0.8177083333333334,0.815138888888889,0.7759114583333333,0.8529296874999999,1.1848958333333333,0.18489583333333334,0.9791666666666666
Pima,model_b_routine_clinical,Logistic Regression,adaptive_calibration_target_selected,platt,importance_weighted_source_conformal,0.828125,0.82640625,0.7876953125,0.8619791666666666,1.21875,0.21875,1.0052083333333333
Pima,model_b_routine_clinical,Logistic Regression,adaptive_calibration_target_selected,platt,target_only_conformal,0.890625,0.8892534722222221,0.859375,0.9192708333333334,1.3567708333333333,0.3567708333333333,1.0833333333333333
Pima,model_b_routine_clinical,Logistic Regression,adaptive_calibration_target_selected,platt,adaptive_transport_conformal,0.8177083333333334,0.815138888888889,0.7759114583333333,0.8529296874999999,1.1848958333333333,0.18489583333333334,0.9791666666666666
Pima,model_b_routine_clinical,Logistic Regression,adaptive_calibration_target_selected,platt,weighted_target_dominant_atcp,0.8567708333333334,0.8552604166666666,0.8177083333333334,0.8932291666666666,1.2916666666666667,0.2916666666666667,1.0598958333333333
Pima,model_b_routine_clinical,Logistic Regression,adaptive_calibration_target_selected,platt,shift_aware_source_trust_atcp,0.8880208333333334,0.8866927083333334,0.8567708333333334,0.9192708333333334,1.3541666666666667,0.3541666666666667,1.0911458333333333
Pima,model_b_routine_clinical,Logistic Regression,adaptive_calibration_target_selected,platt,class_conditional_weighted_atcp,0.8932291666666666,0.8909114583333333,0.8567708333333334,0.9180338541666666,1.4192708333333333,0.4192708333333333,1.0703125
Pima,model_b_routine_clinical,Logistic Regression,adaptive_calibration_target_selected,platt,risk_asymmetric_shift_atcp,0.8802083333333334,0.8790625,0.8489583333333334,0.9088541666666666,1.40625,0.40625,0.984375
Pima,model_b_routine_clinical,Logistic Regression,adaptive_calibration_target_selected,platt,dp_shift_atcp,0.8411458333333334,0.8399739583333333,0.8046875,0.8776041666666666,1.3072916666666667,0.3072916666666667,0.8671875
Pima,model_b_routine_clinical,Logistic Regression,adaptive_calibration_target_selected,platt,safety_gated_atcp,0.8567708333333334,0.8552604166666666,0.8177083333333334,0.8932291666666666,1.2916666666666667,0.2916666666666667,1.0598958333333333
Pima,model_b_routine_clinical,Logistic Regression,adaptive_calibration_target_selected,platt,safety_gated_shift_atcp,0.8880208333333334,0.8866927083333334,0.8567708333333334,0.9192708333333334,1.3541666666666667,0.3541666666666667,1.0911458333333333
Pima,model_b_routine_clinical,Logistic Regression,adaptive_calibration_target_selected,platt,multi_objective_safety_gated_atcp,0.8567708333333334,0.8552604166666666,0.8177083333333334,0.8932291666666666,1.2916666666666667,0.2916666666666667,1.0598958333333333
Pima,model_b_routine_clinical,Logistic Regression,adaptive_calibration_target_selected,platt,multi_objective_dp_shift_atcp,0.8411458333333334,0.8399739583333333,0.8046875,0.8776041666666666,1.3072916666666667,0.3072916666666667,0.8671875
NHANES,model_b_routine_clinical,Random Forest,naive_transfer,uncalibrated,source_split_conformal,0.8673647469458988,0.8680366492146597,0.8494546247818499,0.8883071553228621,0.993891797556719,0.006108202443280977,0.29842931937172773
NHANES,model_b_routine_clinical,Random Forest,naive_transfer,uncalibrated,importance_weighted_source_conformal,0.8699825479930192,0.8706544502617801,0.8525305410122164,0.8909249563699826,0.9991273996509599,0.0008726003490401396,0.28883071553228623
NHANES,model_b_routine_clinical,Random Forest,naive_transfer,uncalibrated,target_only_conformal,0.9075043630017452,0.9074752763234439,0.8930846422338569,0.9236692844677137,1.0610820244328099,0.06108202443280977,0.3298429319371728
NHANES,model_b_routine_clinical,Random Forest,naive_transfer,uncalibrated,adaptive_transport_conformal,0.8699825479930192,0.8706544502617801,0.8525305410122164,0.8909249563699826,0.9991273996509599,0.0008726003490401396,0.28883071553228623
NHANES,model_b_routine_clinical,Random Forest,naive_transfer,uncalibrated,weighted_target_dominant_atcp,0.9075043630017452,0.9074752763234439,0.8930846422338569,0.9236692844677137,1.0610820244328099,0.06108202443280977,0.3298429319371728
NHANES,model_b_routine_clinical,Random Forest,naive_transfer,uncalibrated,shift_aware_source_trust_atcp,0.9075043630017452,0.9074752763234439,0.8930846422338569,0.9236692844677137,1.0610820244328099,0.06108202443280977,0.3298429319371728
NHANES,model_b_routine_clinical,Random Forest,naive_transfer,uncalibrated,class_conditional_weighted_atcp,0.9101221640488656,0.9100930773705642,0.893957242582897,0.9271596858638743,1.1282722513089005,0.12827225130890052,0.41972076788830714
NHANES,model_b_routine_clinical,Random Forest,naive_transfer,uncalibrated,risk_asymmetric_shift_atcp,0.9048865619546248,0.905264688772542,0.887434554973822,0.9210514834205933,1.193717277486911,0.193717277486911,0.5209424083769634
NHANES,model_b_routine_clinical,Random Forest,naive_transfer,uncalibrated,dp_shift_atcp,0.900523560209424,0.900692262943572,0.8830279232111693,0.9180191972076789,1.1134380453752182,0.11343804537521815,0.39965095986038396
NHANES,model_b_routine_clinical,Random Forest,naive_transfer,uncalibrated,safety_gated_atcp,0.9075043630017452,0.9074752763234439,0.8930846422338569,0.9236692844677137,1.0610820244328099,0.06108202443280977,0.3298429319371728
NHANES,model_b_routine_clinical,Random Forest,naive_transfer,uncalibrated,safety_gated_shift_atcp,0.9075043630017452,0.9074752763234439,0.8930846422338569,0.9236692844677137,1.0610820244328099,0.06108202443280977,0.3298429319371728
NHANES,model_b_routine_clinical,Random Forest,naive_transfer,uncalibrated,multi_objective_safety_gated_atcp,0.9075043630017452,0.9074752763234439,0.8930846422338569,0.9236692844677137,1.0610820244328099,0.06108202443280977,0.3298429319371728
NHANES,model_b_routine_clinical,Random Forest,naive_transfer,uncalibrated,multi_objective_dp_shift_atcp,0.900523560209424,0.900692262943572,0.8830279232111693,0.9180191972076789,1.1134380453752182,0.11343804537521815,0.39965095986038396
NHANES,model_b_routine_clinical,Random Forest,label_shift_adjusted,label_shift,source_split_conformal,0.8769633507853403,0.8775538103548574,0.8595113438045375,0.8944153577661431,1.024432809773124,0.02443280977312391,0.2801047120418848
NHANES,model_b_routine_clinical,Random Forest,label_shift_adjusted,label_shift,importance_weighted_source_conformal,0.8778359511343804,0.8785340314136126,0.8603839441535777,0.8961605584642234,1.0261780104712042,0.02617801047120419,0.2792321116928447
NHANES,model_b_routine_clinical,Random Forest,label_shift_adjusted,label_shift,target_only_conformal,0.9171029668411868,0.9172338568935429,0.9026832460732984,0.9319371727748691,1.2277486910994764,0.22774869109947643,0.5663176265270506
NHANES,model_b_routine_clinical,Random Forest,label_shift_adjusted,label_shift,adaptive_transport_conformal,0.8769633507853403,0.8775538103548574,0.8595113438045375,0.8944153577661431,1.024432809773124,0.02443280977312391,0.2801047120418848
NHANES,model_b_routine_clinical,Random Forest,label_shift_adjusted,label_shift,weighted_target_dominant_atcp,0.9153577661431065,0.9154682955206515,0.9013961605584643,0.931064572425829,1.2155322862129145,0.21553228621291448,0.5471204188481675
NHANES,model_b_routine_clinical,Random Forest,label_shift_adjusted,label_shift,shift_aware_source_trust_atcp,0.9153577661431065,0.9154682955206515,0.9013961605584643,0.931064572425829,1.2155322862129145,0.21553228621291448,0.5471204188481675
NHANES,model_b_routine_clinical,Random Forest,label_shift_adjusted,label_shift,class_conditional_weighted_atcp,0.9101221640488656,0.9100930773705642,0.893957242582897,0.9271596858638743,1.1282722513089005,0.12827225130890052,0.41972076788830714
NHANES,model_b_routine_clinical,Random Forest,label_shift_adjusted,label_shift,risk_asymmetric_shift_atcp,0.9048865619546248,0.905264688772542,0.887434554973822,0.9210514834205933,1.193717277486911,0.193717277486911,0.5209424083769634
NHANES,model_b_routine_clinical,Random Forest,label_shift_adjusted,label_shift,dp_shift_atcp,0.900523560209424,0.900692262943572,0.8830279232111693,0.9180191972076789,1.1134380453752182,0.11343804537521815,0.39965095986038396
NHANES,model_b_routine_clinical,Random Forest,label_shift_adjusted,label_shift,safety_gated_atcp,0.9153577661431065,0.9154682955206515,0.9013961605584643,0.931064572425829,1.2155322862129145,0.21553228621291448,0.5471204188481675
NHANES,model_b_routine_clinical,Random Forest,label_shift_adjusted,label_shift,safety_gated_shift_atcp,0.9153577661431065,0.9154682955206515,0.9013961605584643,0.931064572425829,1.2155322862129145,0.21553228621291448,0.5471204188481675
NHANES,model_b_routine_clinical,Random Forest,label_shift_adjusted,label_shift,multi_objective_safety_gated_atcp,0.9171029668411868,0.9172338568935429,0.9026832460732984,0.9319371727748691,1.2277486910994764,0.22774869109947643,0.5663176265270506
NHANES,model_b_routine_clinical,Random Forest,label_shift_adjusted,label_shift,multi_objective_dp_shift_atcp,0.900523560209424,0.900692262943572,0.8830279232111693,0.9180191972076789,1.1134380453752182,0.11343804537521815,0.39965095986038396
NHANES,model_b_routine_clinical,Random Forest,fixed_recalibration_source_selected,isotonic,source_split_conformal,0.8342059336823735,0.8339208842350204,0.8114746945898779,0.8556064572425829,0.8891797556719022,0.11082024432809773,0.5514834205933682
NHANES,model_b_routine_clinical,Random Forest,fixed_recalibration_source_selected,isotonic,importance_weighted_source_conformal,0.9022687609075044,0.9019284467713786,0.8834860383944153,0.9171029668411868,0.9956369982547993,0.004363001745200698,0.42408376963350786
NHANES,model_b_routine_clinical,Random Forest,fixed_recalibration_source_selected,isotonic,target_only_conformal,0.9022687609075044,0.9019284467713786,0.8834860383944153,0.9171029668411868,0.9956369982547993,0.004363001745200698,0.42408376963350786
NHANES,model_b_routine_clinical,Random Forest,fixed_recalibration_source_selected,isotonic,adaptive_transport_conformal,0.9022687609075044,0.9019284467713786,0.8834860383944153,0.9171029668411868,0.9956369982547993,0.004363001745200698,0.42408376963350786
NHANES,model_b_routine_clinical,Random Forest,fixed_recalibration_source_selected,isotonic,weighted_target_dominant_atcp,0.9022687609075044,0.9019284467713786,0.8834860383944153,0.9171029668411868,0.9956369982547993,0.004363001745200698,0.42408376963350786
NHANES,model_b_routine_clinical,Random Forest,fixed_recalibration_source_selected,isotonic,shift_aware_source_trust_atcp,0.9022687609075044,0.9019284467713786,0.8834860383944153,0.9171029668411868,0.9956369982547993,0.004363001745200698,0.42408376963350786
NHANES,model_b_routine_clinical,Random Forest,fixed_recalibration_source_selected,isotonic,class_conditional_weighted_atcp,0.9685863874345549,0.9686765561372891,0.9581151832460733,0.9781849912739965,1.2425828970331587,0.2425828970331588,0.5759162303664922
NHANES,model_b_routine_clinical,Random Forest,fixed_recalibration_source_selected,isotonic,risk_asymmetric_shift_atcp,0.9118673647469459,0.9122134962187317,0.8957024432809773,0.9271596858638743,1.3525305410122164,0.3525305410122164,0.8071553228621291
NHANES,model_b_routine_clinical,Random Forest,fixed_recalibration_source_selected,isotonic,dp_shift_atcp,0.900523560209424,0.9006689936009309,0.8826134380453752,0.9171029668411868,1.1361256544502618,0.13612565445026178,0.43106457242582896
NHANES,model_b_routine_clinical,Random Forest,fixed_recalibration_source_selected,isotonic,safety_gated_atcp,0.9022687609075044,0.9019284467713786,0.8834860383944153,0.9171029668411868,0.9956369982547993,0.004363001745200698,0.42408376963350786
NHANES,model_b_routine_clinical,Random Forest,fixed_recalibration_source_selected,isotonic,safety_gated_shift_atcp,0.9022687609075044,0.9019284467713786,0.8834860383944153,0.9171029668411868,0.9956369982547993,0.004363001745200698,0.42408376963350786
NHANES,model_b_routine_clinical,Random Forest,fixed_recalibration_source_selected,isotonic,multi_objective_safety_gated_atcp,0.9022687609075044,0.9019284467713786,0.8834860383944153,0.9171029668411868,0.9956369982547993,0.004363001745200698,0.42408376963350786
NHANES,model_b_routine_clinical,Random Forest,fixed_recalibration_source_selected,isotonic,multi_objective_dp_shift_atcp,0.9022687609075044,0.9019284467713786,0.8834860383944153,0.9171029668411868,0.9956369982547993,0.004363001745200698,0.42408376963350786
NHANES,model_b_routine_clinical,Random Forest,adaptive_calibration_target_selected,isotonic,source_split_conformal,0.8342059336823735,0.8339208842350204,0.8114746945898779,0.8556064572425829,0.8891797556719022,0.11082024432809773,0.5514834205933682
NHANES,model_b_routine_clinical,Random Forest,adaptive_calibration_target_selected,isotonic,importance_weighted_source_conformal,0.9022687609075044,0.9019284467713786,0.8834860383944153,0.9171029668411868,0.9956369982547993,0.004363001745200698,0.42408376963350786
NHANES,model_b_routine_clinical,Random Forest,adaptive_calibration_target_selected,isotonic,target_only_conformal,0.9022687609075044,0.9019284467713786,0.8834860383944153,0.9171029668411868,0.9956369982547993,0.004363001745200698,0.42408376963350786
NHANES,model_b_routine_clinical,Random Forest,adaptive_calibration_target_selected,isotonic,adaptive_transport_conformal,0.9022687609075044,0.9019284467713786,0.8834860383944153,0.9171029668411868,0.9956369982547993,0.004363001745200698,0.42408376963350786
NHANES,model_b_routine_clinical,Random Forest,adaptive_calibration_target_selected,isotonic,weighted_target_dominant_atcp,0.9022687609075044,0.9019284467713786,0.8834860383944153,0.9171029668411868,0.9956369982547993,0.004363001745200698,0.42408376963350786
NHANES,model_b_routine_clinical,Random Forest,adaptive_calibration_target_selected,isotonic,shift_aware_source_trust_atcp,0.9022687609075044,0.9019284467713786,0.8834860383944153,0.9171029668411868,0.9956369982547993,0.004363001745200698,0.42408376963350786
NHANES,model_b_routine_clinical,Random Forest,adaptive_calibration_target_selected,isotonic,class_conditional_weighted_atcp,0.9685863874345549,0.9686765561372891,0.9581151832460733,0.9781849912739965,1.2425828970331587,0.2425828970331588,0.5759162303664922
NHANES,model_b_routine_clinical,Random Forest,adaptive_calibration_target_selected,isotonic,risk_asymmetric_shift_atcp,0.9118673647469459,0.9122134962187317,0.8957024432809773,0.9271596858638743,1.3525305410122164,0.3525305410122164,0.8071553228621291
NHANES,model_b_routine_clinical,Random Forest,adaptive_calibration_target_selected,isotonic,dp_shift_atcp,0.900523560209424,0.9006689936009309,0.8826134380453752,0.9171029668411868,1.1361256544502618,0.13612565445026178,0.43106457242582896
NHANES,model_b_routine_clinical,Random Forest,adaptive_calibration_target_selected,isotonic,safety_gated_atcp,0.9022687609075044,0.9019284467713786,0.8834860383944153,0.9171029668411868,0.9956369982547993,0.004363001745200698,0.42408376963350786
NHANES,model_b_routine_clinical,Random Forest,adaptive_calibration_target_selected,isotonic,safety_gated_shift_atcp,0.9022687609075044,0.9019284467713786,0.8834860383944153,0.9171029668411868,0.9956369982547993,0.004363001745200698,0.42408376963350786
NHANES,model_b_routine_clinical,Random Forest,adaptive_calibration_target_selected,isotonic,multi_objective_safety_gated_atcp,0.9022687609075044,0.9019284467713786,0.8834860383944153,0.9171029668411868,0.9956369982547993,0.004363001745200698,0.42408376963350786
NHANES,model_b_routine_clinical,Random Forest,adaptive_calibration_target_selected,isotonic,multi_objective_dp_shift_atcp,0.9022687609075044,0.9019284467713786,0.8834860383944153,0.9171029668411868,0.9956369982547993,0.004363001745200698,0.42408376963350786
Pima,model_b_routine_clinical,Random Forest,naive_transfer,uncalibrated,source_split_conformal,0.6692708333333334,0.6665104166666667,0.6197916666666666,0.7135416666666666,0.9765625,0.0234375,1.4192708333333333
Pima,model_b_routine_clinical,Random Forest,naive_transfer,uncalibrated,importance_weighted_source_conformal,0.6770833333333334,0.6746180555555555,0.6302083333333334,0.7213541666666666,0.9921875,0.0078125,1.4114583333333333
Pima,model_b_routine_clinical,Random Forest,naive_transfer,uncalibrated,target_only_conformal,0.9322916666666666,0.9324652777777779,0.9036458333333334,0.9570963541666666,1.5,0.5,1.3385416666666667
Pima,model_b_routine_clinical,Random Forest,naive_transfer,uncalibrated,adaptive_transport_conformal,0.6822916666666666,0.6796614583333334,0.6354166666666666,0.7253255208333332,1.0,0.0,1.390625
Pima,model_b_routine_clinical,Random Forest,naive_transfer,uncalibrated,weighted_target_dominant_atcp,0.9296875,0.9296180555555557,0.9022786458333333,0.9557291666666666,1.4817708333333333,0.4817708333333333,1.3046875
Pima,model_b_routine_clinical,Random Forest,naive_transfer,uncalibrated,shift_aware_source_trust_atcp,0.9296875,0.9296180555555557,0.9022786458333333,0.9557291666666666,1.4817708333333333,0.4817708333333333,1.3046875
Pima,model_b_routine_clinical,Random Forest,naive_transfer,uncalibrated,class_conditional_weighted_atcp,0.9192708333333334,0.9179947916666666,0.8932291666666666,0.9427083333333334,1.5442708333333333,0.5442708333333334,1.2630208333333333
Pima,model_b_routine_clinical,Random Forest,naive_transfer,uncalibrated,risk_asymmetric_shift_atcp,0.9088541666666666,0.9075607638888887,0.8788411458333333,0.9362630208333332,1.5234375,0.5234375,1.2213541666666667
Pima,model_b_routine_clinical,Random Forest,naive_transfer,uncalibrated,dp_shift_atcp,0.875,0.8740885416666667,0.84375,0.9076171874999999,1.4453125,0.4453125,1.109375
Pima,model_b_routine_clinical,Random Forest,naive_transfer,uncalibrated,safety_gated_atcp,0.9296875,0.9296180555555557,0.9022786458333333,0.9557291666666666,1.4817708333333333,0.4817708333333333,1.3046875
Pima,model_b_routine_clinical,Random Forest,naive_transfer,uncalibrated,safety_gated_shift_atcp,0.9296875,0.9296180555555557,0.9022786458333333,0.9557291666666666,1.4817708333333333,0.4817708333333333,1.3046875
Pima,model_b_routine_clinical,Random Forest,naive_transfer,uncalibrated,multi_objective_safety_gated_atcp,0.9322916666666666,0.9324652777777779,0.9036458333333334,0.9570963541666666,1.5,0.5,1.3385416666666667
Pima,model_b_routine_clinical,Random Forest,naive_transfer,uncalibrated,multi_objective_dp_shift_atcp,0.875,0.8740885416666667,0.84375,0.9076171874999999,1.4453125,0.4453125,1.109375
Pima,model_b_routine_clinical,Random Forest,label_shift_adjusted,label_shift,source_split_conformal,0.9453125,0.9438975694444444,0.9192708333333334,0.9649088541666666,1.7447916666666667,0.7447916666666666,1.5442708333333333
Pima,model_b_routine_clinical,Random Forest,label_shift_adjusted,label_shift,importance_weighted_source_conformal,0.9453125,0.9438975694444444,0.9192708333333334,0.9649088541666666,1.7473958333333333,0.7473958333333334,1.5494791666666667
Pima,model_b_routine_clinical,Random Forest,label_shift_adjusted,label_shift,target_only_conformal,0.90625,0.9054427083333333,0.8776041666666666,0.9322916666666666,1.5885416666666667,0.5885416666666666,1.28125
Pima,model_b_routine_clinical,Random Forest,label_shift_adjusted,label_shift,adaptive_transport_conformal,0.9453125,0.9438975694444444,0.9192708333333334,0.9649088541666666,1.7447916666666667,0.7447916666666666,1.5442708333333333
Pima,model_b_routine_clinical,Random Forest,label_shift_adjusted,label_shift,weighted_target_dominant_atcp,0.8984375,0.8975694444444445,0.8710286458333333,0.9270833333333334,1.5651041666666667,0.5651041666666666,1.2526041666666667
Pima,model_b_routine_clinical,Random Forest,label_shift_adjusted,label_shift,shift_aware_source_trust_atcp,0.8984375,0.8975694444444445,0.8710286458333333,0.9270833333333334,1.5651041666666667,0.5651041666666666,1.2526041666666667
Pima,model_b_routine_clinical,Random Forest,label_shift_adjusted,label_shift,class_conditional_weighted_atcp,0.9192708333333334,0.9179947916666666,0.8932291666666666,0.9427083333333334,1.5442708333333333,0.5442708333333334,1.2630208333333333
Pima,model_b_routine_clinical,Random Forest,label_shift_adjusted,label_shift,risk_asymmetric_shift_atcp,0.9088541666666666,0.9075607638888887,0.8788411458333333,0.9362630208333332,1.5234375,0.5234375,1.2213541666666667
Pima,model_b_routine_clinical,Random Forest,label_shift_adjusted,label_shift,dp_shift_atcp,0.875,0.8740885416666667,0.84375,0.9076171874999999,1.4453125,0.4453125,1.109375
Pima,model_b_routine_clinical,Random Forest,label_shift_adjusted,label_shift,safety_gated_atcp,0.8984375,0.8975694444444445,0.8710286458333333,0.9270833333333334,1.5651041666666667,0.5651041666666666,1.2526041666666667
Pima,model_b_routine_clinical,Random Forest,label_shift_adjusted,label_shift,safety_gated_shift_atcp,0.8984375,0.8975694444444445,0.8710286458333333,0.9270833333333334,1.5651041666666667,0.5651041666666666,1.2526041666666667
Pima,model_b_routine_clinical,Random Forest,label_shift_adjusted,label_shift,multi_objective_safety_gated_atcp,0.8984375,0.8975694444444445,0.8710286458333333,0.9270833333333334,1.5651041666666667,0.5651041666666666,1.2526041666666667
Pima,model_b_routine_clinical,Random Forest,label_shift_adjusted,label_shift,multi_objective_dp_shift_atcp,0.875,0.8740885416666667,0.84375,0.9076171874999999,1.4453125,0.4453125,1.109375
Pima,model_b_routine_clinical,Random Forest,fixed_recalibration_source_selected,isotonic,source_split_conformal,0.78125,0.7800520833333334,0.7395833333333334,0.8229166666666666,1.1666666666666667,0.16666666666666666,1.2395833333333333
Pima,model_b_routine_clinical,Random Forest,fixed_recalibration_source_selected,isotonic,importance_weighted_source_conformal,0.78125,0.7800520833333334,0.7395833333333334,0.8229166666666666,1.1666666666666667,0.16666666666666666,1.2395833333333333
Pima,model_b_routine_clinical,Random Forest,fixed_recalibration_source_selected,isotonic,target_only_conformal,0.9166666666666666,0.91578125,0.8878906249999999,0.9453125,1.4453125,0.4453125,1.1510416666666667
Pima,model_b_routine_clinical,Random Forest,fixed_recalibration_source_selected,isotonic,adaptive_transport_conformal,0.78125,0.7800520833333334,0.7395833333333334,0.8229166666666666,1.1666666666666667,0.16666666666666666,1.2395833333333333
Pima,model_b_routine_clinical,Random Forest,fixed_recalibration_source_selected,isotonic,weighted_target_dominant_atcp,0.9166666666666666,0.91578125,0.8878906249999999,0.9453125,1.4453125,0.4453125,1.1510416666666667
Pima,model_b_routine_clinical,Random Forest,fixed_recalibration_source_selected,isotonic,shift_aware_source_trust_atcp,0.9166666666666666,0.91578125,0.8878906249999999,0.9453125,1.4453125,0.4453125,1.1510416666666667
Pima,model_b_routine_clinical,Random Forest,fixed_recalibration_source_selected,isotonic,class_conditional_weighted_atcp,0.9322916666666666,0.93140625,0.9088541666666666,0.9557291666666666,1.6041666666666667,0.6041666666666666,1.359375
Pima,model_b_routine_clinical,Random Forest,fixed_recalibration_source_selected,isotonic,risk_asymmetric_shift_atcp,0.9322916666666666,0.93140625,0.9088541666666666,0.9557291666666666,1.6041666666666667,0.6041666666666666,1.359375
Pima,model_b_routine_clinical,Random Forest,fixed_recalibration_source_selected,isotonic,dp_shift_atcp,0.8828125,0.8819704861111113,0.8541666666666666,0.9140625,1.4713541666666667,0.4713541666666667,1.1432291666666667
Pima,model_b_routine_clinical,Random Forest,fixed_recalibration_source_selected,isotonic,safety_gated_atcp,0.9166666666666666,0.91578125,0.8878906249999999,0.9453125,1.4453125,0.4453125,1.1510416666666667
Pima,model_b_routine_clinical,Random Forest,fixed_recalibration_source_selected,isotonic,safety_gated_shift_atcp,0.9166666666666666,0.91578125,0.8878906249999999,0.9453125,1.4453125,0.4453125,1.1510416666666667
Pima,model_b_routine_clinical,Random Forest,fixed_recalibration_source_selected,isotonic,multi_objective_safety_gated_atcp,0.9166666666666666,0.91578125,0.8878906249999999,0.9453125,1.4453125,0.4453125,1.1510416666666667
Pima,model_b_routine_clinical,Random Forest,fixed_recalibration_source_selected,isotonic,multi_objective_dp_shift_atcp,0.8828125,0.8819704861111113,0.8541666666666666,0.9140625,1.4713541666666667,0.4713541666666667,1.1432291666666667
Pima,model_b_routine_clinical,Random Forest,adaptive_calibration_target_selected,platt,source_split_conformal,0.8359375,0.835017361111111,0.7955078125,0.8723958333333334,1.234375,0.234375,1.0703125
Pima,model_b_routine_clinical,Random Forest,adaptive_calibration_target_selected,platt,importance_weighted_source_conformal,0.8385416666666666,0.8375434027777777,0.796875,0.875,1.2473958333333333,0.24739583333333334,1.0833333333333333
Pima,model_b_routine_clinical,Random Forest,adaptive_calibration_target_selected,platt,target_only_conformal,0.9244791666666666,0.924921875,0.8984375,0.9505208333333334,1.4765625,0.4765625,1.2265625
Pima,model_b_routine_clinical,Random Forest,adaptive_calibration_target_selected,platt,adaptive_transport_conformal,0.8385416666666666,0.8375434027777777,0.796875,0.875,1.2473958333333333,0.24739583333333334,1.0833333333333333
Pima,model_b_routine_clinical,Random Forest,adaptive_calibration_target_selected,platt,weighted_target_dominant_atcp,0.921875,0.9221267361111113,0.8958333333333334,0.9492838541666666,1.4713541666666667,0.4713541666666667,1.21875
Pima,model_b_routine_clinical,Random Forest,adaptive_calibration_target_selected,platt,shift_aware_source_trust_atcp,0.921875,0.9221267361111113,0.8958333333333334,0.9492838541666666,1.4713541666666667,0.4713541666666667,1.21875
Pima,model_b_routine_clinical,Random Forest,adaptive_calibration_target_selected,platt,class_conditional_weighted_atcp,0.9192708333333334,0.9179947916666666,0.8932291666666666,0.9427083333333334,1.5442708333333333,0.5442708333333334,1.2630208333333333
Pima,model_b_routine_clinical,Random Forest,adaptive_calibration_target_selected,platt,risk_asymmetric_shift_atcp,0.9088541666666666,0.9075607638888887,0.8788411458333333,0.9362630208333332,1.5234375,0.5234375,1.2213541666666667
Pima,model_b_routine_clinical,Random Forest,adaptive_calibration_target_selected,platt,dp_shift_atcp,0.875,0.8740885416666667,0.84375,0.9076171874999999,1.4453125,0.4453125,1.109375
Pima,model_b_routine_clinical,Random Forest,adaptive_calibration_target_selected,platt,safety_gated_atcp,0.921875,0.9221267361111113,0.8958333333333334,0.9492838541666666,1.4713541666666667,0.4713541666666667,1.21875
Pima,model_b_routine_clinical,Random Forest,adaptive_calibration_target_selected,platt,safety_gated_shift_atcp,0.921875,0.9221267361111113,0.8958333333333334,0.9492838541666666,1.4713541666666667,0.4713541666666667,1.21875
Pima,model_b_routine_clinical,Random Forest,adaptive_calibration_target_selected,platt,multi_objective_safety_gated_atcp,0.921875,0.9221267361111113,0.8958333333333334,0.9492838541666666,1.4713541666666667,0.4713541666666667,1.21875
Pima,model_b_routine_clinical,Random Forest,adaptive_calibration_target_selected,platt,multi_objective_dp_shift_atcp,0.875,0.8740885416666667,0.84375,0.9076171874999999,1.4453125,0.4453125,1.109375
NHANES,model_b_routine_clinical,XGBoost,naive_transfer,uncalibrated,source_split_conformal,0.8743455497382199,0.874456079115765,0.8538176265270505,0.894000872600349,0.9397905759162304,0.060209424083769635,0.45898778359511344
NHANES,model_b_routine_clinical,XGBoost,naive_transfer,uncalibrated,importance_weighted_source_conformal,0.8743455497382199,0.874456079115765,0.8538176265270505,0.894000872600349,0.9415357766143106,0.05846422338568935,0.462478184991274
NHANES,model_b_routine_clinical,XGBoost,naive_transfer,uncalibrated,target_only_conformal,0.887434554973822,0.8873240255962768,0.8664921465968587,0.9048865619546248,0.9659685863874345,0.034031413612565446,0.44589877835951136
NHANES,model_b_routine_clinical,XGBoost,naive_transfer,uncalibrated,adaptive_transport_conformal,0.8743455497382199,0.874456079115765,0.8538176265270505,0.894000872600349,0.9397905759162304,0.060209424083769635,0.45898778359511344
NHANES,model_b_routine_clinical,XGBoost,naive_transfer,uncalibrated,weighted_target_dominant_atcp,0.8839441535776614,0.8837579988365329,0.8630017452006981,0.9018542757417103,0.956369982547993,0.04363001745200698,0.44415357766143104
NHANES,model_b_routine_clinical,XGBoost,naive_transfer,uncalibrated,shift_aware_source_trust_atcp,0.8839441535776614,0.8837579988365329,0.8630017452006981,0.9018542757417103,0.956369982547993,0.04363001745200698,0.44415357766143104
NHANES,model_b_routine_clinical,XGBoost,naive_transfer,uncalibrated,class_conditional_weighted_atcp,0.9022687609075044,0.9024287376381618,0.8848167539267016,0.9197207678883071,1.1099476439790577,0.1099476439790576,0.38045375218150085
NHANES,model_b_routine_clinical,XGBoost,naive_transfer,uncalibrated,risk_asymmetric_shift_atcp,0.8926701570680629,0.893152995927865,0.8738874345549738,0.9101221640488656,1.12565445026178,0.1256544502617801,0.4040139616055846
NHANES,model_b_routine_clinical,XGBoost,naive_transfer,uncalibrated,dp_shift_atcp,0.8970331588132635,0.897283304246655,0.8773778359511343,0.9144851657940664,1.1038394415357766,0.10383944153577661,0.37347294938917974
NHANES,model_b_routine_clinical,XGBoost,naive_transfer,uncalibrated,safety_gated_atcp,0.887434554973822,0.8873240255962768,0.8664921465968587,0.9048865619546248,0.9659685863874345,0.034031413612565446,0.44589877835951136
NHANES,model_b_routine_clinical,XGBoost,naive_transfer,uncalibrated,safety_gated_shift_atcp,0.887434554973822,0.8873240255962768,0.8664921465968587,0.9048865619546248,0.9659685863874345,0.034031413612565446,0.44589877835951136
NHANES,model_b_routine_clinical,XGBoost,naive_transfer,uncalibrated,multi_objective_safety_gated_atcp,0.887434554973822,0.8873240255962768,0.8664921465968587,0.9048865619546248,0.9659685863874345,0.034031413612565446,0.44589877835951136
NHANES,model_b_routine_clinical,XGBoost,naive_transfer,uncalibrated,multi_objective_dp_shift_atcp,0.8970331588132635,0.897283304246655,0.8773778359511343,0.9144851657940664,1.1038394415357766,0.10383944153577661,0.37347294938917974
NHANES,model_b_routine_clinical,XGBoost,label_shift_adjusted,label_shift,source_split_conformal,0.8900523560209425,0.8898138452588714,0.8699825479930192,0.9079624781849912,0.9589877835951134,0.04101221640488656,0.4048865619546248
NHANES,model_b_routine_clinical,XGBoost,label_shift_adjusted,label_shift,importance_weighted_source_conformal,0.8900523560209425,0.8898138452588714,0.8699825479930192,0.9079624781849912,0.9607329842931938,0.03926701570680628,0.4083769633507853
NHANES,model_b_routine_clinical,XGBoost,label_shift_adjusted,label_shift,target_only_conformal,0.887434554973822,0.8873967422920302,0.868237347294939,0.9053446771378708,0.9546247818499127,0.04537521815008726,0.40924956369982546
NHANES,model_b_routine_clinical,XGBoost,label_shift_adjusted,label_shift,adaptive_transport_conformal,0.8900523560209425,0.8898138452588714,0.8699825479930192,0.9079624781849912,0.9589877835951134,0.04101221640488656,0.4048865619546248
NHANES,model_b_routine_clinical,XGBoost,label_shift_adjusted,label_shift,weighted_target_dominant_atcp,0.887434554973822,0.8873967422920302,0.868237347294939,0.9053446771378708,0.956369982547993,0.04363001745200698,0.41273996509598604
NHANES,model_b_routine_clinical,XGBoost,label_shift_adjusted,label_shift,shift_aware_source_trust_atcp,0.8865619546247818,0.8864979639325189,0.8669066317626527,0.9040139616055847,0.9537521815008726,0.0462478184991274,0.4118673647469459
NHANES,model_b_routine_clinical,XGBoost,label_shift_adjusted,label_shift,class_conditional_weighted_atcp,0.9406631762652705,0.9409976730657358,0.9271160558464223,0.9546247818499127,1.1413612565445026,0.14136125654450263,0.41535776614310643
NHANES,model_b_routine_clinical,XGBoost,label_shift_adjusted,label_shift,risk_asymmetric_shift_atcp,0.8926701570680629,0.893152995927865,0.8738874345549738,0.9101221640488656,1.12565445026178,0.1256544502617801,0.4040139616055846
NHANES,model_b_routine_clinical,XGBoost,label_shift_adjusted,label_shift,dp_shift_atcp,0.8970331588132635,0.897283304246655,0.8773778359511343,0.9144851657940664,1.1038394415357766,0.10383944153577661,0.37347294938917974
NHANES,model_b_routine_clinical,XGBoost,label_shift_adjusted,label_shift,safety_gated_atcp,0.887434554973822,0.8873967422920302,0.868237347294939,0.9053446771378708,0.956369982547993,0.04363001745200698,0.41273996509598604
NHANES,model_b_routine_clinical,XGBoost,label_shift_adjusted,label_shift,safety_gated_shift_atcp,0.887434554973822,0.8873967422920302,0.868237347294939,0.9053446771378708,0.9546247818499127,0.04537521815008726,0.40924956369982546
NHANES,model_b_routine_clinical,XGBoost,label_shift_adjusted,label_shift,multi_objective_safety_gated_atcp,0.887434554973822,0.8873967422920302,0.868237347294939,0.9053446771378708,0.956369982547993,0.04363001745200698,0.41273996509598604
NHANES,model_b_routine_clinical,XGBoost,label_shift_adjusted,label_shift,multi_objective_dp_shift_atcp,0.8970331588132635,0.897283304246655,0.8773778359511343,0.9144851657940664,1.1038394415357766,0.10383944153577661,0.37347294938917974
NHANES,model_b_routine_clinical,XGBoost,fixed_recalibration_source_selected,uncalibrated,source_split_conformal,0.8743455497382199,0.874456079115765,0.8538176265270505,0.894000872600349,0.9397905759162304,0.060209424083769635,0.45898778359511344
NHANES,model_b_routine_clinical,XGBoost,fixed_recalibration_source_selected,uncalibrated,importance_weighted_source_conformal,0.8743455497382199,0.874456079115765,0.8538176265270505,0.894000872600349,0.9415357766143106,0.05846422338568935,0.462478184991274
NHANES,model_b_routine_clinical,XGBoost,fixed_recalibration_source_selected,uncalibrated,target_only_conformal,0.887434554973822,0.8873240255962768,0.8664921465968587,0.9048865619546248,0.9659685863874345,0.034031413612565446,0.44589877835951136
NHANES,model_b_routine_clinical,XGBoost,fixed_recalibration_source_selected,uncalibrated,adaptive_transport_conformal,0.8743455497382199,0.874456079115765,0.8538176265270505,0.894000872600349,0.9397905759162304,0.060209424083769635,0.45898778359511344
NHANES,model_b_routine_clinical,XGBoost,fixed_recalibration_source_selected,uncalibrated,weighted_target_dominant_atcp,0.8839441535776614,0.8837579988365329,0.8630017452006981,0.9018542757417103,0.956369982547993,0.04363001745200698,0.44415357766143104
NHANES,model_b_routine_clinical,XGBoost,fixed_recalibration_source_selected,uncalibrated,shift_aware_source_trust_atcp,0.8839441535776614,0.8837579988365329,0.8630017452006981,0.9018542757417103,0.956369982547993,0.04363001745200698,0.44415357766143104
NHANES,model_b_routine_clinical,XGBoost,fixed_recalibration_source_selected,uncalibrated,class_conditional_weighted_atcp,0.9022687609075044,0.9024287376381618,0.8848167539267016,0.9197207678883071,1.1099476439790577,0.1099476439790576,0.38045375218150085
NHANES,model_b_routine_clinical,XGBoost,fixed_recalibration_source_selected,uncalibrated,risk_asymmetric_shift_atcp,0.8926701570680629,0.893152995927865,0.8738874345549738,0.9101221640488656,1.12565445026178,0.1256544502617801,0.4040139616055846
NHANES,model_b_routine_clinical,XGBoost,fixed_recalibration_source_selected,uncalibrated,dp_shift_atcp,0.8970331588132635,0.897283304246655,0.8773778359511343,0.9144851657940664,1.1038394415357766,0.10383944153577661,0.37347294938917974
NHANES,model_b_routine_clinical,XGBoost,fixed_recalibration_source_selected,uncalibrated,safety_gated_atcp,0.887434554973822,0.8873240255962768,0.8664921465968587,0.9048865619546248,0.9659685863874345,0.034031413612565446,0.44589877835951136
NHANES,model_b_routine_clinical,XGBoost,fixed_recalibration_source_selected,uncalibrated,safety_gated_shift_atcp,0.887434554973822,0.8873240255962768,0.8664921465968587,0.9048865619546248,0.9659685863874345,0.034031413612565446,0.44589877835951136
NHANES,model_b_routine_clinical,XGBoost,fixed_recalibration_source_selected,uncalibrated,multi_objective_safety_gated_atcp,0.887434554973822,0.8873240255962768,0.8664921465968587,0.9048865619546248,0.9659685863874345,0.034031413612565446,0.44589877835951136
NHANES,model_b_routine_clinical,XGBoost,fixed_recalibration_source_selected,uncalibrated,multi_objective_dp_shift_atcp,0.8970331588132635,0.897283304246655,0.8773778359511343,0.9144851657940664,1.1038394415357766,0.10383944153577661,0.37347294938917974
NHANES,model_b_routine_clinical,XGBoost,adaptive_calibration_target_selected,beta,source_split_conformal,0.9144851657940664,0.9146655031995348,0.8991928446771378,0.9301919720767888,1.006108202443281,0.006108202443280977,0.2931937172774869
NHANES,model_b_routine_clinical,XGBoost,adaptive_calibration_target_selected,beta,importance_weighted_source_conformal,0.9153577661431065,0.9155061082024433,0.8996509598603839,0.931522687609075,1.006980802792321,0.006980802792321117,0.2940663176265271
NHANES,model_b_routine_clinical,XGBoost,adaptive_calibration_target_selected,beta,target_only_conformal,0.887434554973822,0.8870360674810935,0.8677792321116928,0.9057591623036649,0.956369982547993,0.04363001745200698,0.38830715532286214
NHANES,model_b_routine_clinical,XGBoost,adaptive_calibration_target_selected,beta,adaptive_transport_conformal,0.9136125654450262,0.9136154741128564,0.8987783595113438,0.9293193717277487,1.0052356020942408,0.005235602094240838,0.29232111692844676
NHANES,model_b_routine_clinical,XGBoost,adaptive_calibration_target_selected,beta,weighted_target_dominant_atcp,0.9083769633507853,0.9082053519488075,0.8922120418848167,0.924956369982548,0.9930191972076788,0.006980802792321117,0.3010471204188482
NHANES,model_b_routine_clinical,XGBoost,adaptive_calibration_target_selected,beta,shift_aware_source_trust_atcp,0.887434554973822,0.8870360674810935,0.8677792321116928,0.9057591623036649,0.956369982547993,0.04363001745200698,0.38830715532286214
NHANES,model_b_routine_clinical,XGBoost,adaptive_calibration_target_selected,beta,class_conditional_weighted_atcp,0.9406631762652705,0.9409976730657358,0.9271160558464223,0.9546247818499127,1.1413612565445026,0.14136125654450263,0.41535776614310643
NHANES,model_b_routine_clinical,XGBoost,adaptive_calibration_target_selected,beta,risk_asymmetric_shift_atcp,0.8926701570680629,0.893152995927865,0.8738874345549738,0.9101221640488656,1.12565445026178,0.1256544502617801,0.4040139616055846
NHANES,model_b_routine_clinical,XGBoost,adaptive_calibration_target_selected,beta,dp_shift_atcp,0.8970331588132635,0.897283304246655,0.8773778359511343,0.9144851657940664,1.1038394415357766,0.10383944153577661,0.37347294938917974
NHANES,model_b_routine_clinical,XGBoost,adaptive_calibration_target_selected,beta,safety_gated_atcp,0.9083769633507853,0.9082053519488075,0.8922120418848167,0.924956369982548,0.9930191972076788,0.006980802792321117,0.3010471204188482
NHANES,model_b_routine_clinical,XGBoost,adaptive_calibration_target_selected,beta,safety_gated_shift_atcp,0.887434554973822,0.8870360674810935,0.8677792321116928,0.9057591623036649,0.956369982547993,0.04363001745200698,0.38830715532286214
NHANES,model_b_routine_clinical,XGBoost,adaptive_calibration_target_selected,beta,multi_objective_safety_gated_atcp,0.9083769633507853,0.9082053519488075,0.8922120418848167,0.924956369982548,0.9930191972076788,0.006980802792321117,0.3010471204188482
NHANES,model_b_routine_clinical,XGBoost,adaptive_calibration_target_selected,beta,multi_objective_dp_shift_atcp,0.8970331588132635,0.897283304246655,0.8773778359511343,0.9144851657940664,1.1038394415357766,0.10383944153577661,0.37347294938917974
Pima,model_b_routine_clinical,XGBoost,naive_transfer,uncalibrated,source_split_conformal,0.5989583333333334,0.5951822916666667,0.5402994791666667,0.6445963541666666,0.859375,0.140625,1.7239583333333333
Pima,model_b_routine_clinical,XGBoost,naive_transfer,uncalibrated,importance_weighted_source_conformal,0.6041666666666666,0.600234375,0.5481119791666667,0.6510416666666666,0.8776041666666666,0.12239583333333333,1.734375
Pima,model_b_routine_clinical,XGBoost,naive_transfer,uncalibrated,target_only_conformal,0.90625,0.9065625,0.8802083333333334,0.9348958333333334,1.4739583333333333,0.4739583333333333,1.4166666666666667
Pima,model_b_routine_clinical,XGBoost,naive_transfer,uncalibrated,adaptive_transport_conformal,0.6041666666666666,0.600234375,0.5481119791666667,0.6510416666666666,0.8776041666666666,0.12239583333333333,1.734375
Pima,model_b_routine_clinical,XGBoost,naive_transfer,uncalibrated,weighted_target_dominant_atcp,0.90625,0.9065625,0.8802083333333334,0.9348958333333334,1.4739583333333333,0.4739583333333333,1.4166666666666667
Pima,model_b_routine_clinical,XGBoost,naive_transfer,uncalibrated,shift_aware_source_trust_atcp,0.90625,0.9065625,0.8802083333333334,0.9348958333333334,1.4739583333333333,0.4739583333333333,1.4166666666666667
Pima,model_b_routine_clinical,XGBoost,naive_transfer,uncalibrated,class_conditional_weighted_atcp,0.890625,0.8891319444444445,0.859375,0.9192708333333334,1.4869791666666667,0.4869791666666667,1.1875
Pima,model_b_routine_clinical,XGBoost,naive_transfer,uncalibrated,risk_asymmetric_shift_atcp,0.8854166666666666,0.884019097222222,0.8515625,0.9128255208333332,1.46875,0.46875,1.1354166666666667
Pima,model_b_routine_clinical,XGBoost,naive_transfer,uncalibrated,dp_shift_atcp,0.859375,0.8584114583333333,0.8255208333333334,0.890625,1.3984375,0.3984375,1.0416666666666667
Pima,model_b_routine_clinical,XGBoost,naive_transfer,uncalibrated,safety_gated_atcp,0.90625,0.9065625,0.8802083333333334,0.9348958333333334,1.4739583333333333,0.4739583333333333,1.4166666666666667
Pima,model_b_routine_clinical,XGBoost,naive_transfer,uncalibrated,safety_gated_shift_atcp,0.90625,0.9065625,0.8802083333333334,0.9348958333333334,1.4739583333333333,0.4739583333333333,1.4166666666666667
Pima,model_b_routine_clinical,XGBoost,naive_transfer,uncalibrated,multi_objective_safety_gated_atcp,0.90625,0.9065625,0.8802083333333334,0.9348958333333334,1.4739583333333333,0.4739583333333333,1.4166666666666667
Pima,model_b_routine_clinical,XGBoost,naive_transfer,uncalibrated,multi_objective_dp_shift_atcp,0.859375,0.8584114583333333,0.8255208333333334,0.890625,1.3984375,0.3984375,1.0416666666666667
Pima,model_b_routine_clinical,XGBoost,label_shift_adjusted,label_shift,source_split_conformal,0.625,0.6216319444444444,0.5689453125,0.671875,0.90625,0.09375,1.59375
Pima,model_b_routine_clinical,XGBoost,label_shift_adjusted,label_shift,importance_weighted_source_conformal,0.6276041666666666,0.6243315972222222,0.5715494791666667,0.671875,0.9088541666666666,0.09114583333333333,1.5859375
Pima,model_b_routine_clinical,XGBoost,label_shift_adjusted,label_shift,target_only_conformal,0.90625,0.9065625,0.8802083333333334,0.9348958333333334,1.4739583333333333,0.4739583333333333,1.4166666666666667
Pima,model_b_routine_clinical,XGBoost,label_shift_adjusted,label_shift,adaptive_transport_conformal,0.6276041666666666,0.6243315972222222,0.5715494791666667,0.671875,0.9088541666666666,0.09114583333333333,1.5859375
Pima,model_b_routine_clinical,XGBoost,label_shift_adjusted,label_shift,weighted_target_dominant_atcp,0.90625,0.9065625,0.8802083333333334,0.9348958333333334,1.4739583333333333,0.4739583333333333,1.4166666666666667
Pima,model_b_routine_clinical,XGBoost,label_shift_adjusted,label_shift,shift_aware_source_trust_atcp,0.90625,0.9065625,0.8802083333333334,0.9348958333333334,1.4739583333333333,0.4739583333333333,1.4166666666666667
Pima,model_b_routine_clinical,XGBoost,label_shift_adjusted,label_shift,class_conditional_weighted_atcp,0.890625,0.8891319444444445,0.859375,0.9192708333333334,1.4869791666666667,0.4869791666666667,1.1875
Pima,model_b_routine_clinical,XGBoost,label_shift_adjusted,label_shift,risk_asymmetric_shift_atcp,0.8854166666666666,0.884019097222222,0.8515625,0.9128255208333332,1.46875,0.46875,1.1354166666666667
Pima,model_b_routine_clinical,XGBoost,label_shift_adjusted,label_shift,dp_shift_atcp,0.859375,0.8584114583333333,0.8255208333333334,0.890625,1.3984375,0.3984375,1.0416666666666667
Pima,model_b_routine_clinical,XGBoost,label_shift_adjusted,label_shift,safety_gated_atcp,0.90625,0.9065625,0.8802083333333334,0.9348958333333334,1.4739583333333333,0.4739583333333333,1.4166666666666667
Pima,model_b_routine_clinical,XGBoost,label_shift_adjusted,label_shift,safety_gated_shift_atcp,0.90625,0.9065625,0.8802083333333334,0.9348958333333334,1.4739583333333333,0.4739583333333333,1.4166666666666667
Pima,model_b_routine_clinical,XGBoost,label_shift_adjusted,label_shift,multi_objective_safety_gated_atcp,0.90625,0.9065625,0.8802083333333334,0.9348958333333334,1.4739583333333333,0.4739583333333333,1.4166666666666667
Pima,model_b_routine_clinical,XGBoost,label_shift_adjusted,label_shift,multi_objective_dp_shift_atcp,0.859375,0.8584114583333333,0.8255208333333334,0.890625,1.3984375,0.3984375,1.0416666666666667
Pima,model_b_routine_clinical,XGBoost,fixed_recalibration_source_selected,uncalibrated,source_split_conformal,0.5989583333333334,0.5951822916666667,0.5402994791666667,0.6445963541666666,0.859375,0.140625,1.7239583333333333
Pima,model_b_routine_clinical,XGBoost,fixed_recalibration_source_selected,uncalibrated,importance_weighted_source_conformal,0.6041666666666666,0.600234375,0.5481119791666667,0.6510416666666666,0.8776041666666666,0.12239583333333333,1.734375
Pima,model_b_routine_clinical,XGBoost,fixed_recalibration_source_selected,uncalibrated,target_only_conformal,0.90625,0.9065625,0.8802083333333334,0.9348958333333334,1.4739583333333333,0.4739583333333333,1.4166666666666667
Pima,model_b_routine_clinical,XGBoost,fixed_recalibration_source_selected,uncalibrated,adaptive_transport_conformal,0.6041666666666666,0.600234375,0.5481119791666667,0.6510416666666666,0.8776041666666666,0.12239583333333333,1.734375
Pima,model_b_routine_clinical,XGBoost,fixed_recalibration_source_selected,uncalibrated,weighted_target_dominant_atcp,0.90625,0.9065625,0.8802083333333334,0.9348958333333334,1.4739583333333333,0.4739583333333333,1.4166666666666667
Pima,model_b_routine_clinical,XGBoost,fixed_recalibration_source_selected,uncalibrated,shift_aware_source_trust_atcp,0.90625,0.9065625,0.8802083333333334,0.9348958333333334,1.4739583333333333,0.4739583333333333,1.4166666666666667
Pima,model_b_routine_clinical,XGBoost,fixed_recalibration_source_selected,uncalibrated,class_conditional_weighted_atcp,0.890625,0.8891319444444445,0.859375,0.9192708333333334,1.4869791666666667,0.4869791666666667,1.1875
Pima,model_b_routine_clinical,XGBoost,fixed_recalibration_source_selected,uncalibrated,risk_asymmetric_shift_atcp,0.8854166666666666,0.884019097222222,0.8515625,0.9128255208333332,1.46875,0.46875,1.1354166666666667
Pima,model_b_routine_clinical,XGBoost,fixed_recalibration_source_selected,uncalibrated,dp_shift_atcp,0.859375,0.8584114583333333,0.8255208333333334,0.890625,1.3984375,0.3984375,1.0416666666666667
Pima,model_b_routine_clinical,XGBoost,fixed_recalibration_source_selected,uncalibrated,safety_gated_atcp,0.90625,0.9065625,0.8802083333333334,0.9348958333333334,1.4739583333333333,0.4739583333333333,1.4166666666666667
Pima,model_b_routine_clinical,XGBoost,fixed_recalibration_source_selected,uncalibrated,safety_gated_shift_atcp,0.90625,0.9065625,0.8802083333333334,0.9348958333333334,1.4739583333333333,0.4739583333333333,1.4166666666666667
Pima,model_b_routine_clinical,XGBoost,fixed_recalibration_source_selected,uncalibrated,multi_objective_safety_gated_atcp,0.90625,0.9065625,0.8802083333333334,0.9348958333333334,1.4739583333333333,0.4739583333333333,1.4166666666666667
Pima,model_b_routine_clinical,XGBoost,fixed_recalibration_source_selected,uncalibrated,multi_objective_dp_shift_atcp,0.859375,0.8584114583333333,0.8255208333333334,0.890625,1.3984375,0.3984375,1.0416666666666667
Pima,model_b_routine_clinical,XGBoost,adaptive_calibration_target_selected,isotonic,source_split_conformal,0.859375,0.8581857638888888,0.8229166666666666,0.8932291666666666,1.3489583333333333,0.3489583333333333,1.203125
Pima,model_b_routine_clinical,XGBoost,adaptive_calibration_target_selected,isotonic,importance_weighted_source_conformal,0.859375,0.8581857638888888,0.8229166666666666,0.8932291666666666,1.3489583333333333,0.3489583333333333,1.203125
Pima,model_b_routine_clinical,XGBoost,adaptive_calibration_target_selected,isotonic,target_only_conformal,0.9010416666666666,0.9006770833333333,0.8697916666666666,0.9284505208333332,1.4921875,0.4921875,1.3958333333333333
Pima,model_b_routine_clinical,XGBoost,adaptive_calibration_target_selected,isotonic,adaptive_transport_conformal,0.859375,0.8581857638888888,0.8229166666666666,0.8932291666666666,1.3489583333333333,0.3489583333333333,1.203125
Pima,model_b_routine_clinical,XGBoost,adaptive_calibration_target_selected,isotonic,weighted_target_dominant_atcp,0.9010416666666666,0.9006770833333333,0.8697916666666666,0.9284505208333332,1.4921875,0.4921875,1.3958333333333333
Pima,model_b_routine_clinical,XGBoost,adaptive_calibration_target_selected,isotonic,shift_aware_source_trust_atcp,0.9010416666666666,0.9006770833333333,0.8697916666666666,0.9284505208333332,1.4921875,0.4921875,1.3958333333333333
Pima,model_b_routine_clinical,XGBoost,adaptive_calibration_target_selected,isotonic,class_conditional_weighted_atcp,0.9166666666666666,0.9159375,0.8866536458333333,0.9427083333333334,1.5625,0.5625,1.2291666666666667
Pima,model_b_routine_clinical,XGBoost,adaptive_calibration_target_selected,isotonic,risk_asymmetric_shift_atcp,0.90625,0.9054340277777777,0.8736328125,0.9322916666666666,1.5390625,0.5390625,1.1927083333333333
Pima,model_b_routine_clinical,XGBoost,adaptive_calibration_target_selected,isotonic,dp_shift_atcp,0.90625,0.9054340277777777,0.8736328125,0.9322916666666666,1.5390625,0.5390625,1.1927083333333333
Pima,model_b_routine_clinical,XGBoost,adaptive_calibration_target_selected,isotonic,safety_gated_atcp,0.9010416666666666,0.9006770833333333,0.8697916666666666,0.9284505208333332,1.4921875,0.4921875,1.3958333333333333
Pima,model_b_routine_clinical,XGBoost,adaptive_calibration_target_selected,isotonic,safety_gated_shift_atcp,0.9010416666666666,0.9006770833333333,0.8697916666666666,0.9284505208333332,1.4921875,0.4921875,1.3958333333333333
Pima,model_b_routine_clinical,XGBoost,adaptive_calibration_target_selected,isotonic,multi_objective_safety_gated_atcp,0.9010416666666666,0.9006770833333333,0.8697916666666666,0.9284505208333332,1.4921875,0.4921875,1.3958333333333333
Pima,model_b_routine_clinical,XGBoost,adaptive_calibration_target_selected,isotonic,multi_objective_dp_shift_atcp,0.90625,0.9054340277777777,0.8736328125,0.9322916666666666,1.5390625,0.5390625,1.1927083333333333
NHANES,model_b_routine_clinical,LightGBM,naive_transfer,uncalibrated,source_split_conformal,0.8708551483420593,0.8711431064572427,0.8534031413612565,0.8913830715532286,0.9921465968586387,0.007853403141361256,0.28097731239092494
NHANES,model_b_routine_clinical,LightGBM,naive_transfer,uncalibrated,importance_weighted_source_conformal,0.8708551483420593,0.8711431064572427,0.8534031413612565,0.8913830715532286,0.9921465968586387,0.007853403141361256,0.28097731239092494
NHANES,model_b_routine_clinical,LightGBM,naive_transfer,uncalibrated,target_only_conformal,0.9075043630017452,0.9074810936591041,0.8922120418848167,0.9245418848167539,1.0541012216404886,0.05410122164048865,0.3193717277486911
NHANES,model_b_routine_clinical,LightGBM,naive_transfer,uncalibrated,adaptive_transport_conformal,0.8708551483420593,0.8711431064572427,0.8534031413612565,0.8913830715532286,0.9921465968586387,0.007853403141361256,0.28097731239092494
NHANES,model_b_routine_clinical,LightGBM,naive_transfer,uncalibrated,weighted_target_dominant_atcp,0.9075043630017452,0.9074810936591041,0.8922120418848167,0.9245418848167539,1.0541012216404886,0.05410122164048865,0.3193717277486911
NHANES,model_b_routine_clinical,LightGBM,naive_transfer,uncalibrated,shift_aware_source_trust_atcp,0.9075043630017452,0.9074810936591041,0.8922120418848167,0.9245418848167539,1.0541012216404886,0.05410122164048865,0.3193717277486911
NHANES,model_b_routine_clinical,LightGBM,naive_transfer,uncalibrated,class_conditional_weighted_atcp,0.9066317626527051,0.9064834205933683,0.8909249563699826,0.9227966841186735,1.149214659685864,0.14921465968586387,0.4790575916230366
NHANES,model_b_routine_clinical,LightGBM,naive_transfer,uncalibrated,risk_asymmetric_shift_atcp,0.893542757417103,0.8938888888888887,0.8769633507853403,0.9114528795811517,1.1736474694589878,0.1736474694589878,0.5305410122164049
NHANES,model_b_routine_clinical,LightGBM,naive_transfer,uncalibrated,dp_shift_atcp,0.9066317626527051,0.9064834205933683,0.8909249563699826,0.9227966841186735,1.149214659685864,0.14921465968586387,0.4790575916230366
NHANES,model_b_routine_clinical,LightGBM,naive_transfer,uncalibrated,safety_gated_atcp,0.9075043630017452,0.9074810936591041,0.8922120418848167,0.9245418848167539,1.0541012216404886,0.05410122164048865,0.3193717277486911
NHANES,model_b_routine_clinical,LightGBM,naive_transfer,uncalibrated,safety_gated_shift_atcp,0.9075043630017452,0.9074810936591041,0.8922120418848167,0.9245418848167539,1.0541012216404886,0.05410122164048865,0.3193717277486911
NHANES,model_b_routine_clinical,LightGBM,naive_transfer,uncalibrated,multi_objective_safety_gated_atcp,0.9075043630017452,0.9074810936591041,0.8922120418848167,0.9245418848167539,1.0541012216404886,0.05410122164048865,0.3193717277486911
NHANES,model_b_routine_clinical,LightGBM,naive_transfer,uncalibrated,multi_objective_dp_shift_atcp,0.9066317626527051,0.9064834205933683,0.8909249563699826,0.9227966841186735,1.149214659685864,0.14921465968586387,0.4790575916230366
NHANES,model_b_routine_clinical,LightGBM,label_shift_adjusted,label_shift,source_split_conformal,0.8787085514834206,0.8791623036649215,0.8630017452006981,0.8979057591623036,1.0148342059336823,0.014834205933682374,0.2696335078534031
NHANES,model_b_routine_clinical,LightGBM,label_shift_adjusted,label_shift,importance_weighted_source_conformal,0.8795811518324608,0.8799476439790574,0.8634162303664921,0.8992364746945898,1.0157068062827226,0.015706806282722512,0.2705061082024433
NHANES,model_b_routine_clinical,LightGBM,label_shift_adjusted,label_shift,target_only_conformal,0.9092495636998255,0.9092321116928448,0.893542757417103,0.9258289703315882,1.0698080279232112,0.06980802792321117,0.33856893542757416
NHANES,model_b_routine_clinical,LightGBM,label_shift_adjusted,label_shift,adaptive_transport_conformal,0.8795811518324608,0.8799476439790574,0.8634162303664921,0.8992364746945898,1.0157068062827226,0.015706806282722512,0.2705061082024433
NHANES,model_b_routine_clinical,LightGBM,label_shift_adjusted,label_shift,weighted_target_dominant_atcp,0.9075043630017452,0.9074490983129726,0.8917539267015707,0.9240837696335078,1.0654450261780104,0.06544502617801047,0.33158813263525305
NHANES,model_b_routine_clinical,LightGBM,label_shift_adjusted,label_shift,shift_aware_source_trust_atcp,0.9075043630017452,0.9074490983129726,0.8917539267015707,0.9240837696335078,1.0654450261780104,0.06544502617801047,0.33158813263525305
NHANES,model_b_routine_clinical,LightGBM,label_shift_adjusted,label_shift,class_conditional_weighted_atcp,0.9066317626527051,0.9064834205933683,0.8909249563699826,0.9227966841186735,1.149214659685864,0.14921465968586387,0.4790575916230366
NHANES,model_b_routine_clinical,LightGBM,label_shift_adjusted,label_shift,risk_asymmetric_shift_atcp,0.893542757417103,0.8938888888888887,0.8769633507853403,0.9114528795811517,1.1736474694589878,0.1736474694589878,0.5305410122164049
NHANES,model_b_routine_clinical,LightGBM,label_shift_adjusted,label_shift,dp_shift_atcp,0.9066317626527051,0.9064834205933683,0.8909249563699826,0.9227966841186735,1.149214659685864,0.14921465968586387,0.4790575916230366
NHANES,model_b_routine_clinical,LightGBM,label_shift_adjusted,label_shift,safety_gated_atcp,0.9075043630017452,0.9074490983129726,0.8917539267015707,0.9240837696335078,1.0654450261780104,0.06544502617801047,0.33158813263525305
NHANES,model_b_routine_clinical,LightGBM,label_shift_adjusted,label_shift,safety_gated_shift_atcp,0.9075043630017452,0.9074490983129726,0.8917539267015707,0.9240837696335078,1.0654450261780104,0.06544502617801047,0.33158813263525305
NHANES,model_b_routine_clinical,LightGBM,label_shift_adjusted,label_shift,multi_objective_safety_gated_atcp,0.9075043630017452,0.9074490983129726,0.8917539267015707,0.9240837696335078,1.0654450261780104,0.06544502617801047,0.33158813263525305
NHANES,model_b_routine_clinical,LightGBM,label_shift_adjusted,label_shift,multi_objective_dp_shift_atcp,0.9066317626527051,0.9064834205933683,0.8909249563699826,0.9227966841186735,1.149214659685864,0.14921465968586387,0.4790575916230366
NHANES,model_b_routine_clinical,LightGBM,fixed_recalibration_source_selected,beta,source_split_conformal,0.8368237347294939,0.8367335660267597,0.8154232111692844,0.8582242582897033,0.8909249563699826,0.10907504363001745,0.5349040139616056
NHANES,model_b_routine_clinical,LightGBM,fixed_recalibration_source_selected,beta,importance_weighted_source_conformal,0.8368237347294939,0.8367335660267597,0.8154232111692844,0.8582242582897033,0.8909249563699826,0.10907504363001745,0.5349040139616056
NHANES,model_b_routine_clinical,LightGBM,fixed_recalibration_source_selected,beta,target_only_conformal,0.9031413612565445,0.9027196044211752,0.8834860383944153,0.9197207678883071,0.9912739965095986,0.008726003490401396,0.4040139616055846
NHANES,model_b_routine_clinical,LightGBM,fixed_recalibration_source_selected,beta,adaptive_transport_conformal,0.8368237347294939,0.8367335660267597,0.8154232111692844,0.8582242582897033,0.8909249563699826,0.10907504363001745,0.5349040139616056
NHANES,model_b_routine_clinical,LightGBM,fixed_recalibration_source_selected,beta,weighted_target_dominant_atcp,0.9022687609075044,0.901823734729494,0.8834860383944153,0.9179755671902269,0.9895287958115183,0.010471204188481676,0.4048865619546248
NHANES,model_b_routine_clinical,LightGBM,fixed_recalibration_source_selected,beta,shift_aware_source_trust_atcp,0.9022687609075044,0.901823734729494,0.8834860383944153,0.9179755671902269,0.9895287958115183,0.010471204188481676,0.4048865619546248
NHANES,model_b_routine_clinical,LightGBM,fixed_recalibration_source_selected,beta,class_conditional_weighted_atcp,0.9066317626527051,0.9064834205933683,0.8909249563699826,0.9227966841186735,1.149214659685864,0.14921465968586387,0.4790575916230366
NHANES,model_b_routine_clinical,LightGBM,fixed_recalibration_source_selected,beta,risk_asymmetric_shift_atcp,0.893542757417103,0.8938888888888887,0.8769633507853403,0.9114528795811517,1.1736474694589878,0.1736474694589878,0.5305410122164049
NHANES,model_b_routine_clinical,LightGBM,fixed_recalibration_source_selected,beta,dp_shift_atcp,0.8944153577661431,0.8946131471785922,0.8773778359511343,0.912739965095986,1.1352530541012216,0.13525305410122165,0.46335078534031415
NHANES,model_b_routine_clinical,LightGBM,fixed_recalibration_source_selected,beta,safety_gated_atcp,0.9022687609075044,0.901823734729494,0.8834860383944153,0.9179755671902269,0.9895287958115183,0.010471204188481676,0.4048865619546248
NHANES,model_b_routine_clinical,LightGBM,fixed_recalibration_source_selected,beta,safety_gated_shift_atcp,0.9022687609075044,0.901823734729494,0.8834860383944153,0.9179755671902269,0.9895287958115183,0.010471204188481676,0.4048865619546248
NHANES,model_b_routine_clinical,LightGBM,fixed_recalibration_source_selected,beta,multi_objective_safety_gated_atcp,0.9022687609075044,0.901823734729494,0.8834860383944153,0.9179755671902269,0.9895287958115183,0.010471204188481676,0.4048865619546248
NHANES,model_b_routine_clinical,LightGBM,fixed_recalibration_source_selected,beta,multi_objective_dp_shift_atcp,0.9031413612565445,0.9027196044211752,0.8834860383944153,0.9197207678883071,0.9912739965095986,0.008726003490401396,0.4040139616055846
NHANES,model_b_routine_clinical,LightGBM,adaptive_calibration_target_selected,platt,source_split_conformal,0.8368237347294939,0.8367335660267597,0.8154232111692844,0.8582242582897033,0.8909249563699826,0.10907504363001745,0.5349040139616056
NHANES,model_b_routine_clinical,LightGBM,adaptive_calibration_target_selected,platt,importance_weighted_source_conformal,0.8368237347294939,0.8367335660267597,0.8154232111692844,0.8582242582897033,0.8909249563699826,0.10907504363001745,0.5349040139616056
NHANES,model_b_routine_clinical,LightGBM,adaptive_calibration_target_selected,platt,target_only_conformal,0.9031413612565445,0.9027196044211752,0.8834860383944153,0.9197207678883071,0.9912739965095986,0.008726003490401396,0.4040139616055846
NHANES,model_b_routine_clinical,LightGBM,adaptive_calibration_target_selected,platt,adaptive_transport_conformal,0.8368237347294939,0.8367335660267597,0.8154232111692844,0.8582242582897033,0.8909249563699826,0.10907504363001745,0.5349040139616056
NHANES,model_b_routine_clinical,LightGBM,adaptive_calibration_target_selected,platt,weighted_target_dominant_atcp,0.9022687609075044,0.901823734729494,0.8834860383944153,0.9179755671902269,0.9895287958115183,0.010471204188481676,0.4048865619546248
NHANES,model_b_routine_clinical,LightGBM,adaptive_calibration_target_selected,platt,shift_aware_source_trust_atcp,0.9022687609075044,0.901823734729494,0.8834860383944153,0.9179755671902269,0.9895287958115183,0.010471204188481676,0.4048865619546248
NHANES,model_b_routine_clinical,LightGBM,adaptive_calibration_target_selected,platt,class_conditional_weighted_atcp,0.9066317626527051,0.9064834205933683,0.8909249563699826,0.9227966841186735,1.149214659685864,0.14921465968586387,0.4790575916230366
NHANES,model_b_routine_clinical,LightGBM,adaptive_calibration_target_selected,platt,risk_asymmetric_shift_atcp,0.893542757417103,0.8938888888888887,0.8769633507853403,0.9114528795811517,1.1736474694589878,0.1736474694589878,0.5305410122164049
NHANES,model_b_routine_clinical,LightGBM,adaptive_calibration_target_selected,platt,dp_shift_atcp,0.9066317626527051,0.9064834205933683,0.8909249563699826,0.9227966841186735,1.149214659685864,0.14921465968586387,0.4790575916230366
NHANES,model_b_routine_clinical,LightGBM,adaptive_calibration_target_selected,platt,safety_gated_atcp,0.9022687609075044,0.901823734729494,0.8834860383944153,0.9179755671902269,0.9895287958115183,0.010471204188481676,0.4048865619546248
NHANES,model_b_routine_clinical,LightGBM,adaptive_calibration_target_selected,platt,safety_gated_shift_atcp,0.9022687609075044,0.901823734729494,0.8834860383944153,0.9179755671902269,0.9895287958115183,0.010471204188481676,0.4048865619546248
NHANES,model_b_routine_clinical,LightGBM,adaptive_calibration_target_selected,platt,multi_objective_safety_gated_atcp,0.9022687609075044,0.901823734729494,0.8834860383944153,0.9179755671902269,0.9895287958115183,0.010471204188481676,0.4048865619546248
NHANES,model_b_routine_clinical,LightGBM,adaptive_calibration_target_selected,platt,multi_objective_dp_shift_atcp,0.9066317626527051,0.9064834205933683,0.8909249563699826,0.9227966841186735,1.149214659685864,0.14921465968586387,0.4790575916230366
Pima,model_b_routine_clinical,LightGBM,naive_transfer,uncalibrated,source_split_conformal,0.6901041666666666,0.6876649305555557,0.6380208333333334,0.7331380208333332,0.9635416666666666,0.036458333333333336,1.2786458333333333
Pima,model_b_routine_clinical,LightGBM,naive_transfer,uncalibrated,importance_weighted_source_conformal,0.6927083333333334,0.6900520833333333,0.6418619791666667,0.734375,0.9739583333333334,0.026041666666666668,1.2760416666666667
Pima,model_b_routine_clinical,LightGBM,naive_transfer,uncalibrated,target_only_conformal,0.9401041666666666,0.9407204861111108,0.9152994791666667,0.9609375,1.546875,0.546875,1.3932291666666667
Pima,model_b_routine_clinical,LightGBM,naive_transfer,uncalibrated,adaptive_transport_conformal,0.6927083333333334,0.6900520833333333,0.6418619791666667,0.734375,0.9765625,0.0234375,1.28125
Pima,model_b_routine_clinical,LightGBM,naive_transfer,uncalibrated,weighted_target_dominant_atcp,0.9375,0.9383072916666667,0.9126953125,0.9609375,1.5338541666666667,0.5338541666666666,1.3802083333333333
Pima,model_b_routine_clinical,LightGBM,naive_transfer,uncalibrated,shift_aware_source_trust_atcp,0.9375,0.9383072916666667,0.9126953125,0.9609375,1.5338541666666667,0.5338541666666666,1.3802083333333333
Pima,model_b_routine_clinical,LightGBM,naive_transfer,uncalibrated,class_conditional_weighted_atcp,0.90625,0.905373263888889,0.875,0.9348958333333334,1.6380208333333333,0.6380208333333334,1.4947916666666667
Pima,model_b_routine_clinical,LightGBM,naive_transfer,uncalibrated,risk_asymmetric_shift_atcp,0.90625,0.905451388888889,0.8723958333333334,0.9322916666666666,1.6744791666666667,0.6744791666666666,1.5364583333333333
Pima,model_b_routine_clinical,LightGBM,naive_transfer,uncalibrated,dp_shift_atcp,0.8880208333333334,0.887109375,0.8567708333333334,0.9166666666666666,1.5963541666666667,0.5963541666666666,1.4296875
Pima,model_b_routine_clinical,LightGBM,naive_transfer,uncalibrated,safety_gated_atcp,0.9375,0.9383072916666667,0.9126953125,0.9609375,1.5338541666666667,0.5338541666666666,1.3802083333333333
Pima,model_b_routine_clinical,LightGBM,naive_transfer,uncalibrated,safety_gated_shift_atcp,0.9375,0.9383072916666667,0.9126953125,0.9609375,1.5338541666666667,0.5338541666666666,1.3802083333333333
Pima,model_b_routine_clinical,LightGBM,naive_transfer,uncalibrated,multi_objective_safety_gated_atcp,0.9375,0.9383072916666667,0.9126953125,0.9609375,1.5338541666666667,0.5338541666666666,1.3802083333333333
Pima,model_b_routine_clinical,LightGBM,naive_transfer,uncalibrated,multi_objective_dp_shift_atcp,0.8880208333333334,0.887109375,0.8567708333333334,0.9166666666666666,1.5963541666666667,0.5963541666666666,1.4296875
Pima,model_b_routine_clinical,LightGBM,label_shift_adjusted,label_shift,source_split_conformal,0.875,0.874921875,0.84375,0.9036458333333334,1.3619791666666667,0.3619791666666667,1.0677083333333333
Pima,model_b_routine_clinical,LightGBM,label_shift_adjusted,label_shift,importance_weighted_source_conformal,0.8828125,0.882595486111111,0.8489583333333334,0.9114583333333334,1.375,0.375,1.0755208333333333
Pima,model_b_routine_clinical,LightGBM,label_shift_adjusted,label_shift,target_only_conformal,0.9270833333333334,0.9279166666666666,0.9036458333333334,0.9518880208333332,1.5130208333333333,0.5130208333333334,1.296875
Pima,model_b_routine_clinical,LightGBM,label_shift_adjusted,label_shift,adaptive_transport_conformal,0.8776041666666666,0.877595486111111,0.8463541666666666,0.90625,1.3671875,0.3671875,1.0651041666666667
Pima,model_b_routine_clinical,LightGBM,label_shift_adjusted,label_shift,weighted_target_dominant_atcp,0.8984375,0.8985590277777777,0.8697916666666666,0.9296875,1.4192708333333333,0.4192708333333333,1.1484375
Pima,model_b_routine_clinical,LightGBM,label_shift_adjusted,label_shift,shift_aware_source_trust_atcp,0.9270833333333334,0.9279166666666666,0.9036458333333334,0.9518880208333332,1.5026041666666667,0.5026041666666666,1.2760416666666667
Pima,model_b_routine_clinical,LightGBM,label_shift_adjusted,label_shift,class_conditional_weighted_atcp,0.9036458333333334,0.9028125,0.8736328125,0.9310546874999999,1.5338541666666667,0.5338541666666666,1.2994791666666667
Pima,model_b_routine_clinical,LightGBM,label_shift_adjusted,label_shift,risk_asymmetric_shift_atcp,0.90625,0.905451388888889,0.8723958333333334,0.9322916666666666,1.6744791666666667,0.6744791666666666,1.5364583333333333
Pima,model_b_routine_clinical,LightGBM,label_shift_adjusted,label_shift,dp_shift_atcp,0.8880208333333334,0.887109375,0.8567708333333334,0.9166666666666666,1.5963541666666667,0.5963541666666666,1.4296875
Pima,model_b_routine_clinical,LightGBM,label_shift_adjusted,label_shift,safety_gated_atcp,0.8984375,0.8985590277777777,0.8697916666666666,0.9296875,1.4192708333333333,0.4192708333333333,1.1484375
Pima,model_b_routine_clinical,LightGBM,label_shift_adjusted,label_shift,safety_gated_shift_atcp,0.9270833333333334,0.9279166666666666,0.9036458333333334,0.9518880208333332,1.5026041666666667,0.5026041666666666,1.2760416666666667
Pima,model_b_routine_clinical,LightGBM,label_shift_adjusted,label_shift,multi_objective_safety_gated_atcp,0.8984375,0.8985590277777777,0.8697916666666666,0.9296875,1.4192708333333333,0.4192708333333333,1.1484375
Pima,model_b_routine_clinical,LightGBM,label_shift_adjusted,label_shift,multi_objective_dp_shift_atcp,0.8880208333333334,0.887109375,0.8567708333333334,0.9166666666666666,1.5963541666666667,0.5963541666666666,1.4296875
Pima,model_b_routine_clinical,LightGBM,fixed_recalibration_source_selected,beta,source_split_conformal,0.7682291666666666,0.7661458333333333,0.7239583333333334,0.8086588541666666,1.0963541666666667,0.09635416666666667,1.0911458333333333
Pima,model_b_routine_clinical,LightGBM,fixed_recalibration_source_selected,beta,importance_weighted_source_conformal,0.7838541666666666,0.7822135416666667,0.7395833333333334,0.8255208333333334,1.1197916666666667,0.11979166666666667,1.0703125
Pima,model_b_routine_clinical,LightGBM,fixed_recalibration_source_selected,beta,target_only_conformal,0.9270833333333334,0.9279166666666666,0.9036458333333334,0.9518880208333332,1.5130208333333333,0.5130208333333334,1.296875
Pima,model_b_routine_clinical,LightGBM,fixed_recalibration_source_selected,beta,adaptive_transport_conformal,0.7838541666666666,0.7822135416666667,0.7395833333333334,0.8255208333333334,1.1197916666666667,0.11979166666666667,1.0703125
Pima,model_b_routine_clinical,LightGBM,fixed_recalibration_source_selected,beta,weighted_target_dominant_atcp,0.8776041666666666,0.8772916666666667,0.8411458333333334,0.9102213541666666,1.3697916666666667,0.3697916666666667,1.1953125
Pima,model_b_routine_clinical,LightGBM,fixed_recalibration_source_selected,beta,shift_aware_source_trust_atcp,0.9244791666666666,0.9254079861111112,0.8984375,0.9505208333333334,1.5026041666666667,0.5026041666666666,1.2890625
Pima,model_b_routine_clinical,LightGBM,fixed_recalibration_source_selected,beta,class_conditional_weighted_atcp,0.9036458333333334,0.9028125,0.8736328125,0.9310546874999999,1.5338541666666667,0.5338541666666666,1.2994791666666667
Pima,model_b_routine_clinical,LightGBM,fixed_recalibration_source_selected,beta,risk_asymmetric_shift_atcp,0.90625,0.905451388888889,0.8723958333333334,0.9322916666666666,1.6744791666666667,0.6744791666666666,1.5364583333333333
Pima,model_b_routine_clinical,LightGBM,fixed_recalibration_source_selected,beta,dp_shift_atcp,0.8880208333333334,0.887109375,0.8567708333333334,0.9166666666666666,1.5963541666666667,0.5963541666666666,1.4296875
Pima,model_b_routine_clinical,LightGBM,fixed_recalibration_source_selected,beta,safety_gated_atcp,0.8776041666666666,0.8772916666666667,0.8411458333333334,0.9102213541666666,1.3697916666666667,0.3697916666666667,1.1953125
Pima,model_b_routine_clinical,LightGBM,fixed_recalibration_source_selected,beta,safety_gated_shift_atcp,0.9244791666666666,0.9254079861111112,0.8984375,0.9505208333333334,1.5026041666666667,0.5026041666666666,1.2890625
Pima,model_b_routine_clinical,LightGBM,fixed_recalibration_source_selected,beta,multi_objective_safety_gated_atcp,0.8776041666666666,0.8772916666666667,0.8411458333333334,0.9102213541666666,1.3697916666666667,0.3697916666666667,1.1953125
Pima,model_b_routine_clinical,LightGBM,fixed_recalibration_source_selected,beta,multi_objective_dp_shift_atcp,0.8880208333333334,0.887109375,0.8567708333333334,0.9166666666666666,1.5963541666666667,0.5963541666666666,1.4296875
Pima,model_b_routine_clinical,LightGBM,adaptive_calibration_target_selected,isotonic,source_split_conformal,0.6979166666666666,0.6952864583333334,0.6496744791666667,0.7395833333333334,1.0,0.0,1.28125
Pima,model_b_routine_clinical,LightGBM,adaptive_calibration_target_selected,isotonic,importance_weighted_source_conformal,0.6979166666666666,0.6952864583333334,0.6496744791666667,0.7395833333333334,1.0,0.0,1.28125
Pima,model_b_routine_clinical,LightGBM,adaptive_calibration_target_selected,isotonic,target_only_conformal,0.9427083333333334,0.9438454861111112,0.9192708333333334,0.9635416666666666,1.5546875,0.5546875,1.375
Pima,model_b_routine_clinical,LightGBM,adaptive_calibration_target_selected,isotonic,adaptive_transport_conformal,0.6979166666666666,0.6952864583333334,0.6496744791666667,0.7395833333333334,1.0,0.0,1.28125
Pima,model_b_routine_clinical,LightGBM,adaptive_calibration_target_selected,isotonic,weighted_target_dominant_atcp,0.9427083333333334,0.9438454861111112,0.9192708333333334,0.9635416666666666,1.5546875,0.5546875,1.375
Pima,model_b_routine_clinical,LightGBM,adaptive_calibration_target_selected,isotonic,shift_aware_source_trust_atcp,0.9427083333333334,0.9438454861111112,0.9192708333333334,0.9635416666666666,1.5546875,0.5546875,1.375
Pima,model_b_routine_clinical,LightGBM,adaptive_calibration_target_selected,isotonic,class_conditional_weighted_atcp,0.9088541666666666,0.9077864583333334,0.8814453125,0.9375,1.5598958333333333,0.5598958333333334,1.3463541666666667
Pima,model_b_routine_clinical,LightGBM,adaptive_calibration_target_selected,isotonic,risk_asymmetric_shift_atcp,0.9427083333333334,0.9413020833333333,0.9140625,0.9623046874999999,1.8333333333333333,0.8333333333333334,1.7239583333333333
Pima,model_b_routine_clinical,LightGBM,adaptive_calibration_target_selected,isotonic,dp_shift_atcp,0.9114583333333334,0.9105815972222221,0.8854166666666666,0.9375,1.7526041666666667,0.7526041666666666,1.59375
Pima,model_b_routine_clinical,LightGBM,adaptive_calibration_target_selected,isotonic,safety_gated_atcp,0.9427083333333334,0.9438454861111112,0.9192708333333334,0.9635416666666666,1.5546875,0.5546875,1.375
Pima,model_b_routine_clinical,LightGBM,adaptive_calibration_target_selected,isotonic,safety_gated_shift_atcp,0.9427083333333334,0.9438454861111112,0.9192708333333334,0.9635416666666666,1.5546875,0.5546875,1.375
Pima,model_b_routine_clinical,LightGBM,adaptive_calibration_target_selected,isotonic,multi_objective_safety_gated_atcp,0.9427083333333334,0.9438454861111112,0.9192708333333334,0.9635416666666666,1.5546875,0.5546875,1.375
Pima,model_b_routine_clinical,LightGBM,adaptive_calibration_target_selected,isotonic,multi_objective_dp_shift_atcp,0.9114583333333334,0.9105815972222221,0.8854166666666666,0.9375,1.7526041666666667,0.7526041666666666,1.59375
NHANES,model_b_routine_clinical,CatBoost,naive_transfer,uncalibrated,source_split_conformal,0.8350785340314136,0.8350523560209424,0.81239092495637,0.8568935427574171,0.8900523560209425,0.1099476439790576,0.5418848167539267
NHANES,model_b_routine_clinical,CatBoost,naive_transfer,uncalibrated,importance_weighted_source_conformal,0.8350785340314136,0.8350523560209424,0.81239092495637,0.8568935427574171,0.8900523560209425,0.1099476439790576,0.5418848167539267
NHANES,model_b_routine_clinical,CatBoost,naive_transfer,uncalibrated,target_only_conformal,0.900523560209424,0.9000610820244327,0.8808682373472949,0.9184336823734729,0.9869109947643979,0.013089005235602094,0.4083769633507853
NHANES,model_b_routine_clinical,CatBoost,naive_transfer,uncalibrated,adaptive_transport_conformal,0.8350785340314136,0.8350523560209424,0.81239092495637,0.8568935427574171,0.8900523560209425,0.1099476439790576,0.5418848167539267
NHANES,model_b_routine_clinical,CatBoost,naive_transfer,uncalibrated,weighted_target_dominant_atcp,0.900523560209424,0.9000610820244327,0.8808682373472949,0.9184336823734729,0.9869109947643979,0.013089005235602094,0.4083769633507853
NHANES,model_b_routine_clinical,CatBoost,naive_transfer,uncalibrated,shift_aware_source_trust_atcp,0.900523560209424,0.9000610820244327,0.8808682373472949,0.9184336823734729,0.9869109947643979,0.013089005235602094,0.4083769633507853
NHANES,model_b_routine_clinical,CatBoost,naive_transfer,uncalibrated,class_conditional_weighted_atcp,0.9109947643979057,0.9110267597440372,0.8948298429319371,0.9267015706806283,1.1893542757417104,0.1893542757417103,0.537521815008726
NHANES,model_b_routine_clinical,CatBoost,naive_transfer,uncalibrated,risk_asymmetric_shift_atcp,0.9022687609075044,0.9027108784176846,0.8856893542757417,0.9179755671902269,1.2539267015706805,0.25392670157068065,0.6509598603839442
NHANES,model_b_routine_clinical,CatBoost,naive_transfer,uncalibrated,dp_shift_atcp,0.9075043630017452,0.9076730657358928,0.8917975567190227,0.9240837696335078,1.1841186736474694,0.18411867364746945,0.5305410122164049
NHANES,model_b_routine_clinical,CatBoost,naive_transfer,uncalibrated,safety_gated_atcp,0.900523560209424,0.9000610820244327,0.8808682373472949,0.9184336823734729,0.9869109947643979,0.013089005235602094,0.4083769633507853
NHANES,model_b_routine_clinical,CatBoost,naive_transfer,uncalibrated,safety_gated_shift_atcp,0.900523560209424,0.9000610820244327,0.8808682373472949,0.9184336823734729,0.9869109947643979,0.013089005235602094,0.4083769633507853
NHANES,model_b_routine_clinical,CatBoost,naive_transfer,uncalibrated,multi_objective_safety_gated_atcp,0.900523560209424,0.9000610820244327,0.8808682373472949,0.9184336823734729,0.9869109947643979,0.013089005235602094,0.4083769633507853
NHANES,model_b_routine_clinical,CatBoost,naive_transfer,uncalibrated,multi_objective_dp_shift_atcp,0.9075043630017452,0.9076730657358928,0.8917975567190227,0.9240837696335078,1.1841186736474694,0.18411867364746945,0.5305410122164049
NHANES,model_b_routine_clinical,CatBoost,label_shift_adjusted,label_shift,source_split_conformal,0.837696335078534,0.8375858057009888,0.8154232111692844,0.8586387434554974,0.8926701570680629,0.10732984293193717,0.5340314136125655
NHANES,model_b_routine_clinical,CatBoost,label_shift_adjusted,label_shift,importance_weighted_source_conformal,0.837696335078534,0.8375858057009888,0.8154232111692844,0.8586387434554974,0.8926701570680629,0.10732984293193717,0.5340314136125655
NHANES,model_b_routine_clinical,CatBoost,label_shift_adjusted,label_shift,target_only_conformal,0.9031413612565445,0.9025945317044793,0.8848167539267016,0.919306282722513,1.0052356020942408,0.005235602094240838,0.3551483420593368
NHANES,model_b_routine_clinical,CatBoost,label_shift_adjusted,label_shift,adaptive_transport_conformal,0.837696335078534,0.8375858057009888,0.8154232111692844,0.8586387434554974,0.8926701570680629,0.10732984293193717,0.5340314136125655
NHANES,model_b_routine_clinical,CatBoost,label_shift_adjusted,label_shift,weighted_target_dominant_atcp,0.9013961605584643,0.9008667830133796,0.8821553228621292,0.9180191972076789,1.0017452006980803,0.0017452006980802793,0.35340314136125656
NHANES,model_b_routine_clinical,CatBoost,label_shift_adjusted,label_shift,shift_aware_source_trust_atcp,0.9013961605584643,0.9008667830133796,0.8821553228621292,0.9180191972076789,1.0017452006980803,0.0017452006980802793,0.35340314136125656
NHANES,model_b_routine_clinical,CatBoost,label_shift_adjusted,label_shift,class_conditional_weighted_atcp,0.9109947643979057,0.9110267597440372,0.8948298429319371,0.9267015706806283,1.1893542757417104,0.1893542757417103,0.537521815008726
NHANES,model_b_routine_clinical,CatBoost,label_shift_adjusted,label_shift,risk_asymmetric_shift_atcp,0.9022687609075044,0.9027108784176846,0.8856893542757417,0.9179755671902269,1.2539267015706805,0.25392670157068065,0.6509598603839442
NHANES,model_b_routine_clinical,CatBoost,label_shift_adjusted,label_shift,dp_shift_atcp,0.9075043630017452,0.9076730657358928,0.8917975567190227,0.9240837696335078,1.1841186736474694,0.18411867364746945,0.5305410122164049
NHANES,model_b_routine_clinical,CatBoost,label_shift_adjusted,label_shift,safety_gated_atcp,0.9013961605584643,0.9008667830133796,0.8821553228621292,0.9180191972076789,1.0017452006980803,0.0017452006980802793,0.35340314136125656
NHANES,model_b_routine_clinical,CatBoost,label_shift_adjusted,label_shift,safety_gated_shift_atcp,0.9013961605584643,0.9008667830133796,0.8821553228621292,0.9180191972076789,1.0017452006980803,0.0017452006980802793,0.35340314136125656
NHANES,model_b_routine_clinical,CatBoost,label_shift_adjusted,label_shift,multi_objective_safety_gated_atcp,0.9031413612565445,0.9025945317044793,0.8848167539267016,0.919306282722513,1.0052356020942408,0.005235602094240838,0.3551483420593368
NHANES,model_b_routine_clinical,CatBoost,label_shift_adjusted,label_shift,multi_objective_dp_shift_atcp,0.9075043630017452,0.9076730657358928,0.8917975567190227,0.9240837696335078,1.1841186736474694,0.18411867364746945,0.5305410122164049
NHANES,model_b_routine_clinical,CatBoost,fixed_recalibration_source_selected,temperature,source_split_conformal,0.8350785340314136,0.8350523560209424,0.81239092495637,0.8568935427574171,0.8900523560209425,0.1099476439790576,0.5418848167539267
NHANES,model_b_routine_clinical,CatBoost,fixed_recalibration_source_selected,temperature,importance_weighted_source_conformal,0.8350785340314136,0.8350523560209424,0.81239092495637,0.8568935427574171,0.8900523560209425,0.1099476439790576,0.5418848167539267
NHANES,model_b_routine_clinical,CatBoost,fixed_recalibration_source_selected,temperature,target_only_conformal,0.900523560209424,0.9000610820244327,0.8808682373472949,0.9184336823734729,0.9869109947643979,0.013089005235602094,0.4083769633507853
NHANES,model_b_routine_clinical,CatBoost,fixed_recalibration_source_selected,temperature,adaptive_transport_conformal,0.8350785340314136,0.8350523560209424,0.81239092495637,0.8568935427574171,0.8900523560209425,0.1099476439790576,0.5418848167539267
NHANES,model_b_routine_clinical,CatBoost,fixed_recalibration_source_selected,temperature,weighted_target_dominant_atcp,0.900523560209424,0.9000610820244327,0.8808682373472949,0.9184336823734729,0.9869109947643979,0.013089005235602094,0.4083769633507853
NHANES,model_b_routine_clinical,CatBoost,fixed_recalibration_source_selected,temperature,shift_aware_source_trust_atcp,0.900523560209424,0.9000610820244327,0.8808682373472949,0.9184336823734729,0.9869109947643979,0.013089005235602094,0.4083769633507853
NHANES,model_b_routine_clinical,CatBoost,fixed_recalibration_source_selected,temperature,class_conditional_weighted_atcp,0.9109947643979057,0.9110267597440372,0.8948298429319371,0.9267015706806283,1.1893542757417104,0.1893542757417103,0.537521815008726
NHANES,model_b_routine_clinical,CatBoost,fixed_recalibration_source_selected,temperature,risk_asymmetric_shift_atcp,0.9022687609075044,0.9027108784176846,0.8856893542757417,0.9179755671902269,1.2539267015706805,0.25392670157068065,0.6509598603839442
NHANES,model_b_routine_clinical,CatBoost,fixed_recalibration_source_selected,temperature,dp_shift_atcp,0.9075043630017452,0.9076730657358928,0.8917975567190227,0.9240837696335078,1.1841186736474694,0.18411867364746945,0.5305410122164049
NHANES,model_b_routine_clinical,CatBoost,fixed_recalibration_source_selected,temperature,safety_gated_atcp,0.900523560209424,0.9000610820244327,0.8808682373472949,0.9184336823734729,0.9869109947643979,0.013089005235602094,0.4083769633507853
NHANES,model_b_routine_clinical,CatBoost,fixed_recalibration_source_selected,temperature,safety_gated_shift_atcp,0.900523560209424,0.9000610820244327,0.8808682373472949,0.9184336823734729,0.9869109947643979,0.013089005235602094,0.4083769633507853
NHANES,model_b_routine_clinical,CatBoost,fixed_recalibration_source_selected,temperature,multi_objective_safety_gated_atcp,0.900523560209424,0.9000610820244327,0.8808682373472949,0.9184336823734729,0.9869109947643979,0.013089005235602094,0.4083769633507853
NHANES,model_b_routine_clinical,CatBoost,fixed_recalibration_source_selected,temperature,multi_objective_dp_shift_atcp,0.9075043630017452,0.9076730657358928,0.8917975567190227,0.9240837696335078,1.1841186736474694,0.18411867364746945,0.5305410122164049
NHANES,model_b_routine_clinical,CatBoost,adaptive_calibration_target_selected,platt,source_split_conformal,0.8289703315881326,0.828650378126818,0.8075698080279231,0.8508289703315881,0.8804537521815009,0.11954624781849912,0.5671902268760908
NHANES,model_b_routine_clinical,CatBoost,adaptive_calibration_target_selected,platt,importance_weighted_source_conformal,0.8315881326352531,0.8312739965095985,0.8093150087260035,0.8529886561954624,0.8830715532286213,0.1169284467713787,0.5593368237347295
NHANES,model_b_routine_clinical,CatBoost,adaptive_calibration_target_selected,platt,target_only_conformal,0.900523560209424,0.9002821407795231,0.8804101221640489,0.9179755671902269,0.9895287958115183,0.010471204188481676,0.4205933682373473
NHANES,model_b_routine_clinical,CatBoost,adaptive_calibration_target_selected,platt,adaptive_transport_conformal,0.8315881326352531,0.8312739965095985,0.8093150087260035,0.8529886561954624,0.8830715532286213,0.1169284467713787,0.5593368237347295
NHANES,model_b_routine_clinical,CatBoost,adaptive_calibration_target_selected,platt,weighted_target_dominant_atcp,0.900523560209424,0.9002821407795231,0.8804101221640489,0.9179755671902269,0.987783595113438,0.012216404886561954,0.41710296684118675
NHANES,model_b_routine_clinical,CatBoost,adaptive_calibration_target_selected,platt,shift_aware_source_trust_atcp,0.900523560209424,0.9002821407795231,0.8804101221640489,0.9179755671902269,0.987783595113438,0.012216404886561954,0.41710296684118675
NHANES,model_b_routine_clinical,CatBoost,adaptive_calibration_target_selected,platt,class_conditional_weighted_atcp,0.9109947643979057,0.9110267597440372,0.8948298429319371,0.9267015706806283,1.1893542757417104,0.1893542757417103,0.537521815008726
NHANES,model_b_routine_clinical,CatBoost,adaptive_calibration_target_selected,platt,risk_asymmetric_shift_atcp,0.9022687609075044,0.9027108784176846,0.8856893542757417,0.9179755671902269,1.2539267015706805,0.25392670157068065,0.6509598603839442
NHANES,model_b_routine_clinical,CatBoost,adaptive_calibration_target_selected,platt,dp_shift_atcp,0.9075043630017452,0.9076730657358928,0.8917975567190227,0.9240837696335078,1.1841186736474694,0.18411867364746945,0.5305410122164049
NHANES,model_b_routine_clinical,CatBoost,adaptive_calibration_target_selected,platt,safety_gated_atcp,0.900523560209424,0.9002821407795231,0.8804101221640489,0.9179755671902269,0.987783595113438,0.012216404886561954,0.41710296684118675
NHANES,model_b_routine_clinical,CatBoost,adaptive_calibration_target_selected,platt,safety_gated_shift_atcp,0.900523560209424,0.9002821407795231,0.8804101221640489,0.9179755671902269,0.987783595113438,0.012216404886561954,0.41710296684118675
NHANES,model_b_routine_clinical,CatBoost,adaptive_calibration_target_selected,platt,multi_objective_safety_gated_atcp,0.900523560209424,0.9002821407795231,0.8804101221640489,0.9179755671902269,0.987783595113438,0.012216404886561954,0.41710296684118675
NHANES,model_b_routine_clinical,CatBoost,adaptive_calibration_target_selected,platt,multi_objective_dp_shift_atcp,0.9075043630017452,0.9076730657358928,0.8917975567190227,0.9240837696335078,1.1841186736474694,0.18411867364746945,0.5305410122164049
Pima,model_b_routine_clinical,CatBoost,naive_transfer,uncalibrated,source_split_conformal,0.5911458333333334,0.5879166666666666,0.5350911458333333,0.6380208333333334,0.84375,0.15625,1.7317708333333333
Pima,model_b_routine_clinical,CatBoost,naive_transfer,uncalibrated,importance_weighted_source_conformal,0.59375,0.590703125,0.5402994791666667,0.640625,0.8567708333333334,0.14322916666666666,1.7447916666666667
Pima,model_b_routine_clinical,CatBoost,naive_transfer,uncalibrated,target_only_conformal,0.9401041666666666,0.9402951388888887,0.9152994791666667,0.9609375,1.4921875,0.4921875,1.2838541666666667
Pima,model_b_routine_clinical,CatBoost,naive_transfer,uncalibrated,adaptive_transport_conformal,0.59375,0.590703125,0.5402994791666667,0.640625,0.8567708333333334,0.14322916666666666,1.7447916666666667
Pima,model_b_routine_clinical,CatBoost,naive_transfer,uncalibrated,weighted_target_dominant_atcp,0.9348958333333334,0.934921875,0.90625,0.9583333333333334,1.4791666666666667,0.4791666666666667,1.2838541666666667
Pima,model_b_routine_clinical,CatBoost,naive_transfer,uncalibrated,shift_aware_source_trust_atcp,0.9348958333333334,0.934921875,0.90625,0.9583333333333334,1.4791666666666667,0.4791666666666667,1.2838541666666667
Pima,model_b_routine_clinical,CatBoost,naive_transfer,uncalibrated,class_conditional_weighted_atcp,0.8854166666666666,0.8840711805555557,0.8567708333333334,0.9154296874999999,1.4635416666666667,0.4635416666666667,1.1354166666666667
Pima,model_b_routine_clinical,CatBoost,naive_transfer,uncalibrated,risk_asymmetric_shift_atcp,0.8854166666666666,0.8840451388888889,0.8541666666666666,0.9166666666666666,1.484375,0.484375,1.1458333333333333
Pima,model_b_routine_clinical,CatBoost,naive_transfer,uncalibrated,dp_shift_atcp,0.875,0.8737586805555554,0.84375,0.9050130208333332,1.4375,0.4375,1.09375
Pima,model_b_routine_clinical,CatBoost,naive_transfer,uncalibrated,safety_gated_atcp,0.9348958333333334,0.934921875,0.90625,0.9583333333333334,1.4791666666666667,0.4791666666666667,1.2838541666666667
Pima,model_b_routine_clinical,CatBoost,naive_transfer,uncalibrated,safety_gated_shift_atcp,0.9348958333333334,0.934921875,0.90625,0.9583333333333334,1.4791666666666667,0.4791666666666667,1.2838541666666667
Pima,model_b_routine_clinical,CatBoost,naive_transfer,uncalibrated,multi_objective_safety_gated_atcp,0.9401041666666666,0.9402951388888887,0.9152994791666667,0.9609375,1.4921875,0.4921875,1.2838541666666667
Pima,model_b_routine_clinical,CatBoost,naive_transfer,uncalibrated,multi_objective_dp_shift_atcp,0.875,0.8737586805555554,0.84375,0.9050130208333332,1.4375,0.4375,1.09375
Pima,model_b_routine_clinical,CatBoost,label_shift_adjusted,label_shift,source_split_conformal,0.6145833333333334,0.6119444444444444,0.5625,0.6628255208333332,0.875,0.125,1.5833333333333333
Pima,model_b_routine_clinical,CatBoost,label_shift_adjusted,label_shift,importance_weighted_source_conformal,0.625,0.6222222222222222,0.5741536458333333,0.6744791666666666,0.890625,0.109375,1.5625
Pima,model_b_routine_clinical,CatBoost,label_shift_adjusted,label_shift,target_only_conformal,0.9401041666666666,0.9402951388888887,0.9152994791666667,0.9609375,1.4921875,0.4921875,1.2838541666666667
Pima,model_b_routine_clinical,CatBoost,label_shift_adjusted,label_shift,adaptive_transport_conformal,0.625,0.6222222222222222,0.5741536458333333,0.6744791666666666,0.8932291666666666,0.10677083333333333,1.5677083333333333
Pima,model_b_routine_clinical,CatBoost,label_shift_adjusted,label_shift,weighted_target_dominant_atcp,0.9348958333333334,0.934921875,0.90625,0.9583333333333334,1.4791666666666667,0.4791666666666667,1.2838541666666667
Pima,model_b_routine_clinical,CatBoost,label_shift_adjusted,label_shift,shift_aware_source_trust_atcp,0.9348958333333334,0.934921875,0.90625,0.9583333333333334,1.4791666666666667,0.4791666666666667,1.2838541666666667
Pima,model_b_routine_clinical,CatBoost,label_shift_adjusted,label_shift,class_conditional_weighted_atcp,0.8854166666666666,0.8840711805555557,0.8567708333333334,0.9154296874999999,1.4635416666666667,0.4635416666666667,1.1354166666666667
Pima,model_b_routine_clinical,CatBoost,label_shift_adjusted,label_shift,risk_asymmetric_shift_atcp,0.8854166666666666,0.8840451388888889,0.8541666666666666,0.9166666666666666,1.484375,0.484375,1.1458333333333333
Pima,model_b_routine_clinical,CatBoost,label_shift_adjusted,label_shift,dp_shift_atcp,0.875,0.8737586805555554,0.84375,0.9050130208333332,1.4375,0.4375,1.09375
Pima,model_b_routine_clinical,CatBoost,label_shift_adjusted,label_shift,safety_gated_atcp,0.9348958333333334,0.934921875,0.90625,0.9583333333333334,1.4791666666666667,0.4791666666666667,1.2838541666666667
Pima,model_b_routine_clinical,CatBoost,label_shift_adjusted,label_shift,safety_gated_shift_atcp,0.9348958333333334,0.934921875,0.90625,0.9583333333333334,1.4791666666666667,0.4791666666666667,1.2838541666666667
Pima,model_b_routine_clinical,CatBoost,label_shift_adjusted,label_shift,multi_objective_safety_gated_atcp,0.9401041666666666,0.9402951388888887,0.9152994791666667,0.9609375,1.4921875,0.4921875,1.2838541666666667
Pima,model_b_routine_clinical,CatBoost,label_shift_adjusted,label_shift,multi_objective_dp_shift_atcp,0.875,0.8737586805555554,0.84375,0.9050130208333332,1.4375,0.4375,1.09375
Pima,model_b_routine_clinical,CatBoost,fixed_recalibration_source_selected,temperature,source_split_conformal,0.5911458333333334,0.5879166666666666,0.5350911458333333,0.6380208333333334,0.84375,0.15625,1.7317708333333333
Pima,model_b_routine_clinical,CatBoost,fixed_recalibration_source_selected,temperature,importance_weighted_source_conformal,0.59375,0.590703125,0.5402994791666667,0.640625,0.8567708333333334,0.14322916666666666,1.7447916666666667
Pima,model_b_routine_clinical,CatBoost,fixed_recalibration_source_selected,temperature,target_only_conformal,0.9401041666666666,0.9402951388888887,0.9152994791666667,0.9609375,1.4921875,0.4921875,1.2838541666666667
Pima,model_b_routine_clinical,CatBoost,fixed_recalibration_source_selected,temperature,adaptive_transport_conformal,0.59375,0.590703125,0.5402994791666667,0.640625,0.8567708333333334,0.14322916666666666,1.7447916666666667
Pima,model_b_routine_clinical,CatBoost,fixed_recalibration_source_selected,temperature,weighted_target_dominant_atcp,0.9348958333333334,0.934921875,0.90625,0.9583333333333334,1.4791666666666667,0.4791666666666667,1.2838541666666667
Pima,model_b_routine_clinical,CatBoost,fixed_recalibration_source_selected,temperature,shift_aware_source_trust_atcp,0.9348958333333334,0.934921875,0.90625,0.9583333333333334,1.4791666666666667,0.4791666666666667,1.2838541666666667
Pima,model_b_routine_clinical,CatBoost,fixed_recalibration_source_selected,temperature,class_conditional_weighted_atcp,0.8854166666666666,0.8840711805555557,0.8567708333333334,0.9154296874999999,1.4635416666666667,0.4635416666666667,1.1354166666666667
Pima,model_b_routine_clinical,CatBoost,fixed_recalibration_source_selected,temperature,risk_asymmetric_shift_atcp,0.8854166666666666,0.8840451388888889,0.8541666666666666,0.9166666666666666,1.484375,0.484375,1.1458333333333333
Pima,model_b_routine_clinical,CatBoost,fixed_recalibration_source_selected,temperature,dp_shift_atcp,0.875,0.8737586805555554,0.84375,0.9050130208333332,1.4375,0.4375,1.09375
Pima,model_b_routine_clinical,CatBoost,fixed_recalibration_source_selected,temperature,safety_gated_atcp,0.9348958333333334,0.934921875,0.90625,0.9583333333333334,1.4791666666666667,0.4791666666666667,1.2838541666666667
Pima,model_b_routine_clinical,CatBoost,fixed_recalibration_source_selected,temperature,safety_gated_shift_atcp,0.9348958333333334,0.934921875,0.90625,0.9583333333333334,1.4791666666666667,0.4791666666666667,1.2838541666666667
Pima,model_b_routine_clinical,CatBoost,fixed_recalibration_source_selected,temperature,multi_objective_safety_gated_atcp,0.9401041666666666,0.9402951388888887,0.9152994791666667,0.9609375,1.4921875,0.4921875,1.2838541666666667
Pima,model_b_routine_clinical,CatBoost,fixed_recalibration_source_selected,temperature,multi_objective_dp_shift_atcp,0.875,0.8737586805555554,0.84375,0.9050130208333332,1.4375,0.4375,1.09375
Pima,model_b_routine_clinical,CatBoost,adaptive_calibration_target_selected,platt,source_split_conformal,0.8203125,0.8187239583333333,0.7811197916666667,0.8567708333333334,1.2083333333333333,0.20833333333333334,0.9505208333333334
Pima,model_b_routine_clinical,CatBoost,adaptive_calibration_target_selected,platt,importance_weighted_source_conformal,0.8255208333333334,0.8238020833333334,0.7837239583333333,0.8619791666666666,1.2265625,0.2265625,0.9713541666666666
Pima,model_b_routine_clinical,CatBoost,adaptive_calibration_target_selected,platt,target_only_conformal,0.9296875,0.930217013888889,0.9036458333333334,0.9518880208333332,1.5104166666666667,0.5104166666666666,1.2786458333333333
Pima,model_b_routine_clinical,CatBoost,adaptive_calibration_target_selected,platt,adaptive_transport_conformal,0.8229166666666666,0.8213802083333334,0.7824869791666667,0.8607421874999999,1.2239583333333333,0.22395833333333334,0.96875
Pima,model_b_routine_clinical,CatBoost,adaptive_calibration_target_selected,platt,weighted_target_dominant_atcp,0.9296875,0.930217013888889,0.9036458333333334,0.9518880208333332,1.5078125,0.5078125,1.2734375
Pima,model_b_routine_clinical,CatBoost,adaptive_calibration_target_selected,platt,shift_aware_source_trust_atcp,0.9296875,0.930217013888889,0.9036458333333334,0.9518880208333332,1.5078125,0.5078125,1.2734375
Pima,model_b_routine_clinical,CatBoost,adaptive_calibration_target_selected,platt,class_conditional_weighted_atcp,0.8854166666666666,0.8840711805555557,0.8567708333333334,0.9154296874999999,1.4635416666666667,0.4635416666666667,1.1354166666666667
Pima,model_b_routine_clinical,CatBoost,adaptive_calibration_target_selected,platt,risk_asymmetric_shift_atcp,0.8854166666666666,0.8840451388888889,0.8541666666666666,0.9166666666666666,1.484375,0.484375,1.1458333333333333
Pima,model_b_routine_clinical,CatBoost,adaptive_calibration_target_selected,platt,dp_shift_atcp,0.875,0.8737586805555554,0.84375,0.9050130208333332,1.4375,0.4375,1.09375
Pima,model_b_routine_clinical,CatBoost,adaptive_calibration_target_selected,platt,safety_gated_atcp,0.9296875,0.930217013888889,0.9036458333333334,0.9518880208333332,1.5078125,0.5078125,1.2734375
Pima,model_b_routine_clinical,CatBoost,adaptive_calibration_target_selected,platt,safety_gated_shift_atcp,0.9296875,0.930217013888889,0.9036458333333334,0.9518880208333332,1.5078125,0.5078125,1.2734375
Pima,model_b_routine_clinical,CatBoost,adaptive_calibration_target_selected,platt,multi_objective_safety_gated_atcp,0.9296875,0.930217013888889,0.9036458333333334,0.9518880208333332,1.5104166666666667,0.5104166666666666,1.2786458333333333
Pima,model_b_routine_clinical,CatBoost,adaptive_calibration_target_selected,platt,multi_objective_dp_shift_atcp,0.875,0.8737586805555554,0.84375,0.9050130208333332,1.4375,0.4375,1.09375
NHANES,model_c_extended_transport,Logistic Regression,naive_transfer,uncalibrated,source_split_conformal,0.9066317626527051,0.9072542175683538,0.8883071553228621,0.924956369982548,1.0261780104712042,0.02617801047120419,0.25043630017452007
NHANES,model_c_extended_transport,Logistic Regression,naive_transfer,uncalibrated,importance_weighted_source_conformal,0.9092495636998255,0.9098778359511346,0.8913394415357766,0.9275741710296684,1.0357766143106457,0.03577661431064572,0.26352530541012215
NHANES,model_c_extended_transport,Logistic Regression,naive_transfer,uncalibrated,target_only_conformal,0.8987783595113438,0.8994095404304827,0.881740837696335,0.9179755671902269,1.0148342059336823,0.014834205933682374,0.23909249563699825
NHANES,model_c_extended_transport,Logistic Regression,naive_transfer,uncalibrated,adaptive_transport_conformal,0.9066317626527051,0.9072542175683538,0.8883071553228621,0.924956369982548,1.0261780104712042,0.02617801047120419,0.25043630017452007
NHANES,model_c_extended_transport,Logistic Regression,naive_transfer,uncalibrated,weighted_target_dominant_atcp,0.8979057591623036,0.8985136707388017,0.8804101221640489,0.9171029668411868,1.013089005235602,0.013089005235602094,0.2399650959860384
NHANES,model_c_extended_transport,Logistic Regression,naive_transfer,uncalibrated,shift_aware_source_trust_atcp,0.8979057591623036,0.8985136707388017,0.8804101221640489,0.9171029668411868,1.013089005235602,0.013089005235602094,0.2399650959860384
NHANES,model_c_extended_transport,Logistic Regression,naive_transfer,uncalibrated,class_conditional_weighted_atcp,0.8952879581151832,0.8959365910413031,0.8778359511343804,0.9136125654450262,1.0357766143106457,0.03577661431064572,0.2705061082024433
NHANES,model_c_extended_transport,Logistic Regression,naive_transfer,uncalibrated,risk_asymmetric_shift_atcp,0.8987783595113438,0.899368819080861,0.8830715532286213,0.9158158813263525,1.1108202443280977,0.11082024432809773,0.35776614310645727
NHANES,model_c_extended_transport,Logistic Regression,naive_transfer,uncalibrated,dp_shift_atcp,0.8839441535776614,0.8845840605002909,0.8656195462478184,0.9022687609075044,1.0218150087260034,0.02181500872600349,0.25392670157068065
NHANES,model_c_extended_transport,Logistic Regression,naive_transfer,uncalibrated,safety_gated_atcp,0.8979057591623036,0.8985136707388017,0.8804101221640489,0.9171029668411868,1.013089005235602,0.013089005235602094,0.2399650959860384
NHANES,model_c_extended_transport,Logistic Regression,naive_transfer,uncalibrated,safety_gated_shift_atcp,0.8979057591623036,0.8985136707388017,0.8804101221640489,0.9171029668411868,1.013089005235602,0.013089005235602094,0.2399650959860384
NHANES,model_c_extended_transport,Logistic Regression,naive_transfer,uncalibrated,multi_objective_safety_gated_atcp,0.8979057591623036,0.8985136707388017,0.8804101221640489,0.9171029668411868,1.013089005235602,0.013089005235602094,0.2399650959860384
NHANES,model_c_extended_transport,Logistic Regression,naive_transfer,uncalibrated,multi_objective_dp_shift_atcp,0.8839441535776614,0.8845840605002909,0.8656195462478184,0.9022687609075044,1.0218150087260034,0.02181500872600349,0.25392670157068065
NHANES,model_c_extended_transport,Logistic Regression,label_shift_adjusted,label_shift,source_split_conformal,0.918848167539267,0.9195229784758582,0.9044284467713787,0.9350130890052355,1.1945898778359512,0.19458987783595114,0.49825479930191974
NHANES,model_c_extended_transport,Logistic Regression,label_shift_adjusted,label_shift,importance_weighted_source_conformal,0.924956369982548,0.9257009889470621,0.9101221640488656,0.9397905759162304,1.2111692844677138,0.2111692844677138,0.525305410122164
NHANES,model_c_extended_transport,Logistic Regression,label_shift_adjusted,label_shift,target_only_conformal,0.9101221640488656,0.9107940663176265,0.8926701570680629,0.9284904013961606,1.1675392670157068,0.16753926701570682,0.45287958115183247
NHANES,model_c_extended_transport,Logistic Regression,label_shift_adjusted,label_shift,adaptive_transport_conformal,0.9171029668411868,0.9176527050610821,0.9022687609075044,0.9341404886561954,1.1910994764397906,0.19109947643979058,0.4930191972076789
NHANES,model_c_extended_transport,Logistic Regression,label_shift_adjusted,label_shift,weighted_target_dominant_atcp,0.9101221640488656,0.9107940663176265,0.8926701570680629,0.9284904013961606,1.1631762652705062,0.1631762652705061,0.44415357766143104
NHANES,model_c_extended_transport,Logistic Regression,label_shift_adjusted,label_shift,shift_aware_source_trust_atcp,0.9101221640488656,0.9107940663176265,0.8926701570680629,0.9284904013961606,1.1631762652705062,0.1631762652705061,0.44415357766143104
NHANES,model_c_extended_transport,Logistic Regression,label_shift_adjusted,label_shift,class_conditional_weighted_atcp,0.8952879581151832,0.8959365910413031,0.8778359511343804,0.9136125654450262,1.0357766143106457,0.03577661431064572,0.2705061082024433
NHANES,model_c_extended_transport,Logistic Regression,label_shift_adjusted,label_shift,risk_asymmetric_shift_atcp,0.8987783595113438,0.899368819080861,0.8830715532286213,0.9158158813263525,1.1108202443280977,0.11082024432809773,0.35776614310645727
NHANES,model_c_extended_transport,Logistic Regression,label_shift_adjusted,label_shift,dp_shift_atcp,0.8839441535776614,0.8845840605002909,0.8656195462478184,0.9022687609075044,1.0218150087260034,0.02181500872600349,0.25392670157068065
NHANES,model_c_extended_transport,Logistic Regression,label_shift_adjusted,label_shift,safety_gated_atcp,0.9101221640488656,0.9107940663176265,0.8926701570680629,0.9284904013961606,1.1631762652705062,0.1631762652705061,0.44415357766143104
NHANES,model_c_extended_transport,Logistic Regression,label_shift_adjusted,label_shift,safety_gated_shift_atcp,0.9101221640488656,0.9107940663176265,0.8926701570680629,0.9284904013961606,1.1631762652705062,0.1631762652705061,0.44415357766143104
NHANES,model_c_extended_transport,Logistic Regression,label_shift_adjusted,label_shift,multi_objective_safety_gated_atcp,0.9101221640488656,0.9107940663176265,0.8926701570680629,0.9284904013961606,1.1631762652705062,0.1631762652705061,0.44415357766143104
NHANES,model_c_extended_transport,Logistic Regression,label_shift_adjusted,label_shift,multi_objective_dp_shift_atcp,0.8839441535776614,0.8845840605002909,0.8656195462478184,0.9022687609075044,1.0218150087260034,0.02181500872600349,0.25392670157068065
NHANES,model_c_extended_transport,Logistic Regression,fixed_recalibration_source_selected,beta,source_split_conformal,0.8673647469458988,0.8671465968586386,0.8477094240837696,0.887434554973822,0.9258289703315882,0.07417102966841187,0.45898778359511344
NHANES,model_c_extended_transport,Logistic Regression,fixed_recalibration_source_selected,beta,importance_weighted_source_conformal,0.8708551483420593,0.8706631762652706,0.849912739965096,0.8905104712041885,0.9328097731239092,0.06719022687609075,0.45200698080279234
NHANES,model_c_extended_transport,Logistic Regression,fixed_recalibration_source_selected,beta,target_only_conformal,0.9057591623036649,0.9053403141361256,0.887849040139616,0.9205933682373473,0.9842931937172775,0.015706806282722512,0.3699825479930192
NHANES,model_c_extended_transport,Logistic Regression,fixed_recalibration_source_selected,beta,adaptive_transport_conformal,0.868237347294939,0.8680541012216406,0.8481675392670157,0.8883071553228621,0.9267015706806283,0.07329842931937172,0.456369982547993
NHANES,model_c_extended_transport,Logistic Regression,fixed_recalibration_source_selected,beta,weighted_target_dominant_atcp,0.9057591623036649,0.9053403141361256,0.887849040139616,0.9205933682373473,0.9834205933682374,0.016579406631762654,0.3682373472949389
NHANES,model_c_extended_transport,Logistic Regression,fixed_recalibration_source_selected,beta,shift_aware_source_trust_atcp,0.9057591623036649,0.9053403141361256,0.887849040139616,0.9205933682373473,0.9834205933682374,0.016579406631762654,0.3682373472949389
NHANES,model_c_extended_transport,Logistic Regression,fixed_recalibration_source_selected,beta,class_conditional_weighted_atcp,0.8952879581151832,0.8959365910413031,0.8778359511343804,0.9136125654450262,1.0357766143106457,0.03577661431064572,0.2705061082024433
NHANES,model_c_extended_transport,Logistic Regression,fixed_recalibration_source_selected,beta,risk_asymmetric_shift_atcp,0.8987783595113438,0.899368819080861,0.8830715532286213,0.9158158813263525,1.1108202443280977,0.11082024432809773,0.35776614310645727
NHANES,model_c_extended_transport,Logistic Regression,fixed_recalibration_source_selected,beta,dp_shift_atcp,0.8839441535776614,0.8845840605002909,0.8656195462478184,0.9022687609075044,1.0218150087260034,0.02181500872600349,0.25392670157068065
NHANES,model_c_extended_transport,Logistic Regression,fixed_recalibration_source_selected,beta,safety_gated_atcp,0.9057591623036649,0.9053403141361256,0.887849040139616,0.9205933682373473,0.9834205933682374,0.016579406631762654,0.3682373472949389
NHANES,model_c_extended_transport,Logistic Regression,fixed_recalibration_source_selected,beta,safety_gated_shift_atcp,0.9057591623036649,0.9053403141361256,0.887849040139616,0.9205933682373473,0.9834205933682374,0.016579406631762654,0.3682373472949389
NHANES,model_c_extended_transport,Logistic Regression,fixed_recalibration_source_selected,beta,multi_objective_safety_gated_atcp,0.9057591623036649,0.9053403141361256,0.887849040139616,0.9205933682373473,0.9834205933682374,0.016579406631762654,0.3682373472949389
NHANES,model_c_extended_transport,Logistic Regression,fixed_recalibration_source_selected,beta,multi_objective_dp_shift_atcp,0.8839441535776614,0.8845840605002909,0.8656195462478184,0.9022687609075044,1.0218150087260034,0.02181500872600349,0.25392670157068065
NHANES,model_c_extended_transport,Logistic Regression,adaptive_calibration_target_selected,isotonic,source_split_conformal,0.887434554973822,0.8873211169284468,0.8677792321116928,0.9053446771378708,0.9554973821989529,0.04450261780104712,0.4109947643979058
NHANES,model_c_extended_transport,Logistic Regression,adaptive_calibration_target_selected,isotonic,importance_weighted_source_conformal,0.887434554973822,0.8873211169284468,0.8677792321116928,0.9053446771378708,0.9554973821989529,0.04450261780104712,0.4109947643979058
NHANES,model_c_extended_transport,Logistic Regression,adaptive_calibration_target_selected,isotonic,target_only_conformal,0.9083769633507853,0.9077486910994764,0.8900523560209425,0.9232111692844677,0.9973821989528796,0.002617801047120419,0.3481675392670157
NHANES,model_c_extended_transport,Logistic Regression,adaptive_calibration_target_selected,isotonic,adaptive_transport_conformal,0.887434554973822,0.8873211169284468,0.8677792321116928,0.9053446771378708,0.9554973821989529,0.04450261780104712,0.4109947643979058
NHANES,model_c_extended_transport,Logistic Regression,adaptive_calibration_target_selected,isotonic,weighted_target_dominant_atcp,0.8987783595113438,0.8983536940081442,0.8804537521815009,0.9153577661431065,0.9781849912739965,0.02181500872600349,0.35776614310645727
NHANES,model_c_extended_transport,Logistic Regression,adaptive_calibration_target_selected,isotonic,shift_aware_source_trust_atcp,0.8987783595113438,0.8983536940081442,0.8804537521815009,0.9153577661431065,0.9781849912739965,0.02181500872600349,0.35776614310645727
NHANES,model_c_extended_transport,Logistic Regression,adaptive_calibration_target_selected,isotonic,class_conditional_weighted_atcp,0.8952879581151832,0.8959365910413031,0.8778359511343804,0.9136125654450262,1.0357766143106457,0.03577661431064572,0.2705061082024433
NHANES,model_c_extended_transport,Logistic Regression,adaptive_calibration_target_selected,isotonic,risk_asymmetric_shift_atcp,0.9118673647469459,0.9124956369982549,0.8948298429319371,0.9289485165794066,1.1797556719022688,0.17975567190226877,0.4755671902268761
NHANES,model_c_extended_transport,Logistic Regression,adaptive_calibration_target_selected,isotonic,dp_shift_atcp,0.8717277486910995,0.8721116928446772,0.8525305410122164,0.8922556719022687,1.0087260034904013,0.008726003490401396,0.2399650959860384
NHANES,model_c_extended_transport,Logistic Regression,adaptive_calibration_target_selected,isotonic,safety_gated_atcp,0.8987783595113438,0.8983536940081442,0.8804537521815009,0.9153577661431065,0.9781849912739965,0.02181500872600349,0.35776614310645727
NHANES,model_c_extended_transport,Logistic Regression,adaptive_calibration_target_selected,isotonic,safety_gated_shift_atcp,0.8987783595113438,0.8983536940081442,0.8804537521815009,0.9153577661431065,0.9781849912739965,0.02181500872600349,0.35776614310645727
NHANES,model_c_extended_transport,Logistic Regression,adaptive_calibration_target_selected,isotonic,multi_objective_safety_gated_atcp,0.8987783595113438,0.8983536940081442,0.8804537521815009,0.9153577661431065,0.9781849912739965,0.02181500872600349,0.35776614310645727
NHANES,model_c_extended_transport,Logistic Regression,adaptive_calibration_target_selected,isotonic,multi_objective_dp_shift_atcp,0.8717277486910995,0.8721116928446772,0.8525305410122164,0.8922556719022687,1.0087260034904013,0.008726003490401396,0.2399650959860384
Pima,model_c_extended_transport,Logistic Regression,naive_transfer,uncalibrated,source_split_conformal,0.7447916666666666,0.7431944444444444,0.6991536458333333,0.7890625,1.0442708333333333,0.044270833333333336,1.0625
Pima,model_c_extended_transport,Logistic Regression,naive_transfer,uncalibrated,importance_weighted_source_conformal,0.765625,0.7645138888888889,0.7239583333333334,0.8020833333333334,1.0755208333333333,0.07552083333333333,1.0520833333333333
Pima,model_c_extended_transport,Logistic Regression,naive_transfer,uncalibrated,target_only_conformal,0.90625,0.9057465277777779,0.8723958333333334,0.9336588541666666,1.40625,0.40625,1.2395833333333333
Pima,model_c_extended_transport,Logistic Regression,naive_transfer,uncalibrated,adaptive_transport_conformal,0.7473958333333334,0.7461805555555555,0.703125,0.7916666666666666,1.0520833333333333,0.052083333333333336,1.0755208333333333
Pima,model_c_extended_transport,Logistic Regression,naive_transfer,uncalibrated,weighted_target_dominant_atcp,0.90625,0.9057465277777779,0.8723958333333334,0.9336588541666666,1.4010416666666667,0.4010416666666667,1.2291666666666667
Pima,model_c_extended_transport,Logistic Regression,naive_transfer,uncalibrated,shift_aware_source_trust_atcp,0.90625,0.9057465277777779,0.8723958333333334,0.9336588541666666,1.4010416666666667,0.4010416666666667,1.2291666666666667
Pima,model_c_extended_transport,Logistic Regression,naive_transfer,uncalibrated,class_conditional_weighted_atcp,0.8880208333333334,0.8864670138888887,0.8515625,0.9154296874999999,1.4114583333333333,0.4114583333333333,1.0286458333333333
Pima,model_c_extended_transport,Logistic Regression,naive_transfer,uncalibrated,risk_asymmetric_shift_atcp,0.8802083333333334,0.8790625,0.8489583333333334,0.9088541666666666,1.40625,0.40625,0.984375
Pima,model_c_extended_transport,Logistic Regression,naive_transfer,uncalibrated,dp_shift_atcp,0.8411458333333334,0.8399739583333333,0.8046875,0.8776041666666666,1.3072916666666667,0.3072916666666667,0.8671875
Pima,model_c_extended_transport,Logistic Regression,naive_transfer,uncalibrated,safety_gated_atcp,0.90625,0.9057465277777779,0.8723958333333334,0.9336588541666666,1.4010416666666667,0.4010416666666667,1.2291666666666667
Pima,model_c_extended_transport,Logistic Regression,naive_transfer,uncalibrated,safety_gated_shift_atcp,0.90625,0.9057465277777779,0.8723958333333334,0.9336588541666666,1.4010416666666667,0.4010416666666667,1.2291666666666667
Pima,model_c_extended_transport,Logistic Regression,naive_transfer,uncalibrated,multi_objective_safety_gated_atcp,0.90625,0.9057465277777779,0.8723958333333334,0.9336588541666666,1.40625,0.40625,1.2395833333333333
Pima,model_c_extended_transport,Logistic Regression,naive_transfer,uncalibrated,multi_objective_dp_shift_atcp,0.8411458333333334,0.8399739583333333,0.8046875,0.8776041666666666,1.3072916666666667,0.3072916666666667,0.8671875
Pima,model_c_extended_transport,Logistic Regression,label_shift_adjusted,label_shift,source_split_conformal,0.9244791666666666,0.9227604166666666,0.8984375,0.9453125,1.6640625,0.6640625,1.4036458333333333
Pima,model_c_extended_transport,Logistic Regression,label_shift_adjusted,label_shift,importance_weighted_source_conformal,0.9244791666666666,0.9227604166666666,0.8984375,0.9453125,1.6848958333333333,0.6848958333333334,1.4453125
Pima,model_c_extended_transport,Logistic Regression,label_shift_adjusted,label_shift,target_only_conformal,0.8671875,0.866484375,0.8359375,0.8998046874999999,1.4348958333333333,0.4348958333333333,1.0338541666666667
Pima,model_c_extended_transport,Logistic Regression,label_shift_adjusted,label_shift,adaptive_transport_conformal,0.9244791666666666,0.9227604166666666,0.8984375,0.9453125,1.6640625,0.6640625,1.4036458333333333
Pima,model_c_extended_transport,Logistic Regression,label_shift_adjusted,label_shift,weighted_target_dominant_atcp,0.8567708333333334,0.8560503472222223,0.8229166666666666,0.890625,1.40625,0.40625,0.9869791666666666
Pima,model_c_extended_transport,Logistic Regression,label_shift_adjusted,label_shift,shift_aware_source_trust_atcp,0.8567708333333334,0.8560503472222223,0.8229166666666666,0.890625,1.40625,0.40625,0.9869791666666666
Pima,model_c_extended_transport,Logistic Regression,label_shift_adjusted,label_shift,class_conditional_weighted_atcp,0.8880208333333334,0.8864670138888887,0.8515625,0.9154296874999999,1.4114583333333333,0.4114583333333333,1.0286458333333333
Pima,model_c_extended_transport,Logistic Regression,label_shift_adjusted,label_shift,risk_asymmetric_shift_atcp,0.8802083333333334,0.8790625,0.8489583333333334,0.9088541666666666,1.40625,0.40625,0.984375
Pima,model_c_extended_transport,Logistic Regression,label_shift_adjusted,label_shift,dp_shift_atcp,0.8411458333333334,0.8399739583333333,0.8046875,0.8776041666666666,1.3072916666666667,0.3072916666666667,0.8671875
Pima,model_c_extended_transport,Logistic Regression,label_shift_adjusted,label_shift,safety_gated_atcp,0.8567708333333334,0.8560503472222223,0.8229166666666666,0.890625,1.40625,0.40625,0.9869791666666666
Pima,model_c_extended_transport,Logistic Regression,label_shift_adjusted,label_shift,safety_gated_shift_atcp,0.8567708333333334,0.8560503472222223,0.8229166666666666,0.890625,1.40625,0.40625,0.9869791666666666
Pima,model_c_extended_transport,Logistic Regression,label_shift_adjusted,label_shift,multi_objective_safety_gated_atcp,0.8567708333333334,0.8560503472222223,0.8229166666666666,0.890625,1.40625,0.40625,0.9869791666666666
Pima,model_c_extended_transport,Logistic Regression,label_shift_adjusted,label_shift,multi_objective_dp_shift_atcp,0.8411458333333334,0.8399739583333333,0.8046875,0.8776041666666666,1.3072916666666667,0.3072916666666667,0.8671875
Pima,model_c_extended_transport,Logistic Regression,fixed_recalibration_source_selected,beta,source_split_conformal,0.8307291666666666,0.8284114583333333,0.7890625,0.8645833333333334,1.21875,0.21875,0.9817708333333334
Pima,model_c_extended_transport,Logistic Regression,fixed_recalibration_source_selected,beta,importance_weighted_source_conformal,0.8411458333333334,0.839453125,0.7994791666666666,0.8776041666666666,1.2395833333333333,0.23958333333333334,0.9817708333333334
Pima,model_c_extended_transport,Logistic Regression,fixed_recalibration_source_selected,beta,target_only_conformal,0.8880208333333334,0.886484375,0.8567708333333334,0.9166666666666666,1.3515625,0.3515625,1.0755208333333333
Pima,model_c_extended_transport,Logistic Regression,fixed_recalibration_source_selected,beta,adaptive_transport_conformal,0.8307291666666666,0.8284114583333333,0.7890625,0.8645833333333334,1.21875,0.21875,0.9817708333333334
Pima,model_c_extended_transport,Logistic Regression,fixed_recalibration_source_selected,beta,weighted_target_dominant_atcp,0.8541666666666666,0.852439236111111,0.8163411458333333,0.890625,1.28125,0.28125,1.03125
Pima,model_c_extended_transport,Logistic Regression,fixed_recalibration_source_selected,beta,shift_aware_source_trust_atcp,0.8880208333333334,0.886484375,0.8567708333333334,0.9166666666666666,1.3489583333333333,0.3489583333333333,1.0703125
Pima,model_c_extended_transport,Logistic Regression,fixed_recalibration_source_selected,beta,class_conditional_weighted_atcp,0.8932291666666666,0.8909114583333333,0.8567708333333334,0.9180338541666666,1.4192708333333333,0.4192708333333333,1.0703125
Pima,model_c_extended_transport,Logistic Regression,fixed_recalibration_source_selected,beta,risk_asymmetric_shift_atcp,0.8802083333333334,0.8790625,0.8489583333333334,0.9088541666666666,1.40625,0.40625,0.984375
Pima,model_c_extended_transport,Logistic Regression,fixed_recalibration_source_selected,beta,dp_shift_atcp,0.8411458333333334,0.8399739583333333,0.8046875,0.8776041666666666,1.3072916666666667,0.3072916666666667,0.8671875
Pima,model_c_extended_transport,Logistic Regression,fixed_recalibration_source_selected,beta,safety_gated_atcp,0.8541666666666666,0.852439236111111,0.8163411458333333,0.890625,1.28125,0.28125,1.03125
Pima,model_c_extended_transport,Logistic Regression,fixed_recalibration_source_selected,beta,safety_gated_shift_atcp,0.8880208333333334,0.886484375,0.8567708333333334,0.9166666666666666,1.3489583333333333,0.3489583333333333,1.0703125
Pima,model_c_extended_transport,Logistic Regression,fixed_recalibration_source_selected,beta,multi_objective_safety_gated_atcp,0.8880208333333334,0.886484375,0.8567708333333334,0.9166666666666666,1.3515625,0.3515625,1.0755208333333333
Pima,model_c_extended_transport,Logistic Regression,fixed_recalibration_source_selected,beta,multi_objective_dp_shift_atcp,0.8411458333333334,0.8399739583333333,0.8046875,0.8776041666666666,1.3072916666666667,0.3072916666666667,0.8671875
Pima,model_c_extended_transport,Logistic Regression,adaptive_calibration_target_selected,platt,source_split_conformal,0.8177083333333334,0.815138888888889,0.7759114583333333,0.8529296874999999,1.1848958333333333,0.18489583333333334,0.9791666666666666
Pima,model_c_extended_transport,Logistic Regression,adaptive_calibration_target_selected,platt,importance_weighted_source_conformal,0.8307291666666666,0.8290104166666666,0.7890625,0.8645833333333334,1.2213541666666667,0.22135416666666666,0.9973958333333334
Pima,model_c_extended_transport,Logistic Regression,adaptive_calibration_target_selected,platt,target_only_conformal,0.890625,0.8892534722222221,0.859375,0.9192708333333334,1.3567708333333333,0.3567708333333333,1.0833333333333333
Pima,model_c_extended_transport,Logistic Regression,adaptive_calibration_target_selected,platt,adaptive_transport_conformal,0.8177083333333334,0.815138888888889,0.7759114583333333,0.8529296874999999,1.1848958333333333,0.18489583333333334,0.9791666666666666
Pima,model_c_extended_transport,Logistic Regression,adaptive_calibration_target_selected,platt,weighted_target_dominant_atcp,0.8567708333333334,0.8552604166666666,0.8177083333333334,0.8932291666666666,1.2916666666666667,0.2916666666666667,1.0598958333333333
Pima,model_c_extended_transport,Logistic Regression,adaptive_calibration_target_selected,platt,shift_aware_source_trust_atcp,0.8880208333333334,0.8866927083333334,0.8567708333333334,0.9192708333333334,1.3541666666666667,0.3541666666666667,1.0911458333333333
Pima,model_c_extended_transport,Logistic Regression,adaptive_calibration_target_selected,platt,class_conditional_weighted_atcp,0.8932291666666666,0.8909114583333333,0.8567708333333334,0.9180338541666666,1.4192708333333333,0.4192708333333333,1.0703125
Pima,model_c_extended_transport,Logistic Regression,adaptive_calibration_target_selected,platt,risk_asymmetric_shift_atcp,0.8802083333333334,0.8790625,0.8489583333333334,0.9088541666666666,1.40625,0.40625,0.984375
Pima,model_c_extended_transport,Logistic Regression,adaptive_calibration_target_selected,platt,dp_shift_atcp,0.8411458333333334,0.8399739583333333,0.8046875,0.8776041666666666,1.3072916666666667,0.3072916666666667,0.8671875
Pima,model_c_extended_transport,Logistic Regression,adaptive_calibration_target_selected,platt,safety_gated_atcp,0.8567708333333334,0.8552604166666666,0.8177083333333334,0.8932291666666666,1.2916666666666667,0.2916666666666667,1.0598958333333333
Pima,model_c_extended_transport,Logistic Regression,adaptive_calibration_target_selected,platt,safety_gated_shift_atcp,0.8880208333333334,0.8866927083333334,0.8567708333333334,0.9192708333333334,1.3541666666666667,0.3541666666666667,1.0911458333333333
Pima,model_c_extended_transport,Logistic Regression,adaptive_calibration_target_selected,platt,multi_objective_safety_gated_atcp,0.8567708333333334,0.8552604166666666,0.8177083333333334,0.8932291666666666,1.2916666666666667,0.2916666666666667,1.0598958333333333
Pima,model_c_extended_transport,Logistic Regression,adaptive_calibration_target_selected,platt,multi_objective_dp_shift_atcp,0.8411458333333334,0.8399739583333333,0.8046875,0.8776041666666666,1.3072916666666667,0.3072916666666667,0.8671875
NHANES,model_c_extended_transport,Random Forest,naive_transfer,uncalibrated,source_split_conformal,0.868237347294939,0.8688365328679466,0.85032722513089,0.887434554973822,0.9921465968586387,0.007853403141361256,0.2870855148342059
NHANES,model_c_extended_transport,Random Forest,naive_transfer,uncalibrated,importance_weighted_source_conformal,0.868237347294939,0.8688365328679466,0.85032722513089,0.887434554973822,0.9965095986038395,0.0034904013961605585,0.28184991273996507
NHANES,model_c_extended_transport,Random Forest,naive_transfer,uncalibrated,target_only_conformal,0.9092495636998255,0.9091186736474695,0.8944153577661431,0.924956369982548,1.0636998254799301,0.0636998254799302,0.3333333333333333
NHANES,model_c_extended_transport,Random Forest,naive_transfer,uncalibrated,adaptive_transport_conformal,0.868237347294939,0.8688365328679466,0.85032722513089,0.887434554973822,0.9956369982547993,0.004363001745200698,0.2835951134380454
NHANES,model_c_extended_transport,Random Forest,naive_transfer,uncalibrated,weighted_target_dominant_atcp,0.9092495636998255,0.9091186736474695,0.8944153577661431,0.924956369982548,1.0636998254799301,0.0636998254799302,0.3333333333333333
NHANES,model_c_extended_transport,Random Forest,naive_transfer,uncalibrated,shift_aware_source_trust_atcp,0.9092495636998255,0.9091186736474695,0.8944153577661431,0.924956369982548,1.0636998254799301,0.0636998254799302,0.3333333333333333
NHANES,model_c_extended_transport,Random Forest,naive_transfer,uncalibrated,class_conditional_weighted_atcp,0.9179755671902269,0.9182984293193717,0.9026832460732984,0.9345986038394415,1.2006980802792322,0.2006980802792321,0.525305410122164
NHANES,model_c_extended_transport,Random Forest,naive_transfer,uncalibrated,risk_asymmetric_shift_atcp,0.9040139616055847,0.9044095404304829,0.8869764397905758,0.9201788830715532,1.2181500872600348,0.2181500872600349,0.5706806282722513
NHANES,model_c_extended_transport,Random Forest,naive_transfer,uncalibrated,dp_shift_atcp,0.9031413612565445,0.9035776614310644,0.8861038394415357,0.9197207678883071,1.175392670157068,0.17539267015706805,0.4895287958115183
NHANES,model_c_extended_transport,Random Forest,naive_transfer,uncalibrated,safety_gated_atcp,0.9092495636998255,0.9091186736474695,0.8944153577661431,0.924956369982548,1.0636998254799301,0.0636998254799302,0.3333333333333333
NHANES,model_c_extended_transport,Random Forest,naive_transfer,uncalibrated,safety_gated_shift_atcp,0.9092495636998255,0.9091186736474695,0.8944153577661431,0.924956369982548,1.0636998254799301,0.0636998254799302,0.3333333333333333
NHANES,model_c_extended_transport,Random Forest,naive_transfer,uncalibrated,multi_objective_safety_gated_atcp,0.9092495636998255,0.9091186736474695,0.8944153577661431,0.924956369982548,1.0636998254799301,0.0636998254799302,0.3333333333333333
NHANES,model_c_extended_transport,Random Forest,naive_transfer,uncalibrated,multi_objective_dp_shift_atcp,0.9092495636998255,0.9091186736474695,0.8944153577661431,0.924956369982548,1.0636998254799301,0.0636998254799302,0.3333333333333333
NHANES,model_c_extended_transport,Random Forest,label_shift_adjusted,label_shift,source_split_conformal,0.8769633507853403,0.8775828970331588,0.8603403141361257,0.8957460732984293,1.024432809773124,0.02443280977312391,0.2801047120418848
NHANES,model_c_extended_transport,Random Forest,label_shift_adjusted,label_shift,importance_weighted_source_conformal,0.8769633507853403,0.8775828970331588,0.8603403141361257,0.8957460732984293,1.024432809773124,0.02443280977312391,0.2801047120418848
NHANES,model_c_extended_transport,Random Forest,label_shift_adjusted,label_shift,target_only_conformal,0.918848167539267,0.9191303083187901,0.9040139616055847,0.9350130890052355,1.2390924956369982,0.23909249563699825,0.5977312390924956
NHANES,model_c_extended_transport,Random Forest,label_shift_adjusted,label_shift,adaptive_transport_conformal,0.8769633507853403,0.8775828970331588,0.8603403141361257,0.8957460732984293,1.024432809773124,0.02443280977312391,0.2801047120418848
NHANES,model_c_extended_transport,Random Forest,label_shift_adjusted,label_shift,weighted_target_dominant_atcp,0.918848167539267,0.9191303083187901,0.9040139616055847,0.9350130890052355,1.2294938917975566,0.22949389179755672,0.5785340314136126
NHANES,model_c_extended_transport,Random Forest,label_shift_adjusted,label_shift,shift_aware_source_trust_atcp,0.918848167539267,0.9191303083187901,0.9040139616055847,0.9350130890052355,1.2294938917975566,0.22949389179755672,0.5785340314136126
NHANES,model_c_extended_transport,Random Forest,label_shift_adjusted,label_shift,class_conditional_weighted_atcp,0.9179755671902269,0.9182984293193717,0.9026832460732984,0.9345986038394415,1.2006980802792322,0.2006980802792321,0.525305410122164
NHANES,model_c_extended_transport,Random Forest,label_shift_adjusted,label_shift,risk_asymmetric_shift_atcp,0.9040139616055847,0.9044095404304829,0.8869764397905758,0.9201788830715532,1.2181500872600348,0.2181500872600349,0.5706806282722513
NHANES,model_c_extended_transport,Random Forest,label_shift_adjusted,label_shift,dp_shift_atcp,0.9031413612565445,0.9035776614310644,0.8861038394415357,0.9197207678883071,1.175392670157068,0.17539267015706805,0.4895287958115183
NHANES,model_c_extended_transport,Random Forest,label_shift_adjusted,label_shift,safety_gated_atcp,0.918848167539267,0.9191303083187901,0.9040139616055847,0.9350130890052355,1.2294938917975566,0.22949389179755672,0.5785340314136126
NHANES,model_c_extended_transport,Random Forest,label_shift_adjusted,label_shift,safety_gated_shift_atcp,0.918848167539267,0.9191303083187901,0.9040139616055847,0.9350130890052355,1.2294938917975566,0.22949389179755672,0.5785340314136126
NHANES,model_c_extended_transport,Random Forest,label_shift_adjusted,label_shift,multi_objective_safety_gated_atcp,0.918848167539267,0.9191303083187901,0.9040139616055847,0.9350130890052355,1.2390924956369982,0.23909249563699825,0.5977312390924956
NHANES,model_c_extended_transport,Random Forest,label_shift_adjusted,label_shift,multi_objective_dp_shift_atcp,0.918848167539267,0.9191303083187901,0.9040139616055847,0.9350130890052355,1.2390924956369982,0.23909249563699825,0.5977312390924956
NHANES,model_c_extended_transport,Random Forest,fixed_recalibration_source_selected,isotonic,source_split_conformal,0.8595113438045375,0.8586387434554973,0.8389834205933682,0.8787085514834206,0.924956369982548,0.07504363001745201,0.5
NHANES,model_c_extended_transport,Random Forest,fixed_recalibration_source_selected,isotonic,importance_weighted_source_conformal,0.8595113438045375,0.8586387434554973,0.8389834205933682,0.8787085514834206,0.924956369982548,0.07504363001745201,0.5
NHANES,model_c_extended_transport,Random Forest,fixed_recalibration_source_selected,isotonic,target_only_conformal,0.900523560209424,0.9001221640488658,0.8808682373472949,0.9162303664921466,0.993891797556719,0.006108202443280977,0.4328097731239092
NHANES,model_c_extended_transport,Random Forest,fixed_recalibration_source_selected,isotonic,adaptive_transport_conformal,0.8595113438045375,0.8586387434554973,0.8389834205933682,0.8787085514834206,0.924956369982548,0.07504363001745201,0.5
NHANES,model_c_extended_transport,Random Forest,fixed_recalibration_source_selected,isotonic,weighted_target_dominant_atcp,0.900523560209424,0.9001221640488658,0.8808682373472949,0.9162303664921466,0.993891797556719,0.006108202443280977,0.4328097731239092
NHANES,model_c_extended_transport,Random Forest,fixed_recalibration_source_selected,isotonic,shift_aware_source_trust_atcp,0.900523560209424,0.9001221640488658,0.8808682373472949,0.9162303664921466,0.993891797556719,0.006108202443280977,0.4328097731239092
NHANES,model_c_extended_transport,Random Forest,fixed_recalibration_source_selected,isotonic,class_conditional_weighted_atcp,0.9380453752181501,0.9378475858057009,0.9240401396160558,0.9511343804537522,1.3403141361256545,0.3403141361256545,0.7635253054101222
NHANES,model_c_extended_transport,Random Forest,fixed_recalibration_source_selected,isotonic,risk_asymmetric_shift_atcp,0.9109947643979057,0.911390343222804,0.8952879581151832,0.9271596858638743,1.301047120418848,0.3010471204188482,0.7120418848167539
NHANES,model_c_extended_transport,Random Forest,fixed_recalibration_source_selected,isotonic,dp_shift_atcp,0.8900523560209425,0.8906922629435718,0.8730148342059336,0.9097076788830715,1.268760907504363,0.268760907504363,0.6684118673647469
NHANES,model_c_extended_transport,Random Forest,fixed_recalibration_source_selected,isotonic,safety_gated_atcp,0.900523560209424,0.9001221640488658,0.8808682373472949,0.9162303664921466,0.993891797556719,0.006108202443280977,0.4328097731239092
NHANES,model_c_extended_transport,Random Forest,fixed_recalibration_source_selected,isotonic,safety_gated_shift_atcp,0.900523560209424,0.9001221640488658,0.8808682373472949,0.9162303664921466,0.993891797556719,0.006108202443280977,0.4328097731239092
NHANES,model_c_extended_transport,Random Forest,fixed_recalibration_source_selected,isotonic,multi_objective_safety_gated_atcp,0.900523560209424,0.9001221640488658,0.8808682373472949,0.9162303664921466,0.993891797556719,0.006108202443280977,0.4328097731239092
NHANES,model_c_extended_transport,Random Forest,fixed_recalibration_source_selected,isotonic,multi_objective_dp_shift_atcp,0.900523560209424,0.9001221640488658,0.8808682373472949,0.9162303664921466,0.993891797556719,0.006108202443280977,0.4328097731239092
NHANES,model_c_extended_transport,Random Forest,adaptive_calibration_target_selected,isotonic,source_split_conformal,0.8595113438045375,0.8586387434554973,0.8389834205933682,0.8787085514834206,0.924956369982548,0.07504363001745201,0.5
NHANES,model_c_extended_transport,Random Forest,adaptive_calibration_target_selected,isotonic,importance_weighted_source_conformal,0.8595113438045375,0.8586387434554973,0.8389834205933682,0.8787085514834206,0.924956369982548,0.07504363001745201,0.5
NHANES,model_c_extended_transport,Random Forest,adaptive_calibration_target_selected,isotonic,target_only_conformal,0.900523560209424,0.9001221640488658,0.8808682373472949,0.9162303664921466,0.993891797556719,0.006108202443280977,0.4328097731239092
NHANES,model_c_extended_transport,Random Forest,adaptive_calibration_target_selected,isotonic,adaptive_transport_conformal,0.8595113438045375,0.8586387434554973,0.8389834205933682,0.8787085514834206,0.924956369982548,0.07504363001745201,0.5
NHANES,model_c_extended_transport,Random Forest,adaptive_calibration_target_selected,isotonic,weighted_target_dominant_atcp,0.900523560209424,0.9001221640488658,0.8808682373472949,0.9162303664921466,0.993891797556719,0.006108202443280977,0.4328097731239092
NHANES,model_c_extended_transport,Random Forest,adaptive_calibration_target_selected,isotonic,shift_aware_source_trust_atcp,0.900523560209424,0.9001221640488658,0.8808682373472949,0.9162303664921466,0.993891797556719,0.006108202443280977,0.4328097731239092
NHANES,model_c_extended_transport,Random Forest,adaptive_calibration_target_selected,isotonic,class_conditional_weighted_atcp,0.9380453752181501,0.9378475858057009,0.9240401396160558,0.9511343804537522,1.3403141361256545,0.3403141361256545,0.7635253054101222
NHANES,model_c_extended_transport,Random Forest,adaptive_calibration_target_selected,isotonic,risk_asymmetric_shift_atcp,0.9109947643979057,0.911390343222804,0.8952879581151832,0.9271596858638743,1.301047120418848,0.3010471204188482,0.7120418848167539
NHANES,model_c_extended_transport,Random Forest,adaptive_calibration_target_selected,isotonic,dp_shift_atcp,0.8900523560209425,0.8906922629435718,0.8730148342059336,0.9097076788830715,1.268760907504363,0.268760907504363,0.6684118673647469
NHANES,model_c_extended_transport,Random Forest,adaptive_calibration_target_selected,isotonic,safety_gated_atcp,0.900523560209424,0.9001221640488658,0.8808682373472949,0.9162303664921466,0.993891797556719,0.006108202443280977,0.4328097731239092
NHANES,model_c_extended_transport,Random Forest,adaptive_calibration_target_selected,isotonic,safety_gated_shift_atcp,0.900523560209424,0.9001221640488658,0.8808682373472949,0.9162303664921466,0.993891797556719,0.006108202443280977,0.4328097731239092
NHANES,model_c_extended_transport,Random Forest,adaptive_calibration_target_selected,isotonic,multi_objective_safety_gated_atcp,0.900523560209424,0.9001221640488658,0.8808682373472949,0.9162303664921466,0.993891797556719,0.006108202443280977,0.4328097731239092
NHANES,model_c_extended_transport,Random Forest,adaptive_calibration_target_selected,isotonic,multi_objective_dp_shift_atcp,0.900523560209424,0.9001221640488658,0.8808682373472949,0.9162303664921466,0.993891797556719,0.006108202443280977,0.4328097731239092
Pima,model_c_extended_transport,Random Forest,naive_transfer,uncalibrated,source_split_conformal,0.6822916666666666,0.6795225694444443,0.6328125,0.7279296874999999,0.9765625,0.0234375,1.3645833333333333
Pima,model_c_extended_transport,Random Forest,naive_transfer,uncalibrated,importance_weighted_source_conformal,0.6875,0.6847569444444443,0.640625,0.7317708333333334,0.9895833333333334,0.010416666666666666,1.3541666666666667
Pima,model_c_extended_transport,Random Forest,naive_transfer,uncalibrated,target_only_conformal,0.9322916666666666,0.9324652777777779,0.9036458333333334,0.9570963541666666,1.4869791666666667,0.4869791666666667,1.3125
Pima,model_c_extended_transport,Random Forest,naive_transfer,uncalibrated,adaptive_transport_conformal,0.6875,0.6847569444444443,0.640625,0.7317708333333334,0.9921875,0.0078125,1.3489583333333333
Pima,model_c_extended_transport,Random Forest,naive_transfer,uncalibrated,weighted_target_dominant_atcp,0.9322916666666666,0.9324652777777779,0.9036458333333334,0.9570963541666666,1.484375,0.484375,1.3072916666666667
Pima,model_c_extended_transport,Random Forest,naive_transfer,uncalibrated,shift_aware_source_trust_atcp,0.9322916666666666,0.9324652777777779,0.9036458333333334,0.9570963541666666,1.484375,0.484375,1.3072916666666667
Pima,model_c_extended_transport,Random Forest,naive_transfer,uncalibrated,class_conditional_weighted_atcp,0.9166666666666666,0.914748263888889,0.8878906249999999,0.9401041666666666,1.53125,0.53125,1.2291666666666667
Pima,model_c_extended_transport,Random Forest,naive_transfer,uncalibrated,risk_asymmetric_shift_atcp,0.90625,0.90453125,0.8762369791666667,0.9310546874999999,1.5364583333333333,0.5364583333333334,1.2291666666666667
Pima,model_c_extended_transport,Random Forest,naive_transfer,uncalibrated,dp_shift_atcp,0.8776041666666666,0.8761631944444446,0.8463541666666666,0.9088541666666666,1.4479166666666667,0.4479166666666667,1.1015625
Pima,model_c_extended_transport,Random Forest,naive_transfer,uncalibrated,safety_gated_atcp,0.9322916666666666,0.9324652777777779,0.9036458333333334,0.9570963541666666,1.484375,0.484375,1.3072916666666667
Pima,model_c_extended_transport,Random Forest,naive_transfer,uncalibrated,safety_gated_shift_atcp,0.9322916666666666,0.9324652777777779,0.9036458333333334,0.9570963541666666,1.484375,0.484375,1.3072916666666667
Pima,model_c_extended_transport,Random Forest,naive_transfer,uncalibrated,multi_objective_safety_gated_atcp,0.9322916666666666,0.9324652777777779,0.9036458333333334,0.9570963541666666,1.484375,0.484375,1.3072916666666667
Pima,model_c_extended_transport,Random Forest,naive_transfer,uncalibrated,multi_objective_dp_shift_atcp,0.9322916666666666,0.9324652777777779,0.9036458333333334,0.9570963541666666,1.4869791666666667,0.4869791666666667,1.3125
Pima,model_c_extended_transport,Random Forest,label_shift_adjusted,label_shift,source_split_conformal,0.9427083333333334,0.9412586805555556,0.9166666666666666,0.9635416666666666,1.796875,0.796875,1.6510416666666667
Pima,model_c_extended_transport,Random Forest,label_shift_adjusted,label_shift,importance_weighted_source_conformal,0.9453125,0.9438975694444444,0.9192708333333334,0.9649088541666666,1.8072916666666667,0.8072916666666666,1.6692708333333333
Pima,model_c_extended_transport,Random Forest,label_shift_adjusted,label_shift,target_only_conformal,0.9010416666666666,0.9002256944444446,0.8723958333333334,0.9270833333333334,1.5755208333333333,0.5755208333333334,1.2604166666666667
Pima,model_c_extended_transport,Random Forest,label_shift_adjusted,label_shift,adaptive_transport_conformal,0.9427083333333334,0.9412586805555556,0.9166666666666666,0.9635416666666666,1.7942708333333333,0.7942708333333334,1.6458333333333333
Pima,model_c_extended_transport,Random Forest,label_shift_adjusted,label_shift,weighted_target_dominant_atcp,0.9010416666666666,0.9002256944444446,0.8723958333333334,0.9270833333333334,1.5729166666666667,0.5729166666666666,1.2552083333333333
Pima,model_c_extended_transport,Random Forest,label_shift_adjusted,label_shift,shift_aware_source_trust_atcp,0.9010416666666666,0.9002256944444446,0.8723958333333334,0.9270833333333334,1.5729166666666667,0.5729166666666666,1.2552083333333333
Pima,model_c_extended_transport,Random Forest,label_shift_adjusted,label_shift,class_conditional_weighted_atcp,0.9166666666666666,0.914748263888889,0.8878906249999999,0.9401041666666666,1.53125,0.53125,1.2291666666666667
Pima,model_c_extended_transport,Random Forest,label_shift_adjusted,label_shift,risk_asymmetric_shift_atcp,0.90625,0.90453125,0.8762369791666667,0.9310546874999999,1.5364583333333333,0.5364583333333334,1.2291666666666667
Pima,model_c_extended_transport,Random Forest,label_shift_adjusted,label_shift,dp_shift_atcp,0.8776041666666666,0.8761631944444446,0.8463541666666666,0.9088541666666666,1.4479166666666667,0.4479166666666667,1.1015625
Pima,model_c_extended_transport,Random Forest,label_shift_adjusted,label_shift,safety_gated_atcp,0.9010416666666666,0.9002256944444446,0.8723958333333334,0.9270833333333334,1.5729166666666667,0.5729166666666666,1.2552083333333333
Pima,model_c_extended_transport,Random Forest,label_shift_adjusted,label_shift,safety_gated_shift_atcp,0.9010416666666666,0.9002256944444446,0.8723958333333334,0.9270833333333334,1.5729166666666667,0.5729166666666666,1.2552083333333333
Pima,model_c_extended_transport,Random Forest,label_shift_adjusted,label_shift,multi_objective_safety_gated_atcp,0.9010416666666666,0.9002256944444446,0.8723958333333334,0.9270833333333334,1.5729166666666667,0.5729166666666666,1.2552083333333333
Pima,model_c_extended_transport,Random Forest,label_shift_adjusted,label_shift,multi_objective_dp_shift_atcp,0.9010416666666666,0.9002256944444446,0.8723958333333334,0.9270833333333334,1.5755208333333333,0.5755208333333334,1.2604166666666667
Pima,model_c_extended_transport,Random Forest,fixed_recalibration_source_selected,isotonic,source_split_conformal,0.8072916666666666,0.8060677083333333,0.765625,0.8503255208333332,1.2135416666666667,0.21354166666666666,1.2239583333333333
Pima,model_c_extended_transport,Random Forest,fixed_recalibration_source_selected,isotonic,importance_weighted_source_conformal,0.8072916666666666,0.8060677083333333,0.765625,0.8503255208333332,1.2135416666666667,0.21354166666666666,1.2239583333333333
Pima,model_c_extended_transport,Random Forest,fixed_recalibration_source_selected,isotonic,target_only_conformal,0.9348958333333334,0.9341145833333333,0.9088541666666666,0.9609375,1.5442708333333333,0.5442708333333334,1.2682291666666667
Pima,model_c_extended_transport,Random Forest,fixed_recalibration_source_selected,isotonic,adaptive_transport_conformal,0.8072916666666666,0.8060677083333333,0.765625,0.8503255208333332,1.2135416666666667,0.21354166666666666,1.2239583333333333
Pima,model_c_extended_transport,Random Forest,fixed_recalibration_source_selected,isotonic,weighted_target_dominant_atcp,0.9114583333333334,0.9107899305555558,0.8828125,0.9375,1.4401041666666667,0.4401041666666667,1.1666666666666667
Pima,model_c_extended_transport,Random Forest,fixed_recalibration_source_selected,isotonic,shift_aware_source_trust_atcp,0.9114583333333334,0.9107899305555558,0.8828125,0.9375,1.4401041666666667,0.4401041666666667,1.1666666666666667
Pima,model_c_extended_transport,Random Forest,fixed_recalibration_source_selected,isotonic,class_conditional_weighted_atcp,0.9505208333333334,0.9494010416666666,0.9283203125,0.96875,1.6796875,0.6796875,1.4401041666666667
Pima,model_c_extended_transport,Random Forest,fixed_recalibration_source_selected,isotonic,risk_asymmetric_shift_atcp,0.9505208333333334,0.9494010416666666,0.9283203125,0.96875,1.6796875,0.6796875,1.4401041666666667
Pima,model_c_extended_transport,Random Forest,fixed_recalibration_source_selected,isotonic,dp_shift_atcp,0.9505208333333334,0.9494010416666666,0.9283203125,0.96875,1.6796875,0.6796875,1.4401041666666667
Pima,model_c_extended_transport,Random Forest,fixed_recalibration_source_selected,isotonic,safety_gated_atcp,0.9114583333333334,0.9107899305555558,0.8828125,0.9375,1.4401041666666667,0.4401041666666667,1.1666666666666667
Pima,model_c_extended_transport,Random Forest,fixed_recalibration_source_selected,isotonic,safety_gated_shift_atcp,0.9114583333333334,0.9107899305555558,0.8828125,0.9375,1.4401041666666667,0.4401041666666667,1.1666666666666667
Pima,model_c_extended_transport,Random Forest,fixed_recalibration_source_selected,isotonic,multi_objective_safety_gated_atcp,0.9114583333333334,0.9107899305555558,0.8828125,0.9375,1.4401041666666667,0.4401041666666667,1.1666666666666667
Pima,model_c_extended_transport,Random Forest,fixed_recalibration_source_selected,isotonic,multi_objective_dp_shift_atcp,0.9505208333333334,0.9494010416666666,0.9283203125,0.96875,1.6796875,0.6796875,1.4401041666666667
Pima,model_c_extended_transport,Random Forest,adaptive_calibration_target_selected,platt,source_split_conformal,0.8333333333333334,0.8322482638888888,0.7929036458333333,0.8711588541666666,1.2265625,0.2265625,1.0677083333333333
Pima,model_c_extended_transport,Random Forest,adaptive_calibration_target_selected,platt,importance_weighted_source_conformal,0.8359375,0.834782986111111,0.7955078125,0.875,1.2317708333333333,0.23177083333333334,1.0651041666666667
Pima,model_c_extended_transport,Random Forest,adaptive_calibration_target_selected,platt,target_only_conformal,0.9244791666666666,0.9247916666666667,0.8970703125,0.9505208333333334,1.4765625,0.4765625,1.2265625
Pima,model_c_extended_transport,Random Forest,adaptive_calibration_target_selected,platt,adaptive_transport_conformal,0.8333333333333334,0.8322482638888888,0.7929036458333333,0.8711588541666666,1.2265625,0.2265625,1.0677083333333333
Pima,model_c_extended_transport,Random Forest,adaptive_calibration_target_selected,platt,weighted_target_dominant_atcp,0.9244791666666666,0.9247916666666667,0.8970703125,0.9505208333333334,1.4765625,0.4765625,1.2265625
Pima,model_c_extended_transport,Random Forest,adaptive_calibration_target_selected,platt,shift_aware_source_trust_atcp,0.9244791666666666,0.9247916666666667,0.8970703125,0.9505208333333334,1.4765625,0.4765625,1.2265625
Pima,model_c_extended_transport,Random Forest,adaptive_calibration_target_selected,platt,class_conditional_weighted_atcp,0.9166666666666666,0.914748263888889,0.8878906249999999,0.9401041666666666,1.53125,0.53125,1.2291666666666667
Pima,model_c_extended_transport,Random Forest,adaptive_calibration_target_selected,platt,risk_asymmetric_shift_atcp,0.90625,0.90453125,0.8762369791666667,0.9310546874999999,1.5364583333333333,0.5364583333333334,1.2291666666666667
Pima,model_c_extended_transport,Random Forest,adaptive_calibration_target_selected,platt,dp_shift_atcp,0.8776041666666666,0.8761631944444446,0.8463541666666666,0.9088541666666666,1.4479166666666667,0.4479166666666667,1.1015625
Pima,model_c_extended_transport,Random Forest,adaptive_calibration_target_selected,platt,safety_gated_atcp,0.9244791666666666,0.9247916666666667,0.8970703125,0.9505208333333334,1.4765625,0.4765625,1.2265625
Pima,model_c_extended_transport,Random Forest,adaptive_calibration_target_selected,platt,safety_gated_shift_atcp,0.9244791666666666,0.9247916666666667,0.8970703125,0.9505208333333334,1.4765625,0.4765625,1.2265625
Pima,model_c_extended_transport,Random Forest,adaptive_calibration_target_selected,platt,multi_objective_safety_gated_atcp,0.9244791666666666,0.9247916666666667,0.8970703125,0.9505208333333334,1.4765625,0.4765625,1.2265625
Pima,model_c_extended_transport,Random Forest,adaptive_calibration_target_selected,platt,multi_objective_dp_shift_atcp,0.9244791666666666,0.9247916666666667,0.8970703125,0.9505208333333334,1.4765625,0.4765625,1.2265625
NHANES,model_c_extended_transport,XGBoost,naive_transfer,uncalibrated,source_split_conformal,0.8743455497382199,0.874456079115765,0.8538176265270505,0.894000872600349,0.9397905759162304,0.060209424083769635,0.45898778359511344
NHANES,model_c_extended_transport,XGBoost,naive_transfer,uncalibrated,importance_weighted_source_conformal,0.8743455497382199,0.874456079115765,0.8538176265270505,0.894000872600349,0.9424083769633508,0.05759162303664921,0.4642233856893543
NHANES,model_c_extended_transport,XGBoost,naive_transfer,uncalibrated,target_only_conformal,0.8865619546247818,0.8864077952297849,0.8660340314136126,0.9044720767888307,0.9633507853403142,0.03664921465968586,0.44153577661431065
NHANES,model_c_extended_transport,XGBoost,naive_transfer,uncalibrated,adaptive_transport_conformal,0.8743455497382199,0.874456079115765,0.8538176265270505,0.894000872600349,0.9397905759162304,0.060209424083769635,0.45898778359511344
NHANES,model_c_extended_transport,XGBoost,naive_transfer,uncalibrated,weighted_target_dominant_atcp,0.8848167539267016,0.8847207678883073,0.8638743455497382,0.9022687609075044,0.9572425828970331,0.04275741710296684,0.44153577661431065
NHANES,model_c_extended_transport,XGBoost,naive_transfer,uncalibrated,shift_aware_source_trust_atcp,0.8848167539267016,0.8847207678883073,0.8638743455497382,0.9022687609075044,0.9572425828970331,0.04275741710296684,0.44153577661431065
NHANES,model_c_extended_transport,XGBoost,naive_transfer,uncalibrated,class_conditional_weighted_atcp,0.8944153577661431,0.8949825479930192,0.8760907504363001,0.912739965095986,1.1099476439790577,0.1099476439790576,0.38481675392670156
NHANES,model_c_extended_transport,XGBoost,naive_transfer,uncalibrated,risk_asymmetric_shift_atcp,0.8909249563699826,0.8914019778941245,0.8726003490401396,0.9097076788830715,1.1195462478184992,0.11954624781849912,0.393542757417103
NHANES,model_c_extended_transport,XGBoost,naive_transfer,uncalibrated,dp_shift_atcp,0.8743455497382199,0.8745287958115184,0.8542757417102966,0.893542757417103,1.0828970331588132,0.08289703315881326,0.3507853403141361
NHANES,model_c_extended_transport,XGBoost,naive_transfer,uncalibrated,safety_gated_atcp,0.8848167539267016,0.8847207678883073,0.8638743455497382,0.9022687609075044,0.9572425828970331,0.04275741710296684,0.44153577661431065
NHANES,model_c_extended_transport,XGBoost,naive_transfer,uncalibrated,safety_gated_shift_atcp,0.8848167539267016,0.8847207678883073,0.8638743455497382,0.9022687609075044,0.9572425828970331,0.04275741710296684,0.44153577661431065
NHANES,model_c_extended_transport,XGBoost,naive_transfer,uncalibrated,multi_objective_safety_gated_atcp,0.8848167539267016,0.8847207678883073,0.8638743455497382,0.9022687609075044,0.9572425828970331,0.04275741710296684,0.44153577661431065
NHANES,model_c_extended_transport,XGBoost,naive_transfer,uncalibrated,multi_objective_dp_shift_atcp,0.8865619546247818,0.8864077952297849,0.8660340314136126,0.9044720767888307,0.9633507853403142,0.03664921465968586,0.44153577661431065
NHANES,model_c_extended_transport,XGBoost,label_shift_adjusted,label_shift,source_split_conformal,0.8891797556719022,0.8891244909831296,0.8691099476439791,0.9070898778359511,0.9581151832460733,0.041884816753926704,0.4075043630017452
NHANES,model_c_extended_transport,XGBoost,label_shift_adjusted,label_shift,importance_weighted_source_conformal,0.8900523560209425,0.8898138452588714,0.8699825479930192,0.9079624781849912,0.9616055846422339,0.038394415357766144,0.41012216404886565
NHANES,model_c_extended_transport,XGBoost,label_shift_adjusted,label_shift,target_only_conformal,0.8891797556719022,0.8891244909831296,0.8691099476439791,0.9070898778359511,0.9581151832460733,0.041884816753926704,0.4075043630017452
NHANES,model_c_extended_transport,XGBoost,label_shift_adjusted,label_shift,adaptive_transport_conformal,0.8891797556719022,0.8891244909831296,0.8691099476439791,0.9070898778359511,0.9581151832460733,0.041884816753926704,0.4075043630017452
NHANES,model_c_extended_transport,XGBoost,label_shift_adjusted,label_shift,weighted_target_dominant_atcp,0.8891797556719022,0.8891244909831296,0.8691099476439791,0.9070898778359511,0.9581151832460733,0.041884816753926704,0.4075043630017452
NHANES,model_c_extended_transport,XGBoost,label_shift_adjusted,label_shift,shift_aware_source_trust_atcp,0.8891797556719022,0.8891244909831296,0.8691099476439791,0.9070898778359511,0.9581151832460733,0.041884816753926704,0.4075043630017452
NHANES,model_c_extended_transport,XGBoost,label_shift_adjusted,label_shift,class_conditional_weighted_atcp,0.9397905759162304,0.9400668993600931,0.9258289703315882,0.9537521815008726,1.1352530541012216,0.13525305410122165,0.4075043630017452
NHANES,model_c_extended_transport,XGBoost,label_shift_adjusted,label_shift,risk_asymmetric_shift_atcp,0.8909249563699826,0.8914019778941245,0.8726003490401396,0.9097076788830715,1.1195462478184992,0.11954624781849912,0.393542757417103
NHANES,model_c_extended_transport,XGBoost,label_shift_adjusted,label_shift,dp_shift_atcp,0.8743455497382199,0.8745287958115184,0.8542757417102966,0.893542757417103,1.0828970331588132,0.08289703315881326,0.3507853403141361
NHANES,model_c_extended_transport,XGBoost,label_shift_adjusted,label_shift,safety_gated_atcp,0.8891797556719022,0.8891244909831296,0.8691099476439791,0.9070898778359511,0.9581151832460733,0.041884816753926704,0.4075043630017452
NHANES,model_c_extended_transport,XGBoost,label_shift_adjusted,label_shift,safety_gated_shift_atcp,0.8891797556719022,0.8891244909831296,0.8691099476439791,0.9070898778359511,0.9581151832460733,0.041884816753926704,0.4075043630017452
NHANES,model_c_extended_transport,XGBoost,label_shift_adjusted,label_shift,multi_objective_safety_gated_atcp,0.8891797556719022,0.8891244909831296,0.8691099476439791,0.9070898778359511,0.9581151832460733,0.041884816753926704,0.4075043630017452
NHANES,model_c_extended_transport,XGBoost,label_shift_adjusted,label_shift,multi_objective_dp_shift_atcp,0.8891797556719022,0.8891244909831296,0.8691099476439791,0.9070898778359511,0.9581151832460733,0.041884816753926704,0.4075043630017452
NHANES,model_c_extended_transport,XGBoost,fixed_recalibration_source_selected,uncalibrated,source_split_conformal,0.8743455497382199,0.874456079115765,0.8538176265270505,0.894000872600349,0.9397905759162304,0.060209424083769635,0.45898778359511344
NHANES,model_c_extended_transport,XGBoost,fixed_recalibration_source_selected,uncalibrated,importance_weighted_source_conformal,0.8743455497382199,0.874456079115765,0.8538176265270505,0.894000872600349,0.9424083769633508,0.05759162303664921,0.4642233856893543
NHANES,model_c_extended_transport,XGBoost,fixed_recalibration_source_selected,uncalibrated,target_only_conformal,0.8865619546247818,0.8864077952297849,0.8660340314136126,0.9044720767888307,0.9633507853403142,0.03664921465968586,0.44153577661431065
NHANES,model_c_extended_transport,XGBoost,fixed_recalibration_source_selected,uncalibrated,adaptive_transport_conformal,0.8743455497382199,0.874456079115765,0.8538176265270505,0.894000872600349,0.9397905759162304,0.060209424083769635,0.45898778359511344
NHANES,model_c_extended_transport,XGBoost,fixed_recalibration_source_selected,uncalibrated,weighted_target_dominant_atcp,0.8848167539267016,0.8847207678883073,0.8638743455497382,0.9022687609075044,0.9572425828970331,0.04275741710296684,0.44153577661431065
NHANES,model_c_extended_transport,XGBoost,fixed_recalibration_source_selected,uncalibrated,shift_aware_source_trust_atcp,0.8848167539267016,0.8847207678883073,0.8638743455497382,0.9022687609075044,0.9572425828970331,0.04275741710296684,0.44153577661431065
NHANES,model_c_extended_transport,XGBoost,fixed_recalibration_source_selected,uncalibrated,class_conditional_weighted_atcp,0.8944153577661431,0.8949825479930192,0.8760907504363001,0.912739965095986,1.1099476439790577,0.1099476439790576,0.38481675392670156
NHANES,model_c_extended_transport,XGBoost,fixed_recalibration_source_selected,uncalibrated,risk_asymmetric_shift_atcp,0.8909249563699826,0.8914019778941245,0.8726003490401396,0.9097076788830715,1.1195462478184992,0.11954624781849912,0.393542757417103
NHANES,model_c_extended_transport,XGBoost,fixed_recalibration_source_selected,uncalibrated,dp_shift_atcp,0.8743455497382199,0.8745287958115184,0.8542757417102966,0.893542757417103,1.0828970331588132,0.08289703315881326,0.3507853403141361
NHANES,model_c_extended_transport,XGBoost,fixed_recalibration_source_selected,uncalibrated,safety_gated_atcp,0.8848167539267016,0.8847207678883073,0.8638743455497382,0.9022687609075044,0.9572425828970331,0.04275741710296684,0.44153577661431065
NHANES,model_c_extended_transport,XGBoost,fixed_recalibration_source_selected,uncalibrated,safety_gated_shift_atcp,0.8848167539267016,0.8847207678883073,0.8638743455497382,0.9022687609075044,0.9572425828970331,0.04275741710296684,0.44153577661431065
NHANES,model_c_extended_transport,XGBoost,fixed_recalibration_source_selected,uncalibrated,multi_objective_safety_gated_atcp,0.8848167539267016,0.8847207678883073,0.8638743455497382,0.9022687609075044,0.9572425828970331,0.04275741710296684,0.44153577661431065
NHANES,model_c_extended_transport,XGBoost,fixed_recalibration_source_selected,uncalibrated,multi_objective_dp_shift_atcp,0.8865619546247818,0.8864077952297849,0.8660340314136126,0.9044720767888307,0.9633507853403142,0.03664921465968586,0.44153577661431065
NHANES,model_c_extended_transport,XGBoost,adaptive_calibration_target_selected,isotonic,source_split_conformal,0.8891797556719022,0.8891244909831296,0.8691099476439791,0.9070898778359511,0.9581151832460733,0.041884816753926704,0.4075043630017452
NHANES,model_c_extended_transport,XGBoost,adaptive_calibration_target_selected,isotonic,importance_weighted_source_conformal,0.8900523560209425,0.8898138452588714,0.8699825479930192,0.9079624781849912,0.9616055846422339,0.038394415357766144,0.41012216404886565
NHANES,model_c_extended_transport,XGBoost,adaptive_calibration_target_selected,isotonic,target_only_conformal,0.8891797556719022,0.8891244909831296,0.8691099476439791,0.9070898778359511,0.9581151832460733,0.041884816753926704,0.4075043630017452
NHANES,model_c_extended_transport,XGBoost,adaptive_calibration_target_selected,isotonic,adaptive_transport_conformal,0.8891797556719022,0.8891244909831296,0.8691099476439791,0.9070898778359511,0.9581151832460733,0.041884816753926704,0.4075043630017452
NHANES,model_c_extended_transport,XGBoost,adaptive_calibration_target_selected,isotonic,weighted_target_dominant_atcp,0.8891797556719022,0.8891244909831296,0.8691099476439791,0.9070898778359511,0.9581151832460733,0.041884816753926704,0.4075043630017452
NHANES,model_c_extended_transport,XGBoost,adaptive_calibration_target_selected,isotonic,shift_aware_source_trust_atcp,0.8891797556719022,0.8891244909831296,0.8691099476439791,0.9070898778359511,0.9581151832460733,0.041884816753926704,0.4075043630017452
NHANES,model_c_extended_transport,XGBoost,adaptive_calibration_target_selected,isotonic,class_conditional_weighted_atcp,0.9083769633507853,0.9087550901687028,0.8904668411867365,0.9262870855148342,1.1413612565445026,0.14136125654450263,0.41972076788830714
NHANES,model_c_extended_transport,XGBoost,adaptive_calibration_target_selected,isotonic,risk_asymmetric_shift_atcp,0.9083769633507853,0.9087550901687028,0.8904668411867365,0.9262870855148342,1.1413612565445026,0.14136125654450263,0.41972076788830714
NHANES,model_c_extended_transport,XGBoost,adaptive_calibration_target_selected,isotonic,dp_shift_atcp,0.87521815008726,0.8752966841186738,0.856020942408377,0.8952879581151832,1.100349040139616,0.10034904013961606,0.37085514834205935
NHANES,model_c_extended_transport,XGBoost,adaptive_calibration_target_selected,isotonic,safety_gated_atcp,0.8891797556719022,0.8891244909831296,0.8691099476439791,0.9070898778359511,0.9581151832460733,0.041884816753926704,0.4075043630017452
NHANES,model_c_extended_transport,XGBoost,adaptive_calibration_target_selected,isotonic,safety_gated_shift_atcp,0.8891797556719022,0.8891244909831296,0.8691099476439791,0.9070898778359511,0.9581151832460733,0.041884816753926704,0.4075043630017452
NHANES,model_c_extended_transport,XGBoost,adaptive_calibration_target_selected,isotonic,multi_objective_safety_gated_atcp,0.8891797556719022,0.8891244909831296,0.8691099476439791,0.9070898778359511,0.9581151832460733,0.041884816753926704,0.4075043630017452
NHANES,model_c_extended_transport,XGBoost,adaptive_calibration_target_selected,isotonic,multi_objective_dp_shift_atcp,0.8891797556719022,0.8891244909831296,0.8691099476439791,0.9070898778359511,0.9581151832460733,0.041884816753926704,0.4075043630017452
Pima,model_c_extended_transport,XGBoost,naive_transfer,uncalibrated,source_split_conformal,0.6015625,0.5976909722222222,0.5455078125,0.6498046874999999,0.8619791666666666,0.13802083333333334,1.7161458333333333
Pima,model_c_extended_transport,XGBoost,naive_transfer,uncalibrated,importance_weighted_source_conformal,0.6067708333333334,0.6029079861111111,0.5507161458333333,0.6524088541666666,0.8854166666666666,0.11458333333333333,1.7369791666666667
Pima,model_c_extended_transport,XGBoost,naive_transfer,uncalibrated,target_only_conformal,0.90625,0.9065625,0.8802083333333334,0.9348958333333334,1.4791666666666667,0.4791666666666667,1.4270833333333333
Pima,model_c_extended_transport,XGBoost,naive_transfer,uncalibrated,adaptive_transport_conformal,0.6041666666666666,0.600234375,0.5481119791666667,0.6510416666666666,0.875,0.125,1.7291666666666667
Pima,model_c_extended_transport,XGBoost,naive_transfer,uncalibrated,weighted_target_dominant_atcp,0.90625,0.9065625,0.8802083333333334,0.9348958333333334,1.4765625,0.4765625,1.421875
Pima,model_c_extended_transport,XGBoost,naive_transfer,uncalibrated,shift_aware_source_trust_atcp,0.90625,0.9065625,0.8802083333333334,0.9348958333333334,1.4765625,0.4765625,1.421875
Pima,model_c_extended_transport,XGBoost,naive_transfer,uncalibrated,class_conditional_weighted_atcp,0.8958333333333334,0.8938802083333334,0.8645833333333334,0.9232421874999999,1.4973958333333333,0.4973958333333333,1.203125
Pima,model_c_extended_transport,XGBoost,naive_transfer,uncalibrated,risk_asymmetric_shift_atcp,0.8880208333333334,0.8866840277777779,0.8540364583333333,0.9154296874999999,1.4739583333333333,0.4739583333333333,1.1328125
Pima,model_c_extended_transport,XGBoost,naive_transfer,uncalibrated,dp_shift_atcp,0.8645833333333334,0.8638020833333333,0.8307291666666666,0.8958333333333334,1.4140625,0.4140625,1.0677083333333333
Pima,model_c_extended_transport,XGBoost,naive_transfer,uncalibrated,safety_gated_atcp,0.90625,0.9065625,0.8802083333333334,0.9348958333333334,1.4765625,0.4765625,1.421875
Pima,model_c_extended_transport,XGBoost,naive_transfer,uncalibrated,safety_gated_shift_atcp,0.90625,0.9065625,0.8802083333333334,0.9348958333333334,1.4765625,0.4765625,1.421875
Pima,model_c_extended_transport,XGBoost,naive_transfer,uncalibrated,multi_objective_safety_gated_atcp,0.90625,0.9065625,0.8802083333333334,0.9348958333333334,1.4765625,0.4765625,1.421875
Pima,model_c_extended_transport,XGBoost,naive_transfer,uncalibrated,multi_objective_dp_shift_atcp,0.8645833333333334,0.8638020833333333,0.8307291666666666,0.8958333333333334,1.4140625,0.4140625,1.0677083333333333
Pima,model_c_extended_transport,XGBoost,label_shift_adjusted,label_shift,source_split_conformal,0.6223958333333334,0.619140625,0.5677083333333334,0.6692708333333334,0.9010416666666666,0.09895833333333333,1.5963541666666667
Pima,model_c_extended_transport,XGBoost,label_shift_adjusted,label_shift,importance_weighted_source_conformal,0.625,0.6216319444444444,0.5689453125,0.671875,0.9036458333333334,0.09635416666666667,1.5885416666666667
Pima,model_c_extended_transport,XGBoost,label_shift_adjusted,label_shift,target_only_conformal,0.90625,0.9065625,0.8802083333333334,0.9348958333333334,1.4791666666666667,0.4791666666666667,1.4270833333333333
Pima,model_c_extended_transport,XGBoost,label_shift_adjusted,label_shift,adaptive_transport_conformal,0.625,0.6216319444444444,0.5689453125,0.671875,0.9036458333333334,0.09635416666666667,1.5885416666666667
Pima,model_c_extended_transport,XGBoost,label_shift_adjusted,label_shift,weighted_target_dominant_atcp,0.90625,0.9065625,0.8802083333333334,0.9348958333333334,1.4765625,0.4765625,1.421875
Pima,model_c_extended_transport,XGBoost,label_shift_adjusted,label_shift,shift_aware_source_trust_atcp,0.90625,0.9065625,0.8802083333333334,0.9348958333333334,1.4765625,0.4765625,1.421875
Pima,model_c_extended_transport,XGBoost,label_shift_adjusted,label_shift,class_conditional_weighted_atcp,0.8958333333333334,0.8938802083333334,0.8645833333333334,0.9232421874999999,1.4973958333333333,0.4973958333333333,1.203125
Pima,model_c_extended_transport,XGBoost,label_shift_adjusted,label_shift,risk_asymmetric_shift_atcp,0.8880208333333334,0.8866840277777779,0.8540364583333333,0.9154296874999999,1.4739583333333333,0.4739583333333333,1.1328125
Pima,model_c_extended_transport,XGBoost,label_shift_adjusted,label_shift,dp_shift_atcp,0.8645833333333334,0.8638020833333333,0.8307291666666666,0.8958333333333334,1.4140625,0.4140625,1.0677083333333333
Pima,model_c_extended_transport,XGBoost,label_shift_adjusted,label_shift,safety_gated_atcp,0.90625,0.9065625,0.8802083333333334,0.9348958333333334,1.4765625,0.4765625,1.421875
Pima,model_c_extended_transport,XGBoost,label_shift_adjusted,label_shift,safety_gated_shift_atcp,0.90625,0.9065625,0.8802083333333334,0.9348958333333334,1.4765625,0.4765625,1.421875
Pima,model_c_extended_transport,XGBoost,label_shift_adjusted,label_shift,multi_objective_safety_gated_atcp,0.90625,0.9065625,0.8802083333333334,0.9348958333333334,1.4765625,0.4765625,1.421875
Pima,model_c_extended_transport,XGBoost,label_shift_adjusted,label_shift,multi_objective_dp_shift_atcp,0.8645833333333334,0.8638020833333333,0.8307291666666666,0.8958333333333334,1.4140625,0.4140625,1.0677083333333333
Pima,model_c_extended_transport,XGBoost,fixed_recalibration_source_selected,uncalibrated,source_split_conformal,0.6015625,0.5976909722222222,0.5455078125,0.6498046874999999,0.8619791666666666,0.13802083333333334,1.7161458333333333
Pima,model_c_extended_transport,XGBoost,fixed_recalibration_source_selected,uncalibrated,importance_weighted_source_conformal,0.6067708333333334,0.6029079861111111,0.5507161458333333,0.6524088541666666,0.8854166666666666,0.11458333333333333,1.7369791666666667
Pima,model_c_extended_transport,XGBoost,fixed_recalibration_source_selected,uncalibrated,target_only_conformal,0.90625,0.9065625,0.8802083333333334,0.9348958333333334,1.4791666666666667,0.4791666666666667,1.4270833333333333
Pima,model_c_extended_transport,XGBoost,fixed_recalibration_source_selected,uncalibrated,adaptive_transport_conformal,0.6041666666666666,0.600234375,0.5481119791666667,0.6510416666666666,0.875,0.125,1.7291666666666667
Pima,model_c_extended_transport,XGBoost,fixed_recalibration_source_selected,uncalibrated,weighted_target_dominant_atcp,0.90625,0.9065625,0.8802083333333334,0.9348958333333334,1.4765625,0.4765625,1.421875
Pima,model_c_extended_transport,XGBoost,fixed_recalibration_source_selected,uncalibrated,shift_aware_source_trust_atcp,0.90625,0.9065625,0.8802083333333334,0.9348958333333334,1.4765625,0.4765625,1.421875
Pima,model_c_extended_transport,XGBoost,fixed_recalibration_source_selected,uncalibrated,class_conditional_weighted_atcp,0.8958333333333334,0.8938802083333334,0.8645833333333334,0.9232421874999999,1.4973958333333333,0.4973958333333333,1.203125
Pima,model_c_extended_transport,XGBoost,fixed_recalibration_source_selected,uncalibrated,risk_asymmetric_shift_atcp,0.8880208333333334,0.8866840277777779,0.8540364583333333,0.9154296874999999,1.4739583333333333,0.4739583333333333,1.1328125
Pima,model_c_extended_transport,XGBoost,fixed_recalibration_source_selected,uncalibrated,dp_shift_atcp,0.8645833333333334,0.8638020833333333,0.8307291666666666,0.8958333333333334,1.4140625,0.4140625,1.0677083333333333
Pima,model_c_extended_transport,XGBoost,fixed_recalibration_source_selected,uncalibrated,safety_gated_atcp,0.90625,0.9065625,0.8802083333333334,0.9348958333333334,1.4765625,0.4765625,1.421875
Pima,model_c_extended_transport,XGBoost,fixed_recalibration_source_selected,uncalibrated,safety_gated_shift_atcp,0.90625,0.9065625,0.8802083333333334,0.9348958333333334,1.4765625,0.4765625,1.421875
Pima,model_c_extended_transport,XGBoost,fixed_recalibration_source_selected,uncalibrated,multi_objective_safety_gated_atcp,0.90625,0.9065625,0.8802083333333334,0.9348958333333334,1.4765625,0.4765625,1.421875
Pima,model_c_extended_transport,XGBoost,fixed_recalibration_source_selected,uncalibrated,multi_objective_dp_shift_atcp,0.8645833333333334,0.8638020833333333,0.8307291666666666,0.8958333333333334,1.4140625,0.4140625,1.0677083333333333
Pima,model_c_extended_transport,XGBoost,adaptive_calibration_target_selected,isotonic,source_split_conformal,0.8619791666666666,0.8608246527777778,0.8255208333333334,0.8945963541666666,1.3697916666666667,0.3697916666666667,1.2421875
Pima,model_c_extended_transport,XGBoost,adaptive_calibration_target_selected,isotonic,importance_weighted_source_conformal,0.8619791666666666,0.8608246527777778,0.8255208333333334,0.8945963541666666,1.3697916666666667,0.3697916666666667,1.2421875
Pima,model_c_extended_transport,XGBoost,adaptive_calibration_target_selected,isotonic,target_only_conformal,0.9036458333333334,0.9039236111111112,0.8776041666666666,0.9322916666666666,1.4817708333333333,0.4817708333333333,1.4244791666666667
Pima,model_c_extended_transport,XGBoost,adaptive_calibration_target_selected,isotonic,adaptive_transport_conformal,0.8619791666666666,0.8608246527777778,0.8255208333333334,0.8945963541666666,1.3697916666666667,0.3697916666666667,1.2421875
Pima,model_c_extended_transport,XGBoost,adaptive_calibration_target_selected,isotonic,weighted_target_dominant_atcp,0.9036458333333334,0.9039236111111112,0.8776041666666666,0.9322916666666666,1.4817708333333333,0.4817708333333333,1.4244791666666667
Pima,model_c_extended_transport,XGBoost,adaptive_calibration_target_selected,isotonic,shift_aware_source_trust_atcp,0.9036458333333334,0.9039236111111112,0.8776041666666666,0.9322916666666666,1.4817708333333333,0.4817708333333333,1.4244791666666667
Pima,model_c_extended_transport,XGBoost,adaptive_calibration_target_selected,isotonic,class_conditional_weighted_atcp,0.9348958333333334,0.9331076388888888,0.9088541666666666,0.9557291666666666,1.6067708333333333,0.6067708333333334,1.3515625
Pima,model_c_extended_transport,XGBoost,adaptive_calibration_target_selected,isotonic,risk_asymmetric_shift_atcp,0.8984375,0.8968315972222223,0.8645833333333334,0.9244791666666666,1.5052083333333333,0.5052083333333334,1.1848958333333333
Pima,model_c_extended_transport,XGBoost,adaptive_calibration_target_selected,isotonic,dp_shift_atcp,0.8984375,0.8968315972222223,0.8645833333333334,0.9244791666666666,1.5052083333333333,0.5052083333333334,1.1848958333333333
Pima,model_c_extended_transport,XGBoost,adaptive_calibration_target_selected,isotonic,safety_gated_atcp,0.9036458333333334,0.9039236111111112,0.8776041666666666,0.9322916666666666,1.4817708333333333,0.4817708333333333,1.4244791666666667
Pima,model_c_extended_transport,XGBoost,adaptive_calibration_target_selected,isotonic,safety_gated_shift_atcp,0.9036458333333334,0.9039236111111112,0.8776041666666666,0.9322916666666666,1.4817708333333333,0.4817708333333333,1.4244791666666667
Pima,model_c_extended_transport,XGBoost,adaptive_calibration_target_selected,isotonic,multi_objective_safety_gated_atcp,0.9036458333333334,0.9039236111111112,0.8776041666666666,0.9322916666666666,1.4817708333333333,0.4817708333333333,1.4244791666666667
Pima,model_c_extended_transport,XGBoost,adaptive_calibration_target_selected,isotonic,multi_objective_dp_shift_atcp,0.8984375,0.8968315972222223,0.8645833333333334,0.9244791666666666,1.5052083333333333,0.5052083333333334,1.1848958333333333
NHANES,model_c_extended_transport,LightGBM,naive_transfer,uncalibrated,source_split_conformal,0.8708551483420593,0.8711431064572427,0.8534031413612565,0.8913830715532286,0.9921465968586387,0.007853403141361256,0.28097731239092494
NHANES,model_c_extended_transport,LightGBM,naive_transfer,uncalibrated,importance_weighted_source_conformal,0.8726003490401396,0.8728475858057012,0.8551483420593369,0.8926701570680629,0.993891797556719,0.006108202443280977,0.2757417102966841
NHANES,model_c_extended_transport,LightGBM,naive_transfer,uncalibrated,target_only_conformal,0.9075043630017452,0.9074810936591041,0.8922120418848167,0.9245418848167539,1.0541012216404886,0.05410122164048865,0.3193717277486911
NHANES,model_c_extended_transport,LightGBM,naive_transfer,uncalibrated,adaptive_transport_conformal,0.8708551483420593,0.8711431064572427,0.8534031413612565,0.8913830715532286,0.9921465968586387,0.007853403141361256,0.28097731239092494
NHANES,model_c_extended_transport,LightGBM,naive_transfer,uncalibrated,weighted_target_dominant_atcp,0.9075043630017452,0.9074810936591041,0.8922120418848167,0.9245418848167539,1.0541012216404886,0.05410122164048865,0.3193717277486911
NHANES,model_c_extended_transport,LightGBM,naive_transfer,uncalibrated,shift_aware_source_trust_atcp,0.9075043630017452,0.9074810936591041,0.8922120418848167,0.9245418848167539,1.0541012216404886,0.05410122164048865,0.3193717277486911
NHANES,model_c_extended_transport,LightGBM,naive_transfer,uncalibrated,class_conditional_weighted_atcp,0.9066317626527051,0.9064834205933683,0.8909249563699826,0.9227966841186735,1.149214659685864,0.14921465968586387,0.4790575916230366
NHANES,model_c_extended_transport,LightGBM,naive_transfer,uncalibrated,risk_asymmetric_shift_atcp,0.893542757417103,0.8938888888888887,0.8769633507853403,0.9114528795811517,1.1736474694589878,0.1736474694589878,0.5305410122164049
NHANES,model_c_extended_transport,LightGBM,naive_transfer,uncalibrated,dp_shift_atcp,0.9066317626527051,0.9064834205933683,0.8909249563699826,0.9227966841186735,1.149214659685864,0.14921465968586387,0.4790575916230366
NHANES,model_c_extended_transport,LightGBM,naive_transfer,uncalibrated,safety_gated_atcp,0.9075043630017452,0.9074810936591041,0.8922120418848167,0.9245418848167539,1.0541012216404886,0.05410122164048865,0.3193717277486911
NHANES,model_c_extended_transport,LightGBM,naive_transfer,uncalibrated,safety_gated_shift_atcp,0.9075043630017452,0.9074810936591041,0.8922120418848167,0.9245418848167539,1.0541012216404886,0.05410122164048865,0.3193717277486911
NHANES,model_c_extended_transport,LightGBM,naive_transfer,uncalibrated,multi_objective_safety_gated_atcp,0.9075043630017452,0.9074810936591041,0.8922120418848167,0.9245418848167539,1.0541012216404886,0.05410122164048865,0.3193717277486911
NHANES,model_c_extended_transport,LightGBM,naive_transfer,uncalibrated,multi_objective_dp_shift_atcp,0.9066317626527051,0.9064834205933683,0.8909249563699826,0.9227966841186735,1.149214659685864,0.14921465968586387,0.4790575916230366
NHANES,model_c_extended_transport,LightGBM,label_shift_adjusted,label_shift,source_split_conformal,0.8787085514834206,0.8791623036649215,0.8630017452006981,0.8979057591623036,1.0148342059336823,0.014834205933682374,0.2696335078534031
NHANES,model_c_extended_transport,LightGBM,label_shift_adjusted,label_shift,importance_weighted_source_conformal,0.8795811518324608,0.8799476439790574,0.8634162303664921,0.8992364746945898,1.0165794066317626,0.016579406631762654,0.27225130890052357
NHANES,model_c_extended_transport,LightGBM,label_shift_adjusted,label_shift,target_only_conformal,0.9092495636998255,0.9092321116928448,0.893542757417103,0.9258289703315882,1.0698080279232112,0.06980802792321117,0.33856893542757416
NHANES,model_c_extended_transport,LightGBM,label_shift_adjusted,label_shift,adaptive_transport_conformal,0.8795811518324608,0.8799476439790574,0.8634162303664921,0.8992364746945898,1.0157068062827226,0.015706806282722512,0.2705061082024433
NHANES,model_c_extended_transport,LightGBM,label_shift_adjusted,label_shift,weighted_target_dominant_atcp,0.9075043630017452,0.9074490983129726,0.8917539267015707,0.9240837696335078,1.0654450261780104,0.06544502617801047,0.33158813263525305
NHANES,model_c_extended_transport,LightGBM,label_shift_adjusted,label_shift,shift_aware_source_trust_atcp,0.9075043630017452,0.9074490983129726,0.8917539267015707,0.9240837696335078,1.0654450261780104,0.06544502617801047,0.33158813263525305
NHANES,model_c_extended_transport,LightGBM,label_shift_adjusted,label_shift,class_conditional_weighted_atcp,0.9066317626527051,0.9064834205933683,0.8909249563699826,0.9227966841186735,1.149214659685864,0.14921465968586387,0.4790575916230366
NHANES,model_c_extended_transport,LightGBM,label_shift_adjusted,label_shift,risk_asymmetric_shift_atcp,0.893542757417103,0.8938888888888887,0.8769633507853403,0.9114528795811517,1.1736474694589878,0.1736474694589878,0.5305410122164049
NHANES,model_c_extended_transport,LightGBM,label_shift_adjusted,label_shift,dp_shift_atcp,0.9066317626527051,0.9064834205933683,0.8909249563699826,0.9227966841186735,1.149214659685864,0.14921465968586387,0.4790575916230366
NHANES,model_c_extended_transport,LightGBM,label_shift_adjusted,label_shift,safety_gated_atcp,0.9075043630017452,0.9074490983129726,0.8917539267015707,0.9240837696335078,1.0654450261780104,0.06544502617801047,0.33158813263525305
NHANES,model_c_extended_transport,LightGBM,label_shift_adjusted,label_shift,safety_gated_shift_atcp,0.9075043630017452,0.9074490983129726,0.8917539267015707,0.9240837696335078,1.0654450261780104,0.06544502617801047,0.33158813263525305
NHANES,model_c_extended_transport,LightGBM,label_shift_adjusted,label_shift,multi_objective_safety_gated_atcp,0.9075043630017452,0.9074490983129726,0.8917539267015707,0.9240837696335078,1.0654450261780104,0.06544502617801047,0.33158813263525305
NHANES,model_c_extended_transport,LightGBM,label_shift_adjusted,label_shift,multi_objective_dp_shift_atcp,0.9066317626527051,0.9064834205933683,0.8909249563699826,0.9227966841186735,1.149214659685864,0.14921465968586387,0.4790575916230366
NHANES,model_c_extended_transport,LightGBM,fixed_recalibration_source_selected,beta,source_split_conformal,0.8368237347294939,0.8367335660267597,0.8154232111692844,0.8582242582897033,0.8909249563699826,0.10907504363001745,0.5349040139616056
NHANES,model_c_extended_transport,LightGBM,fixed_recalibration_source_selected,beta,importance_weighted_source_conformal,0.8368237347294939,0.8367335660267597,0.8154232111692844,0.8582242582897033,0.8909249563699826,0.10907504363001745,0.5349040139616056
NHANES,model_c_extended_transport,LightGBM,fixed_recalibration_source_selected,beta,target_only_conformal,0.9031413612565445,0.9027196044211752,0.8834860383944153,0.9197207678883071,0.9912739965095986,0.008726003490401396,0.4040139616055846
NHANES,model_c_extended_transport,LightGBM,fixed_recalibration_source_selected,beta,adaptive_transport_conformal,0.8368237347294939,0.8367335660267597,0.8154232111692844,0.8582242582897033,0.8909249563699826,0.10907504363001745,0.5349040139616056
NHANES,model_c_extended_transport,LightGBM,fixed_recalibration_source_selected,beta,weighted_target_dominant_atcp,0.9022687609075044,0.901823734729494,0.8834860383944153,0.9179755671902269,0.9895287958115183,0.010471204188481676,0.4048865619546248
NHANES,model_c_extended_transport,LightGBM,fixed_recalibration_source_selected,beta,shift_aware_source_trust_atcp,0.9022687609075044,0.901823734729494,0.8834860383944153,0.9179755671902269,0.9895287958115183,0.010471204188481676,0.4048865619546248
NHANES,model_c_extended_transport,LightGBM,fixed_recalibration_source_selected,beta,class_conditional_weighted_atcp,0.9066317626527051,0.9064834205933683,0.8909249563699826,0.9227966841186735,1.149214659685864,0.14921465968586387,0.4790575916230366
NHANES,model_c_extended_transport,LightGBM,fixed_recalibration_source_selected,beta,risk_asymmetric_shift_atcp,0.893542757417103,0.8938888888888887,0.8769633507853403,0.9114528795811517,1.1736474694589878,0.1736474694589878,0.5305410122164049
NHANES,model_c_extended_transport,LightGBM,fixed_recalibration_source_selected,beta,dp_shift_atcp,0.8944153577661431,0.8946131471785922,0.8773778359511343,0.912739965095986,1.1352530541012216,0.13525305410122165,0.46335078534031415
NHANES,model_c_extended_transport,LightGBM,fixed_recalibration_source_selected,beta,safety_gated_atcp,0.9022687609075044,0.901823734729494,0.8834860383944153,0.9179755671902269,0.9895287958115183,0.010471204188481676,0.4048865619546248
NHANES,model_c_extended_transport,LightGBM,fixed_recalibration_source_selected,beta,safety_gated_shift_atcp,0.9022687609075044,0.901823734729494,0.8834860383944153,0.9179755671902269,0.9895287958115183,0.010471204188481676,0.4048865619546248
NHANES,model_c_extended_transport,LightGBM,fixed_recalibration_source_selected,beta,multi_objective_safety_gated_atcp,0.9022687609075044,0.901823734729494,0.8834860383944153,0.9179755671902269,0.9895287958115183,0.010471204188481676,0.4048865619546248
NHANES,model_c_extended_transport,LightGBM,fixed_recalibration_source_selected,beta,multi_objective_dp_shift_atcp,0.9031413612565445,0.9027196044211752,0.8834860383944153,0.9197207678883071,0.9912739965095986,0.008726003490401396,0.4040139616055846
NHANES,model_c_extended_transport,LightGBM,adaptive_calibration_target_selected,platt,source_split_conformal,0.8368237347294939,0.8367335660267597,0.8154232111692844,0.8582242582897033,0.8909249563699826,0.10907504363001745,0.5349040139616056
NHANES,model_c_extended_transport,LightGBM,adaptive_calibration_target_selected,platt,importance_weighted_source_conformal,0.8368237347294939,0.8367335660267597,0.8154232111692844,0.8582242582897033,0.8909249563699826,0.10907504363001745,0.5349040139616056
NHANES,model_c_extended_transport,LightGBM,adaptive_calibration_target_selected,platt,target_only_conformal,0.9031413612565445,0.9027196044211752,0.8834860383944153,0.9197207678883071,0.9912739965095986,0.008726003490401396,0.4040139616055846
NHANES,model_c_extended_transport,LightGBM,adaptive_calibration_target_selected,platt,adaptive_transport_conformal,0.8368237347294939,0.8367335660267597,0.8154232111692844,0.8582242582897033,0.8909249563699826,0.10907504363001745,0.5349040139616056
NHANES,model_c_extended_transport,LightGBM,adaptive_calibration_target_selected,platt,weighted_target_dominant_atcp,0.9022687609075044,0.901823734729494,0.8834860383944153,0.9179755671902269,0.9895287958115183,0.010471204188481676,0.4048865619546248
NHANES,model_c_extended_transport,LightGBM,adaptive_calibration_target_selected,platt,shift_aware_source_trust_atcp,0.9022687609075044,0.901823734729494,0.8834860383944153,0.9179755671902269,0.9895287958115183,0.010471204188481676,0.4048865619546248
NHANES,model_c_extended_transport,LightGBM,adaptive_calibration_target_selected,platt,class_conditional_weighted_atcp,0.9066317626527051,0.9064834205933683,0.8909249563699826,0.9227966841186735,1.149214659685864,0.14921465968586387,0.4790575916230366
NHANES,model_c_extended_transport,LightGBM,adaptive_calibration_target_selected,platt,risk_asymmetric_shift_atcp,0.893542757417103,0.8938888888888887,0.8769633507853403,0.9114528795811517,1.1736474694589878,0.1736474694589878,0.5305410122164049
NHANES,model_c_extended_transport,LightGBM,adaptive_calibration_target_selected,platt,dp_shift_atcp,0.9066317626527051,0.9064834205933683,0.8909249563699826,0.9227966841186735,1.149214659685864,0.14921465968586387,0.4790575916230366
NHANES,model_c_extended_transport,LightGBM,adaptive_calibration_target_selected,platt,safety_gated_atcp,0.9022687609075044,0.901823734729494,0.8834860383944153,0.9179755671902269,0.9895287958115183,0.010471204188481676,0.4048865619546248
NHANES,model_c_extended_transport,LightGBM,adaptive_calibration_target_selected,platt,safety_gated_shift_atcp,0.9022687609075044,0.901823734729494,0.8834860383944153,0.9179755671902269,0.9895287958115183,0.010471204188481676,0.4048865619546248
NHANES,model_c_extended_transport,LightGBM,adaptive_calibration_target_selected,platt,multi_objective_safety_gated_atcp,0.9022687609075044,0.901823734729494,0.8834860383944153,0.9179755671902269,0.9895287958115183,0.010471204188481676,0.4048865619546248
NHANES,model_c_extended_transport,LightGBM,adaptive_calibration_target_selected,platt,multi_objective_dp_shift_atcp,0.9066317626527051,0.9064834205933683,0.8909249563699826,0.9227966841186735,1.149214659685864,0.14921465968586387,0.4790575916230366
Pima,model_c_extended_transport,LightGBM,naive_transfer,uncalibrated,source_split_conformal,0.6901041666666666,0.6876649305555557,0.6380208333333334,0.7331380208333332,0.9635416666666666,0.036458333333333336,1.2786458333333333
Pima,model_c_extended_transport,LightGBM,naive_transfer,uncalibrated,importance_weighted_source_conformal,0.6927083333333334,0.6900520833333333,0.6418619791666667,0.734375,0.9765625,0.0234375,1.28125
Pima,model_c_extended_transport,LightGBM,naive_transfer,uncalibrated,target_only_conformal,0.9401041666666666,0.9407204861111108,0.9152994791666667,0.9609375,1.546875,0.546875,1.3932291666666667
Pima,model_c_extended_transport,LightGBM,naive_transfer,uncalibrated,adaptive_transport_conformal,0.6927083333333334,0.6900520833333333,0.6418619791666667,0.734375,0.9765625,0.0234375,1.28125
Pima,model_c_extended_transport,LightGBM,naive_transfer,uncalibrated,weighted_target_dominant_atcp,0.9375,0.9383072916666667,0.9126953125,0.9609375,1.5338541666666667,0.5338541666666666,1.3802083333333333
Pima,model_c_extended_transport,LightGBM,naive_transfer,uncalibrated,shift_aware_source_trust_atcp,0.9375,0.9383072916666667,0.9126953125,0.9609375,1.5338541666666667,0.5338541666666666,1.3802083333333333
Pima,model_c_extended_transport,LightGBM,naive_transfer,uncalibrated,class_conditional_weighted_atcp,0.90625,0.905373263888889,0.875,0.9348958333333334,1.6380208333333333,0.6380208333333334,1.4947916666666667
Pima,model_c_extended_transport,LightGBM,naive_transfer,uncalibrated,risk_asymmetric_shift_atcp,0.90625,0.905451388888889,0.8723958333333334,0.9322916666666666,1.6744791666666667,0.6744791666666666,1.5364583333333333
Pima,model_c_extended_transport,LightGBM,naive_transfer,uncalibrated,dp_shift_atcp,0.8880208333333334,0.887109375,0.8567708333333334,0.9166666666666666,1.5963541666666667,0.5963541666666666,1.4296875
Pima,model_c_extended_transport,LightGBM,naive_transfer,uncalibrated,safety_gated_atcp,0.9375,0.9383072916666667,0.9126953125,0.9609375,1.5338541666666667,0.5338541666666666,1.3802083333333333
Pima,model_c_extended_transport,LightGBM,naive_transfer,uncalibrated,safety_gated_shift_atcp,0.9375,0.9383072916666667,0.9126953125,0.9609375,1.5338541666666667,0.5338541666666666,1.3802083333333333
Pima,model_c_extended_transport,LightGBM,naive_transfer,uncalibrated,multi_objective_safety_gated_atcp,0.9375,0.9383072916666667,0.9126953125,0.9609375,1.5338541666666667,0.5338541666666666,1.3802083333333333
Pima,model_c_extended_transport,LightGBM,naive_transfer,uncalibrated,multi_objective_dp_shift_atcp,0.8880208333333334,0.887109375,0.8567708333333334,0.9166666666666666,1.5963541666666667,0.5963541666666666,1.4296875
Pima,model_c_extended_transport,LightGBM,label_shift_adjusted,label_shift,source_split_conformal,0.875,0.874921875,0.84375,0.9036458333333334,1.3619791666666667,0.3619791666666667,1.0677083333333333
Pima,model_c_extended_transport,LightGBM,label_shift_adjusted,label_shift,importance_weighted_source_conformal,0.8828125,0.882595486111111,0.8489583333333334,0.9114583333333334,1.375,0.375,1.0755208333333333
Pima,model_c_extended_transport,LightGBM,label_shift_adjusted,label_shift,target_only_conformal,0.9270833333333334,0.9279166666666666,0.9036458333333334,0.9518880208333332,1.5130208333333333,0.5130208333333334,1.296875
Pima,model_c_extended_transport,LightGBM,label_shift_adjusted,label_shift,adaptive_transport_conformal,0.8776041666666666,0.877595486111111,0.8463541666666666,0.90625,1.3671875,0.3671875,1.0651041666666667
Pima,model_c_extended_transport,LightGBM,label_shift_adjusted,label_shift,weighted_target_dominant_atcp,0.8984375,0.8985590277777777,0.8697916666666666,0.9296875,1.4192708333333333,0.4192708333333333,1.1484375
Pima,model_c_extended_transport,LightGBM,label_shift_adjusted,label_shift,shift_aware_source_trust_atcp,0.9270833333333334,0.9279166666666666,0.9036458333333334,0.9518880208333332,1.5026041666666667,0.5026041666666666,1.2760416666666667
Pima,model_c_extended_transport,LightGBM,label_shift_adjusted,label_shift,class_conditional_weighted_atcp,0.9036458333333334,0.9028125,0.8736328125,0.9310546874999999,1.5338541666666667,0.5338541666666666,1.2994791666666667
Pima,model_c_extended_transport,LightGBM,label_shift_adjusted,label_shift,risk_asymmetric_shift_atcp,0.90625,0.905451388888889,0.8723958333333334,0.9322916666666666,1.6744791666666667,0.6744791666666666,1.5364583333333333
Pima,model_c_extended_transport,LightGBM,label_shift_adjusted,label_shift,dp_shift_atcp,0.8880208333333334,0.887109375,0.8567708333333334,0.9166666666666666,1.5963541666666667,0.5963541666666666,1.4296875
Pima,model_c_extended_transport,LightGBM,label_shift_adjusted,label_shift,safety_gated_atcp,0.8984375,0.8985590277777777,0.8697916666666666,0.9296875,1.4192708333333333,0.4192708333333333,1.1484375
Pima,model_c_extended_transport,LightGBM,label_shift_adjusted,label_shift,safety_gated_shift_atcp,0.9270833333333334,0.9279166666666666,0.9036458333333334,0.9518880208333332,1.5026041666666667,0.5026041666666666,1.2760416666666667
Pima,model_c_extended_transport,LightGBM,label_shift_adjusted,label_shift,multi_objective_safety_gated_atcp,0.8984375,0.8985590277777777,0.8697916666666666,0.9296875,1.4192708333333333,0.4192708333333333,1.1484375
Pima,model_c_extended_transport,LightGBM,label_shift_adjusted,label_shift,multi_objective_dp_shift_atcp,0.8880208333333334,0.887109375,0.8567708333333334,0.9166666666666666,1.5963541666666667,0.5963541666666666,1.4296875
Pima,model_c_extended_transport,LightGBM,fixed_recalibration_source_selected,beta,source_split_conformal,0.7682291666666666,0.7661458333333333,0.7239583333333334,0.8086588541666666,1.0963541666666667,0.09635416666666667,1.0911458333333333
Pima,model_c_extended_transport,LightGBM,fixed_recalibration_source_selected,beta,importance_weighted_source_conformal,0.7838541666666666,0.7822135416666667,0.7395833333333334,0.8255208333333334,1.1223958333333333,0.12239583333333333,1.0755208333333333
Pima,model_c_extended_transport,LightGBM,fixed_recalibration_source_selected,beta,target_only_conformal,0.9270833333333334,0.9279166666666666,0.9036458333333334,0.9518880208333332,1.5130208333333333,0.5130208333333334,1.296875
Pima,model_c_extended_transport,LightGBM,fixed_recalibration_source_selected,beta,adaptive_transport_conformal,0.7838541666666666,0.7822135416666667,0.7395833333333334,0.8255208333333334,1.1197916666666667,0.11979166666666667,1.0703125
Pima,model_c_extended_transport,LightGBM,fixed_recalibration_source_selected,beta,weighted_target_dominant_atcp,0.8776041666666666,0.8772916666666667,0.8411458333333334,0.9102213541666666,1.3697916666666667,0.3697916666666667,1.1953125
Pima,model_c_extended_transport,LightGBM,fixed_recalibration_source_selected,beta,shift_aware_source_trust_atcp,0.9244791666666666,0.9254079861111112,0.8984375,0.9505208333333334,1.5026041666666667,0.5026041666666666,1.2890625
Pima,model_c_extended_transport,LightGBM,fixed_recalibration_source_selected,beta,class_conditional_weighted_atcp,0.9036458333333334,0.9028125,0.8736328125,0.9310546874999999,1.5338541666666667,0.5338541666666666,1.2994791666666667
Pima,model_c_extended_transport,LightGBM,fixed_recalibration_source_selected,beta,risk_asymmetric_shift_atcp,0.90625,0.905451388888889,0.8723958333333334,0.9322916666666666,1.6744791666666667,0.6744791666666666,1.5364583333333333
Pima,model_c_extended_transport,LightGBM,fixed_recalibration_source_selected,beta,dp_shift_atcp,0.8880208333333334,0.887109375,0.8567708333333334,0.9166666666666666,1.5963541666666667,0.5963541666666666,1.4296875
Pima,model_c_extended_transport,LightGBM,fixed_recalibration_source_selected,beta,safety_gated_atcp,0.8776041666666666,0.8772916666666667,0.8411458333333334,0.9102213541666666,1.3697916666666667,0.3697916666666667,1.1953125
Pima,model_c_extended_transport,LightGBM,fixed_recalibration_source_selected,beta,safety_gated_shift_atcp,0.9244791666666666,0.9254079861111112,0.8984375,0.9505208333333334,1.5026041666666667,0.5026041666666666,1.2890625
Pima,model_c_extended_transport,LightGBM,fixed_recalibration_source_selected,beta,multi_objective_safety_gated_atcp,0.8776041666666666,0.8772916666666667,0.8411458333333334,0.9102213541666666,1.3697916666666667,0.3697916666666667,1.1953125
Pima,model_c_extended_transport,LightGBM,fixed_recalibration_source_selected,beta,multi_objective_dp_shift_atcp,0.8880208333333334,0.887109375,0.8567708333333334,0.9166666666666666,1.5963541666666667,0.5963541666666666,1.4296875
Pima,model_c_extended_transport,LightGBM,adaptive_calibration_target_selected,isotonic,source_split_conformal,0.6979166666666666,0.6952864583333334,0.6496744791666667,0.7395833333333334,1.0,0.0,1.28125
Pima,model_c_extended_transport,LightGBM,adaptive_calibration_target_selected,isotonic,importance_weighted_source_conformal,0.6979166666666666,0.6952864583333334,0.6496744791666667,0.7395833333333334,1.0,0.0,1.28125
Pima,model_c_extended_transport,LightGBM,adaptive_calibration_target_selected,isotonic,target_only_conformal,0.9427083333333334,0.9438454861111112,0.9192708333333334,0.9635416666666666,1.5546875,0.5546875,1.375
Pima,model_c_extended_transport,LightGBM,adaptive_calibration_target_selected,isotonic,adaptive_transport_conformal,0.6979166666666666,0.6952864583333334,0.6496744791666667,0.7395833333333334,1.0,0.0,1.28125
Pima,model_c_extended_transport,LightGBM,adaptive_calibration_target_selected,isotonic,weighted_target_dominant_atcp,0.9427083333333334,0.9438454861111112,0.9192708333333334,0.9635416666666666,1.5546875,0.5546875,1.375
Pima,model_c_extended_transport,LightGBM,adaptive_calibration_target_selected,isotonic,shift_aware_source_trust_atcp,0.9427083333333334,0.9438454861111112,0.9192708333333334,0.9635416666666666,1.5546875,0.5546875,1.375
Pima,model_c_extended_transport,LightGBM,adaptive_calibration_target_selected,isotonic,class_conditional_weighted_atcp,0.9088541666666666,0.9077864583333334,0.8814453125,0.9375,1.5598958333333333,0.5598958333333334,1.3463541666666667
Pima,model_c_extended_transport,LightGBM,adaptive_calibration_target_selected,isotonic,risk_asymmetric_shift_atcp,0.9427083333333334,0.9413020833333333,0.9140625,0.9623046874999999,1.8333333333333333,0.8333333333333334,1.7239583333333333
Pima,model_c_extended_transport,LightGBM,adaptive_calibration_target_selected,isotonic,dp_shift_atcp,0.9114583333333334,0.9105815972222221,0.8854166666666666,0.9375,1.7526041666666667,0.7526041666666666,1.59375
Pima,model_c_extended_transport,LightGBM,adaptive_calibration_target_selected,isotonic,safety_gated_atcp,0.9427083333333334,0.9438454861111112,0.9192708333333334,0.9635416666666666,1.5546875,0.5546875,1.375
Pima,model_c_extended_transport,LightGBM,adaptive_calibration_target_selected,isotonic,safety_gated_shift_atcp,0.9427083333333334,0.9438454861111112,0.9192708333333334,0.9635416666666666,1.5546875,0.5546875,1.375
Pima,model_c_extended_transport,LightGBM,adaptive_calibration_target_selected,isotonic,multi_objective_safety_gated_atcp,0.9427083333333334,0.9438454861111112,0.9192708333333334,0.9635416666666666,1.5546875,0.5546875,1.375
Pima,model_c_extended_transport,LightGBM,adaptive_calibration_target_selected,isotonic,multi_objective_dp_shift_atcp,0.9114583333333334,0.9105815972222221,0.8854166666666666,0.9375,1.7526041666666667,0.7526041666666666,1.59375
NHANES,model_c_extended_transport,CatBoost,naive_transfer,uncalibrated,source_split_conformal,0.8350785340314136,0.8350523560209424,0.81239092495637,0.8568935427574171,0.8900523560209425,0.1099476439790576,0.5418848167539267
NHANES,model_c_extended_transport,CatBoost,naive_transfer,uncalibrated,importance_weighted_source_conformal,0.8350785340314136,0.8350523560209424,0.81239092495637,0.8568935427574171,0.8900523560209425,0.1099476439790576,0.5418848167539267
NHANES,model_c_extended_transport,CatBoost,naive_transfer,uncalibrated,target_only_conformal,0.900523560209424,0.9000610820244327,0.8808682373472949,0.9184336823734729,0.9869109947643979,0.013089005235602094,0.4083769633507853
NHANES,model_c_extended_transport,CatBoost,naive_transfer,uncalibrated,adaptive_transport_conformal,0.8350785340314136,0.8350523560209424,0.81239092495637,0.8568935427574171,0.8900523560209425,0.1099476439790576,0.5418848167539267
NHANES,model_c_extended_transport,CatBoost,naive_transfer,uncalibrated,weighted_target_dominant_atcp,0.900523560209424,0.9000610820244327,0.8808682373472949,0.9184336823734729,0.9869109947643979,0.013089005235602094,0.4083769633507853
NHANES,model_c_extended_transport,CatBoost,naive_transfer,uncalibrated,shift_aware_source_trust_atcp,0.900523560209424,0.9000610820244327,0.8808682373472949,0.9184336823734729,0.9869109947643979,0.013089005235602094,0.4083769633507853
NHANES,model_c_extended_transport,CatBoost,naive_transfer,uncalibrated,class_conditional_weighted_atcp,0.9109947643979057,0.9110267597440372,0.8948298429319371,0.9267015706806283,1.1893542757417104,0.1893542757417103,0.537521815008726
NHANES,model_c_extended_transport,CatBoost,naive_transfer,uncalibrated,risk_asymmetric_shift_atcp,0.9022687609075044,0.9027108784176846,0.8856893542757417,0.9179755671902269,1.2539267015706805,0.25392670157068065,0.6509598603839442
NHANES,model_c_extended_transport,CatBoost,naive_transfer,uncalibrated,dp_shift_atcp,0.9075043630017452,0.9076730657358928,0.8917975567190227,0.9240837696335078,1.1841186736474694,0.18411867364746945,0.5305410122164049
NHANES,model_c_extended_transport,CatBoost,naive_transfer,uncalibrated,safety_gated_atcp,0.900523560209424,0.9000610820244327,0.8808682373472949,0.9184336823734729,0.9869109947643979,0.013089005235602094,0.4083769633507853
NHANES,model_c_extended_transport,CatBoost,naive_transfer,uncalibrated,safety_gated_shift_atcp,0.900523560209424,0.9000610820244327,0.8808682373472949,0.9184336823734729,0.9869109947643979,0.013089005235602094,0.4083769633507853
NHANES,model_c_extended_transport,CatBoost,naive_transfer,uncalibrated,multi_objective_safety_gated_atcp,0.900523560209424,0.9000610820244327,0.8808682373472949,0.9184336823734729,0.9869109947643979,0.013089005235602094,0.4083769633507853
NHANES,model_c_extended_transport,CatBoost,naive_transfer,uncalibrated,multi_objective_dp_shift_atcp,0.9075043630017452,0.9076730657358928,0.8917975567190227,0.9240837696335078,1.1841186736474694,0.18411867364746945,0.5305410122164049
NHANES,model_c_extended_transport,CatBoost,label_shift_adjusted,label_shift,source_split_conformal,0.837696335078534,0.8375858057009888,0.8154232111692844,0.8586387434554974,0.8926701570680629,0.10732984293193717,0.5340314136125655
NHANES,model_c_extended_transport,CatBoost,label_shift_adjusted,label_shift,importance_weighted_source_conformal,0.837696335078534,0.8375858057009888,0.8154232111692844,0.8586387434554974,0.8926701570680629,0.10732984293193717,0.5340314136125655
NHANES,model_c_extended_transport,CatBoost,label_shift_adjusted,label_shift,target_only_conformal,0.9031413612565445,0.9025945317044793,0.8848167539267016,0.919306282722513,1.0052356020942408,0.005235602094240838,0.3551483420593368
NHANES,model_c_extended_transport,CatBoost,label_shift_adjusted,label_shift,adaptive_transport_conformal,0.837696335078534,0.8375858057009888,0.8154232111692844,0.8586387434554974,0.8926701570680629,0.10732984293193717,0.5340314136125655
NHANES,model_c_extended_transport,CatBoost,label_shift_adjusted,label_shift,weighted_target_dominant_atcp,0.9013961605584643,0.9008667830133796,0.8821553228621292,0.9180191972076789,1.0017452006980803,0.0017452006980802793,0.35340314136125656
NHANES,model_c_extended_transport,CatBoost,label_shift_adjusted,label_shift,shift_aware_source_trust_atcp,0.9013961605584643,0.9008667830133796,0.8821553228621292,0.9180191972076789,1.0017452006980803,0.0017452006980802793,0.35340314136125656
NHANES,model_c_extended_transport,CatBoost,label_shift_adjusted,label_shift,class_conditional_weighted_atcp,0.9109947643979057,0.9110267597440372,0.8948298429319371,0.9267015706806283,1.1893542757417104,0.1893542757417103,0.537521815008726
NHANES,model_c_extended_transport,CatBoost,label_shift_adjusted,label_shift,risk_asymmetric_shift_atcp,0.9022687609075044,0.9027108784176846,0.8856893542757417,0.9179755671902269,1.2539267015706805,0.25392670157068065,0.6509598603839442
NHANES,model_c_extended_transport,CatBoost,label_shift_adjusted,label_shift,dp_shift_atcp,0.9075043630017452,0.9076730657358928,0.8917975567190227,0.9240837696335078,1.1841186736474694,0.18411867364746945,0.5305410122164049
NHANES,model_c_extended_transport,CatBoost,label_shift_adjusted,label_shift,safety_gated_atcp,0.9013961605584643,0.9008667830133796,0.8821553228621292,0.9180191972076789,1.0017452006980803,0.0017452006980802793,0.35340314136125656
NHANES,model_c_extended_transport,CatBoost,label_shift_adjusted,label_shift,safety_gated_shift_atcp,0.9013961605584643,0.9008667830133796,0.8821553228621292,0.9180191972076789,1.0017452006980803,0.0017452006980802793,0.35340314136125656
NHANES,model_c_extended_transport,CatBoost,label_shift_adjusted,label_shift,multi_objective_safety_gated_atcp,0.9031413612565445,0.9025945317044793,0.8848167539267016,0.919306282722513,1.0052356020942408,0.005235602094240838,0.3551483420593368
NHANES,model_c_extended_transport,CatBoost,label_shift_adjusted,label_shift,multi_objective_dp_shift_atcp,0.9075043630017452,0.9076730657358928,0.8917975567190227,0.9240837696335078,1.1841186736474694,0.18411867364746945,0.5305410122164049
NHANES,model_c_extended_transport,CatBoost,fixed_recalibration_source_selected,temperature,source_split_conformal,0.8350785340314136,0.8350523560209424,0.81239092495637,0.8568935427574171,0.8900523560209425,0.1099476439790576,0.5418848167539267
NHANES,model_c_extended_transport,CatBoost,fixed_recalibration_source_selected,temperature,importance_weighted_source_conformal,0.8350785340314136,0.8350523560209424,0.81239092495637,0.8568935427574171,0.8900523560209425,0.1099476439790576,0.5418848167539267
NHANES,model_c_extended_transport,CatBoost,fixed_recalibration_source_selected,temperature,target_only_conformal,0.900523560209424,0.9000610820244327,0.8808682373472949,0.9184336823734729,0.9869109947643979,0.013089005235602094,0.4083769633507853
NHANES,model_c_extended_transport,CatBoost,fixed_recalibration_source_selected,temperature,adaptive_transport_conformal,0.8350785340314136,0.8350523560209424,0.81239092495637,0.8568935427574171,0.8900523560209425,0.1099476439790576,0.5418848167539267
NHANES,model_c_extended_transport,CatBoost,fixed_recalibration_source_selected,temperature,weighted_target_dominant_atcp,0.900523560209424,0.9000610820244327,0.8808682373472949,0.9184336823734729,0.9869109947643979,0.013089005235602094,0.4083769633507853
NHANES,model_c_extended_transport,CatBoost,fixed_recalibration_source_selected,temperature,shift_aware_source_trust_atcp,0.900523560209424,0.9000610820244327,0.8808682373472949,0.9184336823734729,0.9869109947643979,0.013089005235602094,0.4083769633507853
NHANES,model_c_extended_transport,CatBoost,fixed_recalibration_source_selected,temperature,class_conditional_weighted_atcp,0.9109947643979057,0.9110267597440372,0.8948298429319371,0.9267015706806283,1.1893542757417104,0.1893542757417103,0.537521815008726
NHANES,model_c_extended_transport,CatBoost,fixed_recalibration_source_selected,temperature,risk_asymmetric_shift_atcp,0.9022687609075044,0.9027108784176846,0.8856893542757417,0.9179755671902269,1.2539267015706805,0.25392670157068065,0.6509598603839442
NHANES,model_c_extended_transport,CatBoost,fixed_recalibration_source_selected,temperature,dp_shift_atcp,0.9075043630017452,0.9076730657358928,0.8917975567190227,0.9240837696335078,1.1841186736474694,0.18411867364746945,0.5305410122164049
NHANES,model_c_extended_transport,CatBoost,fixed_recalibration_source_selected,temperature,safety_gated_atcp,0.900523560209424,0.9000610820244327,0.8808682373472949,0.9184336823734729,0.9869109947643979,0.013089005235602094,0.4083769633507853
NHANES,model_c_extended_transport,CatBoost,fixed_recalibration_source_selected,temperature,safety_gated_shift_atcp,0.900523560209424,0.9000610820244327,0.8808682373472949,0.9184336823734729,0.9869109947643979,0.013089005235602094,0.4083769633507853
NHANES,model_c_extended_transport,CatBoost,fixed_recalibration_source_selected,temperature,multi_objective_safety_gated_atcp,0.900523560209424,0.9000610820244327,0.8808682373472949,0.9184336823734729,0.9869109947643979,0.013089005235602094,0.4083769633507853
NHANES,model_c_extended_transport,CatBoost,fixed_recalibration_source_selected,temperature,multi_objective_dp_shift_atcp,0.9075043630017452,0.9076730657358928,0.8917975567190227,0.9240837696335078,1.1841186736474694,0.18411867364746945,0.5305410122164049
NHANES,model_c_extended_transport,CatBoost,adaptive_calibration_target_selected,platt,source_split_conformal,0.8289703315881326,0.828650378126818,0.8075698080279231,0.8508289703315881,0.8804537521815009,0.11954624781849912,0.5671902268760908
NHANES,model_c_extended_transport,CatBoost,adaptive_calibration_target_selected,platt,importance_weighted_source_conformal,0.8333333333333334,0.8330366492146596,0.8110602094240837,0.8542757417102966,0.8848167539267016,0.11518324607329843,0.5541012216404887
NHANES,model_c_extended_transport,CatBoost,adaptive_calibration_target_selected,platt,target_only_conformal,0.900523560209424,0.9002821407795231,0.8804101221640489,0.9179755671902269,0.9895287958115183,0.010471204188481676,0.4205933682373473
NHANES,model_c_extended_transport,CatBoost,adaptive_calibration_target_selected,platt,adaptive_transport_conformal,0.8315881326352531,0.8312739965095985,0.8093150087260035,0.8529886561954624,0.8830715532286213,0.1169284467713787,0.5593368237347295
NHANES,model_c_extended_transport,CatBoost,adaptive_calibration_target_selected,platt,weighted_target_dominant_atcp,0.900523560209424,0.9002821407795231,0.8804101221640489,0.9179755671902269,0.987783595113438,0.012216404886561954,0.41710296684118675
NHANES,model_c_extended_transport,CatBoost,adaptive_calibration_target_selected,platt,shift_aware_source_trust_atcp,0.900523560209424,0.9002821407795231,0.8804101221640489,0.9179755671902269,0.987783595113438,0.012216404886561954,0.41710296684118675
NHANES,model_c_extended_transport,CatBoost,adaptive_calibration_target_selected,platt,class_conditional_weighted_atcp,0.9109947643979057,0.9110267597440372,0.8948298429319371,0.9267015706806283,1.1893542757417104,0.1893542757417103,0.537521815008726
NHANES,model_c_extended_transport,CatBoost,adaptive_calibration_target_selected,platt,risk_asymmetric_shift_atcp,0.9022687609075044,0.9027108784176846,0.8856893542757417,0.9179755671902269,1.2539267015706805,0.25392670157068065,0.6509598603839442
NHANES,model_c_extended_transport,CatBoost,adaptive_calibration_target_selected,platt,dp_shift_atcp,0.9075043630017452,0.9076730657358928,0.8917975567190227,0.9240837696335078,1.1841186736474694,0.18411867364746945,0.5305410122164049
NHANES,model_c_extended_transport,CatBoost,adaptive_calibration_target_selected,platt,safety_gated_atcp,0.900523560209424,0.9002821407795231,0.8804101221640489,0.9179755671902269,0.987783595113438,0.012216404886561954,0.41710296684118675
NHANES,model_c_extended_transport,CatBoost,adaptive_calibration_target_selected,platt,safety_gated_shift_atcp,0.900523560209424,0.9002821407795231,0.8804101221640489,0.9179755671902269,0.987783595113438,0.012216404886561954,0.41710296684118675
NHANES,model_c_extended_transport,CatBoost,adaptive_calibration_target_selected,platt,multi_objective_safety_gated_atcp,0.900523560209424,0.9002821407795231,0.8804101221640489,0.9179755671902269,0.987783595113438,0.012216404886561954,0.41710296684118675
NHANES,model_c_extended_transport,CatBoost,adaptive_calibration_target_selected,platt,multi_objective_dp_shift_atcp,0.9075043630017452,0.9076730657358928,0.8917975567190227,0.9240837696335078,1.1841186736474694,0.18411867364746945,0.5305410122164049
Pima,model_c_extended_transport,CatBoost,naive_transfer,uncalibrated,source_split_conformal,0.5911458333333334,0.5879166666666666,0.5350911458333333,0.6380208333333334,0.84375,0.15625,1.7317708333333333
Pima,model_c_extended_transport,CatBoost,naive_transfer,uncalibrated,importance_weighted_source_conformal,0.59375,0.590703125,0.5402994791666667,0.640625,0.8567708333333334,0.14322916666666666,1.7447916666666667
Pima,model_c_extended_transport,CatBoost,naive_transfer,uncalibrated,target_only_conformal,0.9401041666666666,0.9402951388888887,0.9152994791666667,0.9609375,1.4921875,0.4921875,1.2838541666666667
Pima,model_c_extended_transport,CatBoost,naive_transfer,uncalibrated,adaptive_transport_conformal,0.59375,0.590703125,0.5402994791666667,0.640625,0.8567708333333334,0.14322916666666666,1.7447916666666667
Pima,model_c_extended_transport,CatBoost,naive_transfer,uncalibrated,weighted_target_dominant_atcp,0.9348958333333334,0.934921875,0.90625,0.9583333333333334,1.4791666666666667,0.4791666666666667,1.2838541666666667
Pima,model_c_extended_transport,CatBoost,naive_transfer,uncalibrated,shift_aware_source_trust_atcp,0.9348958333333334,0.934921875,0.90625,0.9583333333333334,1.4791666666666667,0.4791666666666667,1.2838541666666667
Pima,model_c_extended_transport,CatBoost,naive_transfer,uncalibrated,class_conditional_weighted_atcp,0.8854166666666666,0.8840711805555557,0.8567708333333334,0.9154296874999999,1.4635416666666667,0.4635416666666667,1.1354166666666667
Pima,model_c_extended_transport,CatBoost,naive_transfer,uncalibrated,risk_asymmetric_shift_atcp,0.8854166666666666,0.8840451388888889,0.8541666666666666,0.9166666666666666,1.484375,0.484375,1.1458333333333333
Pima,model_c_extended_transport,CatBoost,naive_transfer,uncalibrated,dp_shift_atcp,0.875,0.8737586805555554,0.84375,0.9050130208333332,1.4375,0.4375,1.09375
Pima,model_c_extended_transport,CatBoost,naive_transfer,uncalibrated,safety_gated_atcp,0.9348958333333334,0.934921875,0.90625,0.9583333333333334,1.4791666666666667,0.4791666666666667,1.2838541666666667
Pima,model_c_extended_transport,CatBoost,naive_transfer,uncalibrated,safety_gated_shift_atcp,0.9348958333333334,0.934921875,0.90625,0.9583333333333334,1.4791666666666667,0.4791666666666667,1.2838541666666667
Pima,model_c_extended_transport,CatBoost,naive_transfer,uncalibrated,multi_objective_safety_gated_atcp,0.9401041666666666,0.9402951388888887,0.9152994791666667,0.9609375,1.4921875,0.4921875,1.2838541666666667
Pima,model_c_extended_transport,CatBoost,naive_transfer,uncalibrated,multi_objective_dp_shift_atcp,0.875,0.8737586805555554,0.84375,0.9050130208333332,1.4375,0.4375,1.09375
Pima,model_c_extended_transport,CatBoost,label_shift_adjusted,label_shift,source_split_conformal,0.6145833333333334,0.6119444444444444,0.5625,0.6628255208333332,0.875,0.125,1.5833333333333333
Pima,model_c_extended_transport,CatBoost,label_shift_adjusted,label_shift,importance_weighted_source_conformal,0.625,0.6222222222222222,0.5741536458333333,0.6744791666666666,0.8932291666666666,0.10677083333333333,1.5677083333333333
Pima,model_c_extended_transport,CatBoost,label_shift_adjusted,label_shift,target_only_conformal,0.9401041666666666,0.9402951388888887,0.9152994791666667,0.9609375,1.4921875,0.4921875,1.2838541666666667
Pima,model_c_extended_transport,CatBoost,label_shift_adjusted,label_shift,adaptive_transport_conformal,0.625,0.6222222222222222,0.5741536458333333,0.6744791666666666,0.8932291666666666,0.10677083333333333,1.5677083333333333
Pima,model_c_extended_transport,CatBoost,label_shift_adjusted,label_shift,weighted_target_dominant_atcp,0.9348958333333334,0.934921875,0.90625,0.9583333333333334,1.4791666666666667,0.4791666666666667,1.2838541666666667
Pima,model_c_extended_transport,CatBoost,label_shift_adjusted,label_shift,shift_aware_source_trust_atcp,0.9348958333333334,0.934921875,0.90625,0.9583333333333334,1.4791666666666667,0.4791666666666667,1.2838541666666667
Pima,model_c_extended_transport,CatBoost,label_shift_adjusted,label_shift,class_conditional_weighted_atcp,0.8854166666666666,0.8840711805555557,0.8567708333333334,0.9154296874999999,1.4635416666666667,0.4635416666666667,1.1354166666666667
Pima,model_c_extended_transport,CatBoost,label_shift_adjusted,label_shift,risk_asymmetric_shift_atcp,0.8854166666666666,0.8840451388888889,0.8541666666666666,0.9166666666666666,1.484375,0.484375,1.1458333333333333
Pima,model_c_extended_transport,CatBoost,label_shift_adjusted,label_shift,dp_shift_atcp,0.875,0.8737586805555554,0.84375,0.9050130208333332,1.4375,0.4375,1.09375
Pima,model_c_extended_transport,CatBoost,label_shift_adjusted,label_shift,safety_gated_atcp,0.9348958333333334,0.934921875,0.90625,0.9583333333333334,1.4791666666666667,0.4791666666666667,1.2838541666666667
Pima,model_c_extended_transport,CatBoost,label_shift_adjusted,label_shift,safety_gated_shift_atcp,0.9348958333333334,0.934921875,0.90625,0.9583333333333334,1.4791666666666667,0.4791666666666667,1.2838541666666667
Pima,model_c_extended_transport,CatBoost,label_shift_adjusted,label_shift,multi_objective_safety_gated_atcp,0.9401041666666666,0.9402951388888887,0.9152994791666667,0.9609375,1.4921875,0.4921875,1.2838541666666667
Pima,model_c_extended_transport,CatBoost,label_shift_adjusted,label_shift,multi_objective_dp_shift_atcp,0.875,0.8737586805555554,0.84375,0.9050130208333332,1.4375,0.4375,1.09375
Pima,model_c_extended_transport,CatBoost,fixed_recalibration_source_selected,temperature,source_split_conformal,0.5911458333333334,0.5879166666666666,0.5350911458333333,0.6380208333333334,0.84375,0.15625,1.7317708333333333
Pima,model_c_extended_transport,CatBoost,fixed_recalibration_source_selected,temperature,importance_weighted_source_conformal,0.59375,0.590703125,0.5402994791666667,0.640625,0.8567708333333334,0.14322916666666666,1.7447916666666667
Pima,model_c_extended_transport,CatBoost,fixed_recalibration_source_selected,temperature,target_only_conformal,0.9401041666666666,0.9402951388888887,0.9152994791666667,0.9609375,1.4921875,0.4921875,1.2838541666666667
Pima,model_c_extended_transport,CatBoost,fixed_recalibration_source_selected,temperature,adaptive_transport_conformal,0.59375,0.590703125,0.5402994791666667,0.640625,0.8567708333333334,0.14322916666666666,1.7447916666666667
Pima,model_c_extended_transport,CatBoost,fixed_recalibration_source_selected,temperature,weighted_target_dominant_atcp,0.9348958333333334,0.934921875,0.90625,0.9583333333333334,1.4791666666666667,0.4791666666666667,1.2838541666666667
Pima,model_c_extended_transport,CatBoost,fixed_recalibration_source_selected,temperature,shift_aware_source_trust_atcp,0.9348958333333334,0.934921875,0.90625,0.9583333333333334,1.4791666666666667,0.4791666666666667,1.2838541666666667
Pima,model_c_extended_transport,CatBoost,fixed_recalibration_source_selected,temperature,class_conditional_weighted_atcp,0.8854166666666666,0.8840711805555557,0.8567708333333334,0.9154296874999999,1.4635416666666667,0.4635416666666667,1.1354166666666667
Pima,model_c_extended_transport,CatBoost,fixed_recalibration_source_selected,temperature,risk_asymmetric_shift_atcp,0.8854166666666666,0.8840451388888889,0.8541666666666666,0.9166666666666666,1.484375,0.484375,1.1458333333333333
Pima,model_c_extended_transport,CatBoost,fixed_recalibration_source_selected,temperature,dp_shift_atcp,0.875,0.8737586805555554,0.84375,0.9050130208333332,1.4375,0.4375,1.09375
Pima,model_c_extended_transport,CatBoost,fixed_recalibration_source_selected,temperature,safety_gated_atcp,0.9348958333333334,0.934921875,0.90625,0.9583333333333334,1.4791666666666667,0.4791666666666667,1.2838541666666667
Pima,model_c_extended_transport,CatBoost,fixed_recalibration_source_selected,temperature,safety_gated_shift_atcp,0.9348958333333334,0.934921875,0.90625,0.9583333333333334,1.4791666666666667,0.4791666666666667,1.2838541666666667
Pima,model_c_extended_transport,CatBoost,fixed_recalibration_source_selected,temperature,multi_objective_safety_gated_atcp,0.9401041666666666,0.9402951388888887,0.9152994791666667,0.9609375,1.4921875,0.4921875,1.2838541666666667
Pima,model_c_extended_transport,CatBoost,fixed_recalibration_source_selected,temperature,multi_objective_dp_shift_atcp,0.875,0.8737586805555554,0.84375,0.9050130208333332,1.4375,0.4375,1.09375
Pima,model_c_extended_transport,CatBoost,adaptive_calibration_target_selected,platt,source_split_conformal,0.8203125,0.8187239583333333,0.7811197916666667,0.8567708333333334,1.2083333333333333,0.20833333333333334,0.9505208333333334
Pima,model_c_extended_transport,CatBoost,adaptive_calibration_target_selected,platt,importance_weighted_source_conformal,0.828125,0.8265972222222221,0.7890625,0.8633463541666666,1.2317708333333333,0.23177083333333334,0.9791666666666666
Pima,model_c_extended_transport,CatBoost,adaptive_calibration_target_selected,platt,target_only_conformal,0.9296875,0.930217013888889,0.9036458333333334,0.9518880208333332,1.5104166666666667,0.5104166666666666,1.2786458333333333
Pima,model_c_extended_transport,CatBoost,adaptive_calibration_target_selected,platt,adaptive_transport_conformal,0.8229166666666666,0.8213802083333334,0.7824869791666667,0.8607421874999999,1.2239583333333333,0.22395833333333334,0.96875
Pima,model_c_extended_transport,CatBoost,adaptive_calibration_target_selected,platt,weighted_target_dominant_atcp,0.9296875,0.930217013888889,0.9036458333333334,0.9518880208333332,1.5078125,0.5078125,1.2734375
Pima,model_c_extended_transport,CatBoost,adaptive_calibration_target_selected,platt,shift_aware_source_trust_atcp,0.9296875,0.930217013888889,0.9036458333333334,0.9518880208333332,1.5078125,0.5078125,1.2734375
Pima,model_c_extended_transport,CatBoost,adaptive_calibration_target_selected,platt,class_conditional_weighted_atcp,0.8854166666666666,0.8840711805555557,0.8567708333333334,0.9154296874999999,1.4635416666666667,0.4635416666666667,1.1354166666666667
Pima,model_c_extended_transport,CatBoost,adaptive_calibration_target_selected,platt,risk_asymmetric_shift_atcp,0.8854166666666666,0.8840451388888889,0.8541666666666666,0.9166666666666666,1.484375,0.484375,1.1458333333333333
Pima,model_c_extended_transport,CatBoost,adaptive_calibration_target_selected,platt,dp_shift_atcp,0.875,0.8737586805555554,0.84375,0.9050130208333332,1.4375,0.4375,1.09375
Pima,model_c_extended_transport,CatBoost,adaptive_calibration_target_selected,platt,safety_gated_atcp,0.9296875,0.930217013888889,0.9036458333333334,0.9518880208333332,1.5078125,0.5078125,1.2734375
Pima,model_c_extended_transport,CatBoost,adaptive_calibration_target_selected,platt,safety_gated_shift_atcp,0.9296875,0.930217013888889,0.9036458333333334,0.9518880208333332,1.5078125,0.5078125,1.2734375
Pima,model_c_extended_transport,CatBoost,adaptive_calibration_target_selected,platt,multi_objective_safety_gated_atcp,0.9296875,0.930217013888889,0.9036458333333334,0.9518880208333332,1.5104166666666667,0.5104166666666666,1.2786458333333333
Pima,model_c_extended_transport,CatBoost,adaptive_calibration_target_selected,platt,multi_objective_dp_shift_atcp,0.875,0.8737586805555554,0.84375,0.9050130208333332,1.4375,0.4375,1.09375
