dataset,n,class_0,class_1,diabetes_prevalence_percent,mean_age,mean_bmi
Kaggle,96128,87646,8482,8.823651797603196,41.796617426764314,27.321450253828232
NHANES,2291,1888,403,17.590571802706243,51.41073766914011,29.73854212134439
Pima,768,500,268,34.89583333333333,33.240885416666664,32.457463672391015
